date,strategy,ts_code,name,rank,bucket,ref_close
20260706,rps,688146.SH,中船特气,1,1-10,302.8
20260706,rps,603823.SH,百合花,2,1-10,65.86
20260706,rps,688549.SH,中巨芯,3,1-10,32.39
20260706,rps,920725.BJ,惠丰钻石,4,1-10,110.09
20260706,rps,688260.SH,昀冢科技,5,1-10,95.32
20260706,rps,300489.SZ,光智科技,6,1-10,261.66
20260706,rps,688669.SH,聚石化学,7,1-10,89.76
20260706,rps,920699.BJ,海达尔,8,1-10,125.65
20260706,rps,003036.SZ,泰坦股份,9,1-10,81.4
20260706,rps,301217.SZ,铜冠铜箔,10,1-10,144.17
20260706,rps,301526.SZ,国际复材,11,11-30,40.66
20260706,rps,600353.SH,旭光电子,12,11-30,45.2
20260706,rps,301319.SZ,唯特偶,13,11-30,140.07
20260706,rps,920438.BJ,戈碧迦,14,11-30,133.0
20260706,rps,688766.SH,普冉股份,15,11-30,759.99
20260706,rps,600667.SH,太极实业,16,11-30,27.41
20260706,rps,002484.SZ,江海股份,17,11-30,96.41
20260706,rps,002552.SZ,宝鼎科技,18,11-30,58.84
20260706,rps,000811.SZ,冰轮环境,19,11-30,53.63
20260706,rps,000636.SZ,风华高科,20,11-30,58.5
20260706,rps,688141.SH,杰华特,21,11-30,168.26
20260706,rps,603186.SH,华正新材,22,11-30,186.53
20260706,rps,688432.SH,有研硅,23,11-30,38.45
20260706,rps,688409.SH,富创精密,24,11-30,246.98
20260706,rps,300285.SZ,国瓷材料,25,11-30,88.1
20260706,rps,300420.SZ,五洋自控,26,11-30,9.08
20260706,rps,300903.SZ,科翔股份,27,11-30,93.65
20260706,rps,688347.SH,华虹宏力,28,11-30,309.68
20260706,rps,603078.SH,江化微,29,11-30,57.7
20260706,rps,688082.SH,盛美上海,30,11-30,373.0
20260706,rps,301588.SZ,美新科技,31,31-50,52.8
20260706,rps,301013.SZ,利和兴,32,31-50,57.33
20260706,rps,002636.SZ,金安国纪,33,31-50,96.79
20260706,rps,688530.SH,欧莱新材,34,31-50,80.58
20260706,rps,603989.SH,艾华集团,35,31-50,44.17
20260706,rps,688233.SH,神工股份,36,31-50,180.55
20260706,rps,688662.SH,富信科技,37,31-50,122.65
20260706,rps,003004.SZ,声迅股份,38,31-50,72.68
20260706,rps,688200.SH,华峰测控,39,31-50,443.4
20260706,rps,688519.SH,南亚新材,40,31-50,340.12
20260706,rps,688596.SH,正帆科技,41,31-50,71.0
20260706,rps,300843.SZ,胜蓝股份,42,31-50,150.36
20260706,rps,688507.SH,索辰科技,43,31-50,212.0
20260706,rps,300671.SZ,富满微,44,31-50,102.32
20260706,rps,688143.SH,长盈通,45,31-50,151.3
20260706,rps,301045.SZ,天禄科技,46,31-50,92.81
20260706,rps,688689.SH,银河微电,47,31-50,80.75
20260706,rps,688403.SH,汇成股份,48,31-50,35.95
20260706,rps,301511.SZ,德福科技,49,31-50,132.3
20260706,rps,002747.SZ,埃斯顿,50,31-50,46.03
20260706,rps,603678.SH,火炬电子,51,51+,76.93
20260706,rps,600584.SH,长电科技,52,51+,95.09
20260706,rps,300721.SZ,怡达股份,53,51+,31.05
20260706,rps,300408.SZ,三环集团,54,51+,141.73
20260706,rps,300716.SZ,*ST泉为,55,51+,29.09
20260706,rps,688362.SH,甬矽电子,56,51+,95.93
20260706,rps,301377.SZ,鼎泰高科,57,51+,486.0
20260706,rps,603986.SH,兆易创新,58,51+,654.29
20260706,rps,600183.SH,生益科技,59,51+,154.27
20260706,rps,002409.SZ,雅克科技,60,51+,186.45
20260707,rps,688146.SH,中船特气,1,1-10,315.99
20260707,rps,603823.SH,百合花,2,1-10,72.45
20260707,rps,920725.BJ,惠丰钻石,3,1-10,116.6
20260707,rps,688549.SH,中巨芯,4,1-10,33.2
20260707,rps,688669.SH,聚石化学,5,1-10,87.0
20260707,rps,688260.SH,昀冢科技,6,1-10,93.36
20260707,rps,688432.SH,有研硅,7,1-10,46.14
20260707,rps,003036.SZ,泰坦股份,8,1-10,84.64
20260707,rps,300489.SZ,光智科技,9,1-10,262.52
20260707,rps,301526.SZ,国际复材,10,1-10,40.3
20260707,rps,920438.BJ,戈碧迦,11,11-30,143.6
20260707,rps,301217.SZ,铜冠铜箔,12,11-30,144.82
20260707,rps,920699.BJ,海达尔,13,11-30,117.99
20260707,rps,000636.SZ,风华高科,14,11-30,61.26
20260707,rps,301319.SZ,唯特偶,15,11-30,133.55
20260707,rps,688766.SH,普冉股份,16,11-30,710.0
20260707,rps,600667.SH,太极实业,17,11-30,26.32
20260707,rps,002552.SZ,宝鼎科技,18,11-30,56.61
20260707,rps,002484.SZ,江海股份,19,11-30,88.53
20260707,rps,603065.SH,宿迁联盛,20,11-30,20.25
20260707,rps,003004.SZ,声迅股份,21,11-30,79.95
20260707,rps,603186.SH,华正新材,22,11-30,185.06
20260707,rps,688347.SH,华虹宏力,23,11-30,324.0
20260707,rps,300420.SZ,五洋自控,24,11-30,9.25
20260707,rps,600353.SH,旭光电子,25,11-30,40.68
20260707,rps,688409.SH,富创精密,26,11-30,254.72
20260707,rps,688082.SH,盛美上海,27,11-30,396.5
20260707,rps,300985.SZ,致远新能,28,11-30,56.47
20260707,rps,688596.SH,正帆科技,29,11-30,78.5
20260707,rps,301045.SZ,天禄科技,30,11-30,99.2
20260707,rps,300285.SZ,国瓷材料,31,31-50,87.55
20260707,rps,301013.SZ,利和兴,32,31-50,59.77
20260707,rps,000811.SZ,冰轮环境,33,31-50,52.6
20260707,rps,688141.SH,杰华特,34,31-50,162.92
20260707,rps,002747.SZ,埃斯顿,35,31-50,49.0
20260707,rps,688200.SH,华峰测控,36,31-50,463.28
20260707,rps,600584.SH,长电科技,37,31-50,100.99
20260707,rps,603078.SH,江化微,38,31-50,52.97
20260707,rps,301588.SZ,美新科技,39,31-50,52.64
20260707,rps,688507.SH,索辰科技,40,31-50,213.58
20260707,rps,688233.SH,神工股份,41,31-50,182.0
20260707,rps,002636.SZ,金安国纪,42,31-50,100.03
20260707,rps,600172.SH,黄河旋风,43,31-50,18.36
20260707,rps,603608.SH,天创时尚,44,31-50,28.55
20260707,rps,603989.SH,艾华集团,45,31-50,42.52
20260707,rps,688362.SH,甬矽电子,46,31-50,102.54
20260707,rps,688519.SH,南亚新材,47,31-50,338.0
20260707,rps,688017.SH,绿的谐波,48,31-50,465.07
20260707,rps,300408.SZ,三环集团,49,31-50,140.0
20260707,rps,688403.SH,汇成股份,50,31-50,36.8
20260707,rps,600206.SH,有研新材,51,51+,55.98
20260707,rps,300671.SZ,富满微,52,51+,97.15
20260707,rps,688147.SH,微导纳米,53,51+,142.2
20260707,rps,301307.SZ,美利信,54,51+,89.17
20260707,rps,688361.SH,中科飞测,55,51+,356.6
20260707,rps,301377.SZ,鼎泰高科,56,51+,488.89
20260707,rps,605111.SH,新洁能,57,51+,79.74
20260707,rps,002409.SZ,雅克科技,58,51+,185.82
20260707,rps,688530.SH,欧莱新材,59,51+,82.03
20260707,rps,688545.SH,兴福电子,60,51+,107.79
20260708,rps,688146.SH,中船特气,1,1-10,331.0
20260708,rps,603823.SH,百合花,2,1-10,69.79
20260708,rps,920438.BJ,戈碧迦,3,1-10,149.05
20260708,rps,688549.SH,中巨芯,4,1-10,33.13
20260708,rps,920725.BJ,惠丰钻石,5,1-10,101.0
20260708,rps,920699.BJ,海达尔,6,1-10,135.0
20260708,rps,688669.SH,聚石化学,7,1-10,85.41
20260708,rps,300489.SZ,光智科技,8,1-10,267.88
20260708,rps,688260.SH,昀冢科技,9,1-10,95.25
20260708,rps,688432.SH,有研硅,10,1-10,44.81
20260708,rps,688347.SH,华虹宏力,11,11-30,358.4
20260708,rps,603065.SH,宿迁联盛,12,11-30,21.91
20260708,rps,301217.SZ,铜冠铜箔,13,11-30,134.0
20260708,rps,000636.SZ,风华高科,14,11-30,60.7
20260708,rps,002552.SZ,宝鼎科技,15,11-30,58.67
20260708,rps,688082.SH,盛美上海,16,11-30,415.0
20260708,rps,688766.SH,普冉股份,17,11-30,694.0
20260708,rps,688409.SH,富创精密,18,11-30,265.2
20260708,rps,003036.SZ,泰坦股份,19,11-30,78.71
20260708,rps,301013.SZ,利和兴,20,11-30,62.8
20260708,rps,603186.SH,华正新材,21,11-30,177.85
20260708,rps,003004.SZ,声迅股份,22,11-30,80.33
20260708,rps,301526.SZ,国际复材,23,11-30,37.16
20260708,rps,688141.SH,杰华特,24,11-30,177.0
20260708,rps,688361.SH,中科飞测,25,11-30,408.0
20260708,rps,002484.SZ,江海股份,26,11-30,83.68
20260708,rps,600667.SH,太极实业,27,11-30,23.88
20260708,rps,688200.SH,华峰测控,28,11-30,498.76
20260708,rps,301319.SZ,唯特偶,29,11-30,127.46
20260708,rps,300420.SZ,五洋自控,30,11-30,8.6
20260708,rps,688596.SH,正帆科技,31,31-50,75.68
20260708,rps,301045.SZ,天禄科技,32,31-50,91.4
20260708,rps,300567.SZ,精测电子,33,31-50,297.1
20260708,rps,688120.SH,华海清科,34,31-50,295.0
20260708,rps,000811.SZ,冰轮环境,35,31-50,50.1
20260708,rps,688037.SH,芯源微,36,31-50,406.0
20260708,rps,688530.SH,欧莱新材,37,31-50,81.25
20260708,rps,300985.SZ,致远新能,38,31-50,49.77
20260708,rps,300285.SZ,国瓷材料,39,31-50,78.49
20260708,rps,600353.SH,旭光电子,40,31-50,37.16
20260708,rps,688147.SH,微导纳米,41,31-50,141.5
20260708,rps,688519.SH,南亚新材,42,31-50,319.5
20260708,rps,002636.SZ,金安国纪,43,31-50,93.71
20260708,rps,688545.SH,兴福电子,44,31-50,111.21
20260708,rps,688507.SH,索辰科技,45,31-50,204.5
20260708,rps,300666.SZ,江丰电子,46,31-50,333.86
20260708,rps,002409.SZ,雅克科技,47,31-50,190.0
20260708,rps,688233.SH,神工股份,48,31-50,174.8
20260708,rps,300843.SZ,胜蓝股份,49,31-50,147.4
20260708,rps,688662.SH,富信科技,50,31-50,112.7
20260708,rps,688362.SH,甬矽电子,51,51+,98.0
20260708,rps,688627.SH,精智达,52,51+,588.0
20260708,rps,688403.SH,汇成股份,53,51+,34.65
20260708,rps,301377.SZ,鼎泰高科,54,51+,473.08
20260708,rps,600584.SH,长电科技,55,51+,94.11
20260708,rps,002747.SZ,埃斯顿,56,51+,44.1
20260708,rps,002674.SZ,兴业科技,57,51+,29.15
20260708,rps,688652.SH,京仪装备,58,51+,223.51
20260708,rps,301321.SZ,翰博高新,59,51+,49.81
20260708,rps,600206.SH,有研新材,60,51+,53.98
20260709,rps,688146.SH,中船特气,1,1-10,363.6
20260709,rps,603823.SH,百合花,2,1-10,69.12
20260709,rps,920438.BJ,戈碧迦,3,1-10,156.87
20260709,rps,688549.SH,中巨芯,4,1-10,35.38
20260709,rps,688432.SH,有研硅,5,1-10,53.77
20260709,rps,920725.BJ,惠丰钻石,6,1-10,107.16
20260709,rps,688669.SH,聚石化学,7,1-10,92.0
20260709,rps,688260.SH,昀冢科技,8,1-10,100.26
20260709,rps,920699.BJ,海达尔,9,1-10,139.0
20260709,rps,002552.SZ,宝鼎科技,10,1-10,64.54
20260709,rps,301217.SZ,铜冠铜箔,11,11-30,139.68
20260709,rps,688766.SH,普冉股份,12,11-30,762.07
20260709,rps,688347.SH,华虹宏力,13,11-30,400.5
20260709,rps,000636.SZ,风华高科,14,11-30,64.55
20260709,rps,688409.SH,富创精密,15,11-30,286.66
20260709,rps,688082.SH,盛美上海,16,11-30,432.6
20260709,rps,600667.SH,太极实业,17,11-30,26.27
20260709,rps,688361.SH,中科飞测,18,11-30,446.5
20260709,rps,002484.SZ,江海股份,19,11-30,90.54
20260709,rps,003004.SZ,声迅股份,20,11-30,84.49
20260709,rps,301526.SZ,国际复材,21,11-30,38.85
20260709,rps,300489.SZ,光智科技,22,11-30,268.0
20260709,rps,688120.SH,华海清科,23,11-30,344.0
20260709,rps,603065.SH,宿迁联盛,24,11-30,20.98
20260709,rps,688200.SH,华峰测控,25,11-30,543.0
20260709,rps,301319.SZ,唯特偶,26,11-30,138.43
20260709,rps,603186.SH,华正新材,27,11-30,188.66
20260709,rps,688596.SH,正帆科技,28,11-30,80.33
20260709,rps,688328.SH,深科达,29,11-30,102.02
20260709,rps,000811.SZ,冰轮环境,30,11-30,55.11
20260709,rps,688403.SH,汇成股份,31,31-50,39.65
20260709,rps,688362.SH,甬矽电子,32,31-50,114.8
20260709,rps,688147.SH,微导纳米,33,31-50,157.0
20260709,rps,301013.SZ,利和兴,34,31-50,60.2
20260709,rps,600353.SH,旭光电子,35,31-50,40.88
20260709,rps,002636.SZ,金安国纪,36,31-50,99.56
20260709,rps,688037.SH,芯源微,37,31-50,431.62
20260709,rps,003036.SZ,泰坦股份,38,31-50,80.43
20260709,rps,688233.SH,神工股份,39,31-50,196.9
20260709,rps,300604.SZ,长川科技,40,31-50,374.0
20260709,rps,688627.SH,精智达,41,31-50,647.88
20260709,rps,002409.SZ,雅克科技,42,31-50,209.0
20260709,rps,300666.SZ,江丰电子,43,31-50,364.48
20260709,rps,688545.SH,兴福电子,44,31-50,119.59
20260709,rps,600584.SH,长电科技,45,31-50,103.52
20260709,rps,688530.SH,欧莱新材,46,31-50,88.15
20260709,rps,688507.SH,索辰科技,47,31-50,210.68
20260709,rps,300285.SZ,国瓷材料,48,31-50,80.8
20260709,rps,300420.SZ,五洋自控,49,31-50,8.3
20260709,rps,688662.SH,富信科技,50,31-50,115.0
20260709,rps,688143.SH,长盈通,51,51+,157.8
20260709,rps,688300.SH,联瑞新材,52,51+,196.16
20260709,rps,600172.SH,黄河旋风,53,51+,18.7
20260709,rps,301377.SZ,鼎泰高科,54,51+,484.08
20260709,rps,600206.SH,有研新材,55,51+,59.38
20260709,rps,603986.SH,兆易创新,56,51+,663.49
20260709,rps,002674.SZ,兴业科技,57,51+,30.81
20260709,rps,301321.SZ,翰博高新,58,51+,52.73
20260709,rps,301045.SZ,天禄科技,59,51+,93.0
20260709,rps,688535.SH,华海诚科,60,51+,179.2
20260710,rps,688146.SH,中船特气,1,1-10,293.99
20260710,rps,603823.SH,百合花,2,1-10,66.16
20260710,rps,688432.SH,有研硅,3,1-10,56.6
20260710,rps,920438.BJ,戈碧迦,4,1-10,140.8
20260710,rps,688669.SH,聚石化学,5,1-10,86.89
20260710,rps,920725.BJ,惠丰钻石,6,1-10,98.68
20260710,rps,920699.BJ,海达尔,7,1-10,89.9
20260710,rps,688260.SH,昀冢科技,8,1-10,98.88
20260710,rps,688549.SH,中巨芯,9,1-10,29.33
20260710,rps,002552.SZ,宝鼎科技,10,1-10,60.34
20260710,rps,688328.SH,深科达,11,11-30,118.23
20260710,rps,688766.SH,普冉股份,12,11-30,703.0
20260710,rps,003004.SZ,声迅股份,13,11-30,83.01
20260710,rps,300489.SZ,光智科技,14,11-30,255.0
20260710,rps,688347.SH,华虹宏力,15,11-30,369.87
20260710,rps,000636.SZ,风华高科,16,11-30,60.01
20260710,rps,301217.SZ,铜冠铜箔,17,11-30,132.09
20260710,rps,600667.SH,太极实业,18,11-30,25.26
20260710,rps,301319.SZ,唯特偶,19,11-30,131.3
20260710,rps,688233.SH,神工股份,20,11-30,173.01
20260710,rps,301526.SZ,国际复材,21,11-30,37.77
20260710,rps,603065.SH,宿迁联盛,22,11-30,19.45
20260710,rps,603186.SH,华正新材,23,11-30,178.8
20260710,rps,688082.SH,盛美上海,24,11-30,392.89
20260710,rps,600353.SH,旭光电子,25,11-30,42.2
20260710,rps,688200.SH,华峰测控,26,11-30,505.0
20260710,rps,688120.SH,华海清科,27,11-30,324.6
20260710,rps,002409.SZ,雅克科技,28,11-30,207.17
20260710,rps,000811.SZ,冰轮环境,29,11-30,53.47
20260710,rps,002484.SZ,江海股份,30,11-30,86.7
20260710,rps,688361.SH,中科飞测,31,31-50,422.74
20260710,rps,688143.SH,长盈通,32,31-50,156.6
20260710,rps,688507.SH,索辰科技,33,31-50,208.0
20260710,rps,600206.SH,有研新材,34,31-50,60.0
20260710,rps,300420.SZ,五洋自控,35,31-50,8.35
20260710,rps,002674.SZ,兴业科技,36,31-50,30.8
20260710,rps,301045.SZ,天禄科技,37,31-50,93.0
20260710,rps,002636.SZ,金安国纪,38,31-50,96.64
20260710,rps,688362.SH,甬矽电子,39,31-50,107.2
20260710,rps,600584.SH,长电科技,40,31-50,101.11
20260710,rps,301013.SZ,利和兴,41,31-50,55.7
20260710,rps,688409.SH,富创精密,42,31-50,260.0
20260710,rps,003036.SZ,泰坦股份,43,31-50,79.13
20260710,rps,300285.SZ,国瓷材料,44,31-50,74.1
20260710,rps,688403.SH,汇成股份,45,31-50,35.6
20260710,rps,688627.SH,精智达,46,31-50,599.99
20260710,rps,688371.SH,菲沃泰,47,31-50,45.05
20260710,rps,688584.SH,上海合晶,48,31-50,43.38
20260710,rps,688545.SH,兴福电子,49,31-50,111.0
20260710,rps,688300.SH,联瑞新材,50,31-50,183.17
20260710,rps,301377.SZ,鼎泰高科,51,51+,466.94
20260710,rps,002747.SZ,埃斯顿,52,51+,42.78
20260710,rps,688596.SH,正帆科技,53,51+,68.03
20260710,rps,600172.SH,黄河旋风,54,51+,17.0
20260710,rps,300666.SZ,江丰电子,55,51+,340.44
20260710,rps,688147.SH,微导纳米,56,51+,138.97
20260710,rps,603986.SH,兆易创新,57,51+,612.0
20260710,rps,301321.SZ,翰博高新,58,51+,47.7
20260710,rps,301307.SZ,美利信,59,51+,94.04
20260710,rps,300843.SZ,胜蓝股份,60,51+,142.77
20260713,rps,603823.SH,百合花,1,1-10,66.0
20260713,rps,688146.SH,中船特气,2,1-10,244.5
20260713,rps,688432.SH,有研硅,3,1-10,49.1
20260713,rps,920699.BJ,海达尔,4,1-10,84.95
20260713,rps,688669.SH,聚石化学,5,1-10,81.88
20260713,rps,920438.BJ,戈碧迦,6,1-10,120.0
20260713,rps,688082.SH,盛美上海,7,1-10,399.06
20260713,rps,920725.BJ,惠丰钻石,8,1-10,81.0
20260713,rps,603065.SH,宿迁联盛,9,1-10,21.4
20260713,rps,301319.SZ,唯特偶,10,1-10,118.2
20260713,rps,688347.SH,华虹宏力,11,11-30,350.0
20260713,rps,002674.SZ,兴业科技,12,11-30,32.96
20260713,rps,002552.SZ,宝鼎科技,13,11-30,54.31
20260713,rps,003004.SZ,声迅股份,14,11-30,79.0
20260713,rps,688549.SH,中巨芯,15,11-30,28.0
20260713,rps,300489.SZ,光智科技,16,11-30,230.0
20260713,rps,600667.SH,太极实业,17,11-30,22.73
20260713,rps,688260.SH,昀冢科技,18,11-30,83.8
20260713,rps,688120.SH,华海清科,19,11-30,325.51
20260713,rps,002409.SZ,雅克科技,20,11-30,189.02
20260713,rps,688233.SH,神工股份,21,11-30,154.31
20260713,rps,688584.SH,上海合晶,22,11-30,46.25
20260713,rps,300420.SZ,五洋自控,23,11-30,8.02
20260713,rps,688200.SH,华峰测控,24,11-30,489.0
20260713,rps,688409.SH,富创精密,25,11-30,253.63
20260713,rps,000636.SZ,风华高科,26,11-30,54.01
20260713,rps,600584.SH,长电科技,27,11-30,99.05
20260713,rps,688766.SH,普冉股份,28,11-30,603.0
20260713,rps,600353.SH,旭光电子,29,11-30,38.19
20260713,rps,003036.SZ,泰坦股份,30,11-30,73.01
20260713,rps,301526.SZ,国际复材,31,31-50,33.96
20260713,rps,688507.SH,索辰科技,32,31-50,190.9
20260713,rps,603137.SH,恒尚节能,33,31-50,29.43
20260713,rps,603186.SH,华正新材,34,31-50,160.92
20260713,rps,688361.SH,中科飞测,35,31-50,389.99
20260713,rps,002484.SZ,江海股份,36,31-50,78.35
20260713,rps,688328.SH,深科达,37,31-50,102.0
20260713,rps,301013.SZ,利和兴,38,31-50,51.62
20260713,rps,600206.SH,有研新材,39,31-50,54.0
20260713,rps,301217.SZ,铜冠铜箔,40,31-50,119.75
20260713,rps,688362.SH,甬矽电子,41,31-50,96.0
20260713,rps,688545.SH,兴福电子,42,31-50,105.43
20260713,rps,688072.SH,拓荆科技,43,31-50,845.0
20260713,rps,301379.SZ,天山电子,44,31-50,37.4
20260713,rps,000811.SZ,冰轮环境,45,31-50,48.12
20260713,rps,688300.SH,联瑞新材,46,31-50,165.7
20260713,rps,688627.SH,精智达,47,31-50,569.35
20260713,rps,688371.SH,菲沃泰,48,31-50,43.45
20260713,rps,301377.SZ,鼎泰高科,49,31-50,437.7
20260713,rps,600246.SH,万通发展,50,31-50,19.91
20260713,rps,688403.SH,汇成股份,51,51+,31.3
20260713,rps,688143.SH,长盈通,52,51+,125.28
20260713,rps,688147.SH,微导纳米,53,51+,133.0
20260713,rps,600172.SH,黄河旋风,54,51+,15.3
20260713,rps,688596.SH,正帆科技,55,51+,63.98
20260713,rps,002185.SZ,华天科技,56,51+,24.13
20260713,rps,688359.SH,三孚新科,57,51+,182.08
20260713,rps,002747.SZ,埃斯顿,58,51+,38.5
20260713,rps,002636.SZ,金安国纪,59,51+,86.98
20260713,rps,688037.SH,芯源微,60,51+,378.0
20260714,rps,603823.SH,百合花,1,1-10,66.48
20260714,rps,688146.SH,中船特气,2,1-10,248.34
20260714,rps,688432.SH,有研硅,3,1-10,48.38
20260714,rps,920699.BJ,海达尔,4,1-10,89.6
20260714,rps,603065.SH,宿迁联盛,5,1-10,23.54
20260714,rps,920438.BJ,戈碧迦,6,1-10,128.0
20260714,rps,688669.SH,聚石化学,7,1-10,88.38
20260714,rps,300489.SZ,光智科技,8,1-10,263.0
20260714,rps,920725.BJ,惠丰钻石,9,1-10,84.17
20260714,rps,688347.SH,华虹宏力,10,1-10,352.59
20260714,rps,301319.SZ,唯特偶,11,11-30,127.03
20260714,rps,688549.SH,中巨芯,12,11-30,29.39
20260714,rps,688082.SH,盛美上海,13,11-30,387.88
20260714,rps,002552.SZ,宝鼎科技,14,11-30,58.2
20260714,rps,688260.SH,昀冢科技,15,11-30,91.52
20260714,rps,003004.SZ,声迅股份,16,11-30,81.64
20260714,rps,688766.SH,普冉股份,17,11-30,645.0
20260714,rps,600667.SH,太极实业,18,11-30,22.63
20260714,rps,000636.SZ,风华高科,19,11-30,59.41
20260714,rps,600353.SH,旭光电子,20,11-30,41.28
20260714,rps,002674.SZ,兴业科技,21,11-30,31.9
20260714,rps,603137.SH,恒尚节能,22,11-30,32.37
20260714,rps,600584.SH,长电科技,23,11-30,102.7
20260714,rps,301526.SZ,国际复材,24,11-30,39.08
20260714,rps,002484.SZ,江海股份,25,11-30,86.19
20260714,rps,688120.SH,华海清科,26,11-30,309.0
20260714,rps,002409.SZ,雅克科技,27,11-30,187.49
20260714,rps,688200.SH,华峰测控,28,11-30,501.0
20260714,rps,301013.SZ,利和兴,29,11-30,55.08
20260714,rps,688233.SH,神工股份,30,11-30,154.5
20260714,rps,603186.SH,华正新材,31,31-50,177.01
20260714,rps,301377.SZ,鼎泰高科,32,31-50,495.85
20260714,rps,688507.SH,索辰科技,33,31-50,197.0
20260714,rps,003036.SZ,泰坦股份,34,31-50,75.55
20260714,rps,688300.SH,联瑞新材,35,31-50,180.32
20260714,rps,000811.SZ,冰轮环境,36,31-50,52.0
20260714,rps,002636.SZ,金安国纪,37,31-50,95.68
20260714,rps,688627.SH,精智达,38,31-50,608.97
20260714,rps,688519.SH,南亚新材,39,31-50,366.9
20260714,rps,688361.SH,中科飞测,40,31-50,391.88
20260714,rps,688584.SH,上海合晶,41,31-50,42.4
20260714,rps,688409.SH,富创精密,42,31-50,251.01
20260714,rps,300420.SZ,五洋自控,43,31-50,7.46
20260714,rps,688545.SH,兴福电子,44,31-50,105.7
20260714,rps,688362.SH,甬矽电子,45,31-50,94.45
20260714,rps,688359.SH,三孚新科,46,31-50,196.03
20260714,rps,002185.SZ,华天科技,47,31-50,25.68
20260714,rps,688403.SH,汇成股份,48,31-50,32.58
20260714,rps,688072.SH,拓荆科技,49,31-50,850.01
20260714,rps,688143.SH,长盈通,50,31-50,127.6
20260714,rps,301379.SZ,天山电子,51,51+,37.06
20260714,rps,688662.SH,富信科技,52,51+,103.26
20260714,rps,600206.SH,有研新材,53,51+,52.63
20260714,rps,688328.SH,深科达,54,51+,106.5
20260714,rps,688596.SH,正帆科技,55,51+,63.12
20260714,rps,688371.SH,菲沃泰,56,51+,42.69
20260714,rps,603989.SH,艾华集团,57,51+,37.92
20260714,rps,300604.SZ,长川科技,58,51+,335.62
20260714,rps,300985.SZ,致远新能,59,51+,43.58
20260714,rps,300835.SZ,龙磁科技,60,51+,175.84
20260715,rps,603823.SH,百合花,1,1-10,65.24
20260715,rps,688146.SH,中船特气,2,1-10,250.35
20260715,rps,920699.BJ,海达尔,3,1-10,89.0
20260715,rps,688260.SH,昀冢科技,4,1-10,95.88
20260715,rps,603065.SH,宿迁联盛,5,1-10,21.19
20260715,rps,688669.SH,聚石化学,6,1-10,84.6
20260715,rps,300489.SZ,光智科技,7,1-10,249.71
20260715,rps,603137.SH,恒尚节能,8,1-10,35.61
20260715,rps,920438.BJ,戈碧迦,9,1-10,111.15
20260715,rps,688432.SH,有研硅,10,1-10,41.46
20260715,rps,002552.SZ,宝鼎科技,11,11-30,55.66
20260715,rps,301319.SZ,唯特偶,12,11-30,119.98
20260715,rps,920725.BJ,惠丰钻石,13,11-30,77.19
20260715,rps,688347.SH,华虹宏力,14,11-30,331.42
20260715,rps,301526.SZ,国际复材,15,11-30,37.0
20260715,rps,002484.SZ,江海股份,16,11-30,87.86
20260715,rps,688082.SH,盛美上海,17,11-30,352.37
20260715,rps,003004.SZ,声迅股份,18,11-30,75.57
20260715,rps,300420.SZ,五洋自控,19,11-30,7.98
20260715,rps,603186.SH,华正新材,20,11-30,173.03
20260715,rps,000636.SZ,风华高科,21,11-30,54.5
20260715,rps,600667.SH,太极实业,22,11-30,20.81
20260715,rps,600353.SH,旭光电子,23,11-30,37.15
20260715,rps,688549.SH,中巨芯,24,11-30,26.51
20260715,rps,003036.SZ,泰坦股份,25,11-30,70.45
20260715,rps,688766.SH,普冉股份,26,11-30,578.0
20260715,rps,002674.SZ,兴业科技,27,11-30,28.71
20260715,rps,688507.SH,索辰科技,28,11-30,194.09
20260715,rps,002636.SZ,金安国纪,29,11-30,94.79
20260715,rps,688120.SH,华海清科,30,11-30,289.98
20260715,rps,688627.SH,精智达,31,31-50,599.0
20260715,rps,688233.SH,神工股份,32,31-50,144.88
20260715,rps,688143.SH,长盈通,33,31-50,127.1
20260715,rps,600584.SH,长电科技,34,31-50,92.46
20260715,rps,688519.SH,南亚新材,35,31-50,353.0
20260715,rps,002409.SZ,雅克科技,36,31-50,171.3
20260715,rps,000811.SZ,冰轮环境,37,31-50,50.35
20260715,rps,301013.SZ,利和兴,38,31-50,51.0
20260715,rps,600183.SH,生益科技,39,31-50,152.43
20260715,rps,301377.SZ,鼎泰高科,40,31-50,467.88
20260715,rps,301520.SZ,万邦医药,41,31-50,58.79
20260715,rps,688361.SH,中科飞测,42,31-50,381.0
20260715,rps,301379.SZ,天山电子,43,31-50,36.42
20260715,rps,688300.SH,联瑞新材,44,31-50,166.31
20260715,rps,688584.SH,上海合晶,45,31-50,39.38
20260715,rps,300285.SZ,国瓷材料,46,31-50,67.89
20260715,rps,688200.SH,华峰测控,47,31-50,447.0
20260715,rps,002747.SZ,埃斯顿,48,31-50,40.9
20260715,rps,688596.SH,正帆科技,49,31-50,60.63
20260715,rps,688662.SH,富信科技,50,31-50,100.0
20260715,rps,603608.SH,天创时尚,51,51+,24.25
20260715,rps,603986.SH,兆易创新,52,51+,571.79
20260715,rps,002317.SZ,众生药业,53,51+,33.29
20260715,rps,688328.SH,深科达,54,51+,98.59
20260715,rps,300985.SZ,致远新能,55,51+,41.89
20260715,rps,688545.SH,兴福电子,56,51+,98.43
20260715,rps,688409.SH,富创精密,57,51+,231.15
20260715,rps,603989.SH,艾华集团,58,51+,34.96
20260715,rps,002185.SZ,华天科技,59,51+,23.11
20260715,rps,688403.SH,汇成股份,60,51+,29.87
20260716,rps,603823.SH,百合花,1,1-10,69.66
20260716,rps,688146.SH,中船特气,2,1-10,255.0
20260716,rps,920699.BJ,海达尔,3,1-10,82.48
20260716,rps,688260.SH,昀冢科技,4,1-10,92.42
20260716,rps,688669.SH,聚石化学,5,1-10,82.09
20260716,rps,002552.SZ,宝鼎科技,6,1-10,54.25
20260716,rps,603065.SH,宿迁联盛,7,1-10,19.07
20260716,rps,603137.SH,恒尚节能,8,1-10,32.05
20260716,rps,688432.SH,有研硅,9,1-10,36.96
20260716,rps,301520.SZ,万邦医药,10,1-10,66.65
20260716,rps,920725.BJ,惠丰钻石,11,11-30,70.0
20260716,rps,603186.SH,华正新材,12,11-30,177.0
20260716,rps,688347.SH,华虹宏力,13,11-30,327.85
20260716,rps,300489.SZ,光智科技,14,11-30,233.45
20260716,rps,000636.SZ,风华高科,15,11-30,51.7
20260716,rps,301319.SZ,唯特偶,16,11-30,112.03
20260716,rps,300420.SZ,五洋自控,17,11-30,7.69
20260716,rps,920438.BJ,戈碧迦,18,11-30,96.9
20260716,rps,688082.SH,盛美上海,19,11-30,322.47
20260716,rps,003004.SZ,声迅股份,20,11-30,70.95
20260716,rps,002484.SZ,江海股份,21,11-30,81.42
20260716,rps,688549.SH,中巨芯,22,11-30,24.61
20260716,rps,688507.SH,索辰科技,23,11-30,184.08
20260716,rps,301377.SZ,鼎泰高科,24,11-30,463.19
20260716,rps,002674.SZ,兴业科技,25,11-30,25.84
20260716,rps,002636.SZ,金安国纪,26,11-30,89.55
20260716,rps,688627.SH,精智达,27,11-30,584.0
20260716,rps,600353.SH,旭光电子,28,11-30,33.44
20260716,rps,003036.SZ,泰坦股份,29,11-30,66.26
20260716,rps,688120.SH,华海清科,30,11-30,258.43
20260716,rps,603608.SH,天创时尚,31,31-50,23.9
20260716,rps,002747.SZ,埃斯顿,32,31-50,42.43
20260716,rps,600667.SH,太极实业,33,31-50,18.73
20260716,rps,300567.SZ,精测电子,34,31-50,263.0
20260716,rps,301013.SZ,利和兴,35,31-50,48.4
20260716,rps,301526.SZ,国际复材,36,31-50,34.8
20260716,rps,603580.SH,艾艾精工,37,31-50,40.84
20260716,rps,600183.SH,生益科技,38,31-50,146.99
20260716,rps,688519.SH,南亚新材,39,31-50,342.08
20260716,rps,688361.SH,中科飞测,40,31-50,350.69
20260716,rps,688200.SH,华峰测控,41,31-50,422.0
20260716,rps,300985.SZ,致远新能,42,31-50,40.86
20260716,rps,688662.SH,富信科技,43,31-50,92.75
20260716,rps,603989.SH,艾华集团,44,31-50,35.2
20260716,rps,688300.SH,联瑞新材,45,31-50,158.4
20260716,rps,000811.SZ,冰轮环境,46,31-50,47.0
20260716,rps,002409.SZ,雅克科技,47,31-50,156.0
20260716,rps,688498.SH,源杰科技,48,31-50,1825.98
20260716,rps,600584.SH,长电科技,49,31-50,83.21
20260716,rps,688409.SH,富创精密,50,31-50,216.64
20260716,rps,688143.SH,长盈通,51,51+,116.5
20260716,rps,300285.SZ,国瓷材料,52,51+,63.3
20260716,rps,600246.SH,万通发展,53,51+,19.48
20260716,rps,600857.SH,宁波中百,54,51+,21.23
20260716,rps,300907.SZ,康平科技,55,51+,51.0
20260716,rps,688017.SH,绿的谐波,56,51+,378.61
20260716,rps,300604.SZ,长川科技,57,51+,293.13
20260716,rps,001331.SZ,胜通能源,58,51+,53.28
20260716,rps,688545.SH,兴福电子,59,51+,90.91
20260716,rps,688766.SH,普冉股份,60,51+,526.0
20260717,rps,603823.SH,百合花,1,1-10,70.18
20260717,rps,688146.SH,中船特气,2,1-10,251.0
20260717,rps,688432.SH,有研硅,3,1-10,38.88
20260717,rps,688669.SH,聚石化学,4,1-10,80.01
20260717,rps,301520.SZ,万邦医药,5,1-10,66.62
20260717,rps,920725.BJ,惠丰钻石,6,1-10,71.27
20260717,rps,920699.BJ,海达尔,7,1-10,67.0
20260717,rps,688260.SH,昀冢科技,8,1-10,81.43
20260717,rps,603065.SH,宿迁联盛,9,1-10,17.16
20260717,rps,688549.SH,中巨芯,10,1-10,25.65
20260717,rps,603137.SH,恒尚节能,11,11-30,28.85
20260717,rps,002552.SZ,宝鼎科技,12,11-30,48.83
20260717,rps,603580.SH,艾艾精工,13,11-30,44.92
20260717,rps,688082.SH,盛美上海,14,11-30,300.5
20260717,rps,688347.SH,华虹宏力,15,11-30,309.0
20260717,rps,000636.SZ,风华高科,16,11-30,46.53
20260717,rps,603186.SH,华正新材,17,11-30,159.3
20260717,rps,301377.SZ,鼎泰高科,18,11-30,425.0
20260717,rps,300420.SZ,五洋自控,19,11-30,6.59
20260717,rps,600584.SH,长电科技,20,11-30,85.49
20260717,rps,003004.SZ,声迅股份,21,11-30,63.86
20260717,rps,920438.BJ,戈碧迦,22,11-30,99.0
20260717,rps,002674.SZ,兴业科技,23,11-30,23.26
20260717,rps,603608.SH,天创时尚,24,11-30,22.08
20260717,rps,000608.SZ,阳光股份,25,11-30,6.5
20260717,rps,688507.SH,索辰科技,26,11-30,164.85
20260717,rps,688627.SH,精智达,27,11-30,511.98
20260717,rps,688120.SH,华海清科,28,11-30,241.67
20260717,rps,600353.SH,旭光电子,29,11-30,30.1
20260717,rps,300489.SZ,光智科技,30,11-30,191.03
20260717,rps,002484.SZ,江海股份,31,31-50,73.28
20260717,rps,000811.SZ,冰轮环境,32,31-50,43.26
20260717,rps,301526.SZ,国际复材,33,31-50,31.59
20260717,rps,301319.SZ,唯特偶,34,31-50,99.14
20260717,rps,002636.SZ,金安国纪,35,31-50,80.6
20260717,rps,002747.SZ,埃斯顿,36,31-50,38.19
20260717,rps,600183.SH,生益科技,37,31-50,132.29
20260717,rps,600162.SH,香江控股,38,31-50,3.06
20260717,rps,300567.SZ,精测电子,39,31-50,237.02
20260717,rps,002409.SZ,雅克科技,40,31-50,145.0
20260717,rps,688200.SH,华峰测控,41,31-50,372.91
20260717,rps,688361.SH,中科飞测,42,31-50,311.19
20260717,rps,003036.SZ,泰坦股份,43,31-50,59.63
20260717,rps,300985.SZ,致远新能,44,31-50,35.55
20260717,rps,600667.SH,太极实业,45,31-50,16.86
20260717,rps,300907.SZ,康平科技,46,31-50,47.6
20260717,rps,688409.SH,富创精密,47,31-50,193.99
20260717,rps,301013.SZ,利和兴,48,31-50,42.09
20260717,rps,301092.SZ,争光股份,49,31-50,61.82
20260717,rps,688519.SH,南亚新材,50,31-50,286.83
20260717,rps,300604.SZ,长川科技,51,51+,278.76
20260717,rps,603989.SH,艾华集团,52,51+,31.68
20260717,rps,600857.SH,宁波中百,53,51+,19.11
20260717,rps,688300.SH,联瑞新材,54,51+,141.0
20260717,rps,301217.SZ,铜冠铜箔,55,51+,129.05
20260717,rps,001331.SZ,胜通能源,56,51+,47.95
20260717,rps,301072.SZ,中捷精工,57,51+,37.32
20260717,rps,688498.SH,源杰科技,58,51+,1656.0
20260717,rps,300285.SZ,国瓷材料,59,51+,56.62
20260717,rps,688072.SH,拓荆科技,60,51+,699.08
20260720,rps,603823.SH,百合花,1,1-10,77.2
20260720,rps,688146.SH,中船特气,2,1-10,200.8
20260720,rps,688432.SH,有研硅,3,1-10,42.27
20260720,rps,920699.BJ,海达尔,4,1-10,71.58
20260720,rps,688347.SH,华虹宏力,5,1-10,331.48
20260720,rps,920725.BJ,惠丰钻石,6,1-10,67.1
20260720,rps,603065.SH,宿迁联盛,7,1-10,15.44
20260720,rps,603137.SH,恒尚节能,8,1-10,25.97
20260720,rps,688669.SH,聚石化学,9,1-10,64.01
20260720,rps,301520.SZ,万邦医药,10,1-10,53.3
20260720,rps,688082.SH,盛美上海,11,11-30,282.45
20260720,rps,688549.SH,中巨芯,12,11-30,21.28
20260720,rps,603186.SH,华正新材,13,11-30,143.37
20260720,rps,603580.SH,艾艾精工,14,11-30,40.43
20260720,rps,300420.SZ,五洋自控,15,11-30,6.1
20260720,rps,688120.SH,华海清科,16,11-30,227.97
20260720,rps,000636.SZ,风华高科,17,11-30,41.88
20260720,rps,688361.SH,中科飞测,18,11-30,305.38
20260720,rps,002552.SZ,宝鼎科技,19,11-30,43.95
20260720,rps,301377.SZ,鼎泰高科,20,11-30,372.0
20260720,rps,002674.SZ,兴业科技,21,11-30,20.93
20260720,rps,688200.SH,华峰测控,22,11-30,353.06
20260720,rps,002484.SZ,江海股份,23,11-30,65.95
20260720,rps,000608.SZ,阳光股份,24,11-30,5.95
20260720,rps,000811.SZ,冰轮环境,25,11-30,40.2
20260720,rps,688627.SH,精智达,26,11-30,457.51
20260720,rps,600584.SH,长电科技,27,11-30,76.99
20260720,rps,002636.SZ,金安国纪,28,11-30,72.54
20260720,rps,600183.SH,生益科技,29,11-30,123.34
20260720,rps,688507.SH,索辰科技,30,11-30,147.5
20260720,rps,300489.SZ,光智科技,31,31-50,173.0
20260720,rps,003004.SZ,声迅股份,32,31-50,57.47
20260720,rps,600353.SH,旭光电子,33,31-50,27.09
20260720,rps,688362.SH,甬矽电子,34,31-50,71.42
20260720,rps,002409.SZ,雅克科技,35,31-50,130.5
20260720,rps,603608.SH,天创时尚,36,31-50,20.1
20260720,rps,300567.SZ,精测电子,37,31-50,210.81
20260720,rps,301165.SZ,锐捷网络,38,31-50,102.95
20260720,rps,300604.SZ,长川科技,39,31-50,265.0
20260720,rps,688143.SH,长盈通,40,31-50,103.0
20260720,rps,920438.BJ,戈碧迦,41,31-50,101.0
20260720,rps,002422.SZ,科伦药业,42,31-50,47.8
20260720,rps,301526.SZ,国际复材,43,31-50,26.7
20260720,rps,600162.SH,香江控股,44,31-50,2.75
20260720,rps,002747.SZ,埃斯顿,45,31-50,34.37
20260720,rps,688260.SH,昀冢科技,46,31-50,65.14
20260720,rps,600667.SH,太极实业,47,31-50,15.17
20260720,rps,688409.SH,富创精密,48,31-50,170.7
20260720,rps,000725.SZ,京东方A,49,31-50,5.79
20260720,rps,688012.SH,中微公司,50,31-50,342.5
20260720,rps,300759.SZ,康龙化成,51,51+,37.28
20260720,rps,688072.SH,拓荆科技,52,51+,637.05
20260720,rps,603989.SH,艾华集团,53,51+,28.51
20260720,rps,300985.SZ,致远新能,54,51+,31.51
20260720,rps,600857.SH,宁波中百,55,51+,17.2
20260720,rps,301072.SZ,中捷精工,56,51+,34.18
20260720,rps,301319.SZ,唯特偶,57,51+,86.37
20260720,rps,688630.SH,芯碁微装,58,51+,344.0
20260720,rps,002821.SZ,凯莱英,59,51+,162.51
20260720,rps,688147.SH,微导纳米,60,51+,104.87
20260721,rps,603823.SH,百合花,1,1-10,81.93
20260721,rps,688432.SH,有研硅,2,1-10,46.51
20260721,rps,688347.SH,华虹宏力,3,1-10,397.78
20260721,rps,920725.BJ,惠丰钻石,4,1-10,78.0
20260721,rps,688146.SH,中船特气,5,1-10,212.0
20260721,rps,920699.BJ,海达尔,6,1-10,81.13
20260721,rps,688082.SH,盛美上海,7,1-10,326.0
20260721,rps,688361.SH,中科飞测,8,1-10,366.46
20260721,rps,688120.SH,华海清科,9,1-10,273.56
20260721,rps,920438.BJ,戈碧迦,10,1-10,126.61
20260721,rps,688549.SH,中巨芯,11,11-30,23.85
20260721,rps,688669.SH,聚石化学,12,11-30,65.02
20260721,rps,301377.SZ,鼎泰高科,13,11-30,416.5
20260721,rps,603065.SH,宿迁联盛,14,11-30,13.9
20260721,rps,603186.SH,华正新材,15,11-30,148.0
20260721,rps,688409.SH,富创精密,16,11-30,204.1
20260721,rps,603137.SH,恒尚节能,17,11-30,23.4
20260721,rps,688200.SH,华峰测控,18,11-30,406.96
20260721,rps,688507.SH,索辰科技,19,11-30,159.7
20260721,rps,600183.SH,生益科技,20,11-30,135.67
20260721,rps,688362.SH,甬矽电子,21,11-30,83.2
20260721,rps,301526.SZ,国际复材,22,11-30,29.8
20260721,rps,300420.SZ,五洋自控,23,11-30,6.7
20260721,rps,688627.SH,精智达,24,11-30,549.01
20260721,rps,688012.SH,中微公司,25,11-30,407.89
20260721,rps,002484.SZ,江海股份,26,11-30,72.55
20260721,rps,300567.SZ,精测电子,27,11-30,245.8
20260721,rps,000636.SZ,风华高科,28,11-30,44.32
20260721,rps,300285.SZ,国瓷材料,29,11-30,59.9
20260721,rps,688143.SH,长盈通,30,11-30,110.0
20260721,rps,600353.SH,旭光电子,31,31-50,28.62
20260721,rps,000811.SZ,冰轮环境,32,31-50,44.1
20260721,rps,301165.SZ,锐捷网络,33,31-50,110.86
20260721,rps,002409.SZ,雅克科技,34,31-50,143.55
20260721,rps,000725.SZ,京东方A,35,31-50,6.31
20260721,rps,600584.SH,长电科技,36,31-50,84.69
20260721,rps,688147.SH,微导纳米,37,31-50,125.84
20260721,rps,688072.SH,拓荆科技,38,31-50,764.46
20260721,rps,688037.SH,芯源微,39,31-50,358.5
20260721,rps,688630.SH,芯碁微装,40,31-50,403.45
20260721,rps,000608.SZ,阳光股份,41,31-50,5.76
20260721,rps,600667.SH,太极实业,42,31-50,16.69
20260721,rps,002674.SZ,兴业科技,43,31-50,19.99
20260721,rps,002636.SZ,金安国纪,44,31-50,72.39
20260721,rps,688260.SH,昀冢科技,45,31-50,75.81
20260721,rps,003004.SZ,声迅股份,46,31-50,59.87
20260721,rps,300489.SZ,光智科技,47,31-50,190.01
20260721,rps,688403.SH,汇成股份,48,31-50,27.57
20260721,rps,300985.SZ,致远新能,49,31-50,34.61
20260721,rps,300604.SZ,长川科技,50,31-50,318.0
20260721,rps,600664.SH,哈药股份,51,51+,5.84
20260721,rps,002552.SZ,宝鼎科技,52,51+,44.2
20260721,rps,300759.SZ,康龙化成,53,51+,39.36
20260721,rps,301310.SZ,鑫宏业,54,51+,64.07
20260721,rps,688300.SH,联瑞新材,55,51+,135.3
20260721,rps,603580.SH,艾艾精工,56,51+,36.39
20260721,rps,301013.SZ,利和兴,57,51+,39.72
20260721,rps,300566.SZ,激智科技,58,51+,28.58
20260721,rps,603989.SH,艾华集团,59,51+,29.47
20260721,rps,688249.SH,晶合集成,60,51+,49.8
20260722,rps,603823.SH,百合花,1,1-10,81.93
20260722,rps,688347.SH,华虹宏力,2,1-10,390.06
20260722,rps,688432.SH,有研硅,3,1-10,43.31
20260722,rps,920725.BJ,惠丰钻石,4,1-10,76.0
20260722,rps,688146.SH,中船特气,5,1-10,210.0
20260722,rps,688669.SH,聚石化学,6,1-10,72.0
20260722,rps,301310.SZ,鑫宏业,7,1-10,67.08
20260722,rps,920699.BJ,海达尔,8,1-10,75.64
20260722,rps,688549.SH,中巨芯,9,1-10,23.02
20260722,rps,920438.BJ,戈碧迦,10,1-10,129.98
20260722,rps,688361.SH,中科飞测,11,11-30,357.0
20260722,rps,603137.SH,恒尚节能,12,11-30,24.67
20260722,rps,688082.SH,盛美上海,13,11-30,310.62
20260722,rps,301520.SZ,万邦医药,14,11-30,52.99
20260722,rps,603065.SH,宿迁联盛,15,11-30,13.88
20260722,rps,301165.SZ,锐捷网络,16,11-30,126.0
20260722,rps,301377.SZ,鼎泰高科,17,11-30,401.38
20260722,rps,688362.SH,甬矽电子,18,11-30,85.03
20260722,rps,688120.SH,华海清科,19,11-30,273.0
20260722,rps,002484.SZ,江海股份,20,11-30,71.01
20260722,rps,002409.SZ,雅克科技,21,11-30,149.86
20260722,rps,688507.SH,索辰科技,22,11-30,152.2
20260722,rps,300420.SZ,五洋自控,23,11-30,6.7
20260722,rps,688072.SH,拓荆科技,24,11-30,791.08
20260722,rps,600584.SH,长电科技,25,11-30,85.78
20260722,rps,301526.SZ,国际复材,26,11-30,27.29
20260722,rps,600664.SH,哈药股份,27,11-30,5.98
20260722,rps,002674.SZ,兴业科技,28,11-30,20.17
20260722,rps,301536.SZ,星宸科技,29,11-30,137.0
20260722,rps,300985.SZ,致远新能,30,11-30,34.9
20260722,rps,688012.SH,中微公司,31,31-50,392.99
20260722,rps,688403.SH,汇成股份,32,31-50,27.35
20260722,rps,000811.SZ,冰轮环境,33,31-50,42.96
20260722,rps,000608.SZ,阳光股份,34,31-50,5.84
20260722,rps,688627.SH,精智达,35,31-50,527.28
20260722,rps,600183.SH,生益科技,36,31-50,126.0
20260722,rps,603580.SH,艾艾精工,37,31-50,40.03
20260722,rps,688409.SH,富创精密,38,31-50,192.23
20260722,rps,300285.SZ,国瓷材料,39,31-50,60.23
20260722,rps,002422.SZ,科伦药业,40,31-50,49.22
20260722,rps,000938.SZ,紫光股份,41,31-50,44.9
20260722,rps,688200.SH,华峰测控,42,31-50,369.0
20260722,rps,000725.SZ,京东方A,43,31-50,6.04
20260722,rps,300759.SZ,康龙化成,44,31-50,39.76
20260722,rps,688147.SH,微导纳米,45,31-50,119.91
20260722,rps,300604.SZ,长川科技,46,31-50,309.05
20260722,rps,688630.SH,芯碁微装,47,31-50,401.0
20260722,rps,688702.SH,盛科通信,48,31-50,430.15
20260722,rps,002636.SZ,金安国纪,49,31-50,66.45
20260722,rps,301319.SZ,唯特偶,50,31-50,94.85
20260722,rps,300489.SZ,光智科技,51,51+,179.86
20260722,rps,603186.SH,华正新材,52,51+,138.8
20260722,rps,001229.SZ,魅视科技,53,51+,36.87
20260722,rps,002396.SZ,星网锐捷,54,51+,34.59
20260722,rps,003004.SZ,声迅股份,55,51+,57.39
20260722,rps,000636.SZ,风华高科,56,51+,41.3
20260722,rps,600353.SH,旭光电子,57,51+,27.15
20260722,rps,300671.SZ,富满微,58,51+,72.13
20260722,rps,688260.SH,昀冢科技,59,51+,69.45
20260722,rps,300567.SZ,精测电子,60,51+,225.54
20260723,rps,603823.SH,百合花,1,1-10,73.74
20260723,rps,920725.BJ,惠丰钻石,2,1-10,82.26
20260723,rps,688432.SH,有研硅,3,1-10,40.85
20260723,rps,688347.SH,华虹宏力,4,1-10,341.0
20260723,rps,688669.SH,聚石化学,5,1-10,70.25
20260723,rps,301310.SZ,鑫宏业,6,1-10,60.69
20260723,rps,603137.SH,恒尚节能,7,1-10,25.8
20260723,rps,688146.SH,中船特气,8,1-10,215.0
20260723,rps,301520.SZ,万邦医药,9,1-10,51.45
20260723,rps,301165.SZ,锐捷网络,10,1-10,126.8
20260723,rps,301377.SZ,鼎泰高科,11,11-30,402.1
20260723,rps,688549.SH,中巨芯,12,11-30,22.7
20260723,rps,920438.BJ,戈碧迦,13,11-30,125.0
20260723,rps,000608.SZ,阳光股份,14,11-30,6.42
20260723,rps,603580.SH,艾艾精工,15,11-30,42.09
20260723,rps,688361.SH,中科飞测,16,11-30,334.34
20260723,rps,002674.SZ,兴业科技,17,11-30,22.19
20260723,rps,688082.SH,盛美上海,18,11-30,292.15
20260723,rps,002422.SZ,科伦药业,19,11-30,51.35
20260723,rps,688507.SH,索辰科技,20,11-30,150.21
20260723,rps,600909.SH,华安证券,21,11-30,9.14
20260723,rps,600664.SH,哈药股份,22,11-30,6.0
20260723,rps,688362.SH,甬矽电子,23,11-30,77.0
20260723,rps,920699.BJ,海达尔,24,11-30,72.58
20260723,rps,688260.SH,昀冢科技,25,11-30,75.96
20260723,rps,300420.SZ,五洋自控,26,11-30,6.67
20260723,rps,000636.SZ,风华高科,27,11-30,43.21
20260723,rps,301536.SZ,星宸科技,28,11-30,131.45
20260723,rps,002409.SZ,雅克科技,29,11-30,149.07
20260723,rps,000725.SZ,京东方A,30,11-30,6.06
20260723,rps,688120.SH,华海清科,31,31-50,258.55
20260723,rps,688072.SH,拓荆科技,32,31-50,743.0
20260723,rps,003004.SZ,声迅股份,33,31-50,57.61
20260723,rps,300285.SZ,国瓷材料,34,31-50,60.85
20260723,rps,300489.SZ,光智科技,35,31-50,176.0
20260723,rps,300985.SZ,致远新能,36,31-50,34.68
20260723,rps,002484.SZ,江海股份,37,31-50,66.42
20260723,rps,600584.SH,长电科技,38,31-50,80.81
20260723,rps,688409.SH,富创精密,39,31-50,186.81
20260723,rps,002396.SZ,星网锐捷,40,31-50,33.93
20260723,rps,301013.SZ,利和兴,41,31-50,38.9
20260723,rps,600162.SH,香江控股,42,31-50,2.65
20260723,rps,688012.SH,中微公司,43,31-50,375.2
20260723,rps,001229.SZ,魅视科技,44,31-50,35.62
20260723,rps,600353.SH,旭光电子,45,31-50,26.59
20260723,rps,002636.SZ,金安国纪,46,31-50,63.1
20260723,rps,000811.SZ,冰轮环境,47,31-50,42.85
20260723,rps,688630.SH,芯碁微装,48,31-50,384.0
20260723,rps,603989.SH,艾华集团,49,31-50,28.11
20260723,rps,600428.SH,中远海特,50,31-50,11.04
20260723,rps,600206.SH,有研新材,51,51+,41.57
20260723,rps,688200.SH,华峰测控,52,51+,359.75
20260723,rps,688627.SH,精智达,53,51+,480.74
20260723,rps,600183.SH,生益科技,54,51+,125.1
20260723,rps,688046.SH,药康生物,55,51+,26.88
20260723,rps,688143.SH,长盈通,56,51+,100.99
20260723,rps,688758.SH,赛分科技,57,51+,26.92
20260723,rps,301526.SZ,国际复材,58,51+,26.71
20260723,rps,002774.SZ,快意电梯,59,51+,16.89
20260723,rps,301072.SZ,中捷精工,60,51+,33.38
20260724,rps,603823.SH,百合花,1,1-10,75.91
20260724,rps,920725.BJ,惠丰钻石,2,1-10,76.55
20260724,rps,688347.SH,华虹宏力,3,1-10,329.9
20260724,rps,688669.SH,聚石化学,4,1-10,68.51
20260724,rps,688432.SH,有研硅,5,1-10,36.82
20260724,rps,603137.SH,恒尚节能,6,1-10,26.51
20260724,rps,301165.SZ,锐捷网络,7,1-10,132.0
20260724,rps,603065.SH,宿迁联盛,8,1-10,14.7
20260724,rps,920438.BJ,戈碧迦,9,1-10,119.5
20260724,rps,301520.SZ,万邦医药,10,1-10,53.59
20260724,rps,603580.SH,艾艾精工,11,11-30,46.3
20260724,rps,301377.SZ,鼎泰高科,12,11-30,396.6
20260724,rps,688361.SH,中科飞测,13,11-30,357.42
20260724,rps,688146.SH,中船特气,14,11-30,245.67
20260724,rps,688082.SH,盛美上海,15,11-30,299.99
20260724,rps,688549.SH,中巨芯,16,11-30,23.61
20260724,rps,301310.SZ,鑫宏业,17,11-30,50.61
20260724,rps,000608.SZ,阳光股份,18,11-30,6.52
20260724,rps,920699.BJ,海达尔,19,11-30,72.0
20260724,rps,002674.SZ,兴业科技,20,11-30,22.42
20260724,rps,688072.SH,拓荆科技,21,11-30,791.0
20260724,rps,600909.SH,华安证券,22,11-30,9.01
20260724,rps,688507.SH,索辰科技,23,11-30,144.5
20260724,rps,688362.SH,甬矽电子,24,11-30,78.49
20260724,rps,688630.SH,芯碁微装,25,11-30,408.8
20260724,rps,600584.SH,长电科技,26,11-30,82.9
20260724,rps,001229.SZ,魅视科技,27,11-30,39.18
20260724,rps,688012.SH,中微公司,28,11-30,388.5
20260724,rps,002422.SZ,科伦药业,29,11-30,46.65
20260724,rps,600162.SH,香江控股,30,11-30,2.72
20260724,rps,688120.SH,华海清科,31,31-50,263.9
20260724,rps,301234.SZ,五洲医疗,32,31-50,58.75
20260724,rps,301536.SZ,星宸科技,33,31-50,131.8
20260724,rps,300759.SZ,康龙化成,34,31-50,38.53
20260724,rps,300604.SZ,长川科技,35,31-50,303.5
20260724,rps,300489.SZ,光智科技,36,31-50,179.0
20260724,rps,002409.SZ,雅克科技,37,31-50,153.95
20260724,rps,000636.SZ,风华高科,38,31-50,40.22
20260724,rps,688627.SH,精智达,39,31-50,496.25
20260724,rps,688260.SH,昀冢科技,40,31-50,72.21
20260724,rps,003004.SZ,声迅股份,41,31-50,57.0
20260724,rps,300567.SZ,精测电子,42,31-50,224.61
20260724,rps,300985.SZ,致远新能,43,31-50,33.89
20260724,rps,300951.SZ,博硕科技,44,31-50,50.59
20260724,rps,300285.SZ,国瓷材料,45,31-50,57.21
20260724,rps,002484.SZ,江海股份,46,31-50,63.59
20260724,rps,000725.SZ,京东方A,47,31-50,5.79
20260724,rps,002396.SZ,星网锐捷,48,31-50,32.92
20260724,rps,001258.SZ,立新能源,49,31-50,13.03
20260724,rps,688200.SH,华峰测控,50,31-50,368.0
20260724,rps,300420.SZ,五洋自控,51,51+,6.33
20260724,rps,600206.SH,有研新材,52,51+,44.0
20260724,rps,002774.SZ,快意电梯,53,51+,17.64
20260724,rps,301072.SZ,中捷精工,54,51+,34.52
20260724,rps,301013.SZ,利和兴,55,51+,37.46
20260724,rps,301526.SZ,国际复材,56,51+,25.7
20260724,rps,002371.SZ,北方华创,57,51+,757.0
20260724,rps,688147.SH,微导纳米,58,51+,117.97
20260724,rps,688702.SH,盛科通信,59,51+,390.78
20260724,rps,002156.SZ,通富微电,60,51+,76.64
20260727,rps,603823.SH,百合花,1,1-10,68.32
20260727,rps,920725.BJ,惠丰钻石,2,1-10,78.4
20260727,rps,688432.SH,有研硅,3,1-10,39.99
20260727,rps,301520.SZ,万邦医药,4,1-10,61.03
20260727,rps,688347.SH,华虹宏力,5,1-10,308.4
20260727,rps,603137.SH,恒尚节能,6,1-10,28.32
20260727,rps,920438.BJ,戈碧迦,7,1-10,130.0
20260727,rps,688146.SH,中船特气,8,1-10,284.94
20260727,rps,603065.SH,宿迁联盛,9,1-10,15.55
20260727,rps,688669.SH,聚石化学,10,1-10,69.6
20260727,rps,301165.SZ,锐捷网络,11,11-30,130.64
20260727,rps,301310.SZ,鑫宏业,12,11-30,59.3
20260727,rps,688361.SH,中科飞测,13,11-30,389.43
20260727,rps,603580.SH,艾艾精工,14,11-30,47.91
20260727,rps,301234.SZ,五洲医疗,15,11-30,70.5
20260727,rps,688082.SH,盛美上海,16,11-30,307.0
20260727,rps,002674.SZ,兴业科技,17,11-30,23.63
20260727,rps,301377.SZ,鼎泰高科,18,11-30,414.38
20260727,rps,301526.SZ,国际复材,19,11-30,30.84
20260727,rps,000636.SZ,风华高科,20,11-30,44.24
20260727,rps,688630.SH,芯碁微装,21,11-30,420.9
20260727,rps,688260.SH,昀冢科技,22,11-30,79.05
20260727,rps,300214.SZ,日科化学,23,11-30,14.23
20260727,rps,000608.SZ,阳光股份,24,11-30,6.64
20260727,rps,300285.SZ,国瓷材料,25,11-30,62.44
20260727,rps,002409.SZ,雅克科技,26,11-30,169.35
20260727,rps,300420.SZ,五洋自控,27,11-30,6.9
20260727,rps,600206.SH,有研新材,28,11-30,47.05
20260727,rps,001258.SZ,立新能源,29,11-30,14.33
20260727,rps,688362.SH,甬矽电子,30,11-30,77.26
20260727,rps,600162.SH,香江控股,31,31-50,2.8
20260727,rps,003004.SZ,声迅股份,32,31-50,59.6
20260727,rps,001229.SZ,魅视科技,33,31-50,38.27
20260727,rps,688549.SH,中巨芯,34,31-50,25.27
20260727,rps,920699.BJ,海达尔,35,31-50,72.0
20260727,rps,688072.SH,拓荆科技,36,31-50,791.9
20260727,rps,002636.SZ,金安国纪,37,31-50,63.69
20260727,rps,301536.SZ,星宸科技,38,31-50,130.0
20260727,rps,300604.SZ,长川科技,39,31-50,304.7
20260727,rps,000725.SZ,京东方A,40,31-50,5.97
20260727,rps,600667.SH,太极实业,41,31-50,17.92
20260727,rps,300951.SZ,博硕科技,42,31-50,51.63
20260727,rps,603989.SH,艾华集团,43,31-50,28.86
20260727,rps,688627.SH,精智达,44,31-50,510.0
20260727,rps,002484.SZ,江海股份,45,31-50,69.95
20260727,rps,300985.SZ,致远新能,46,31-50,34.3
20260727,rps,300489.SZ,光智科技,47,31-50,171.37
20260727,rps,688120.SH,华海清科,48,31-50,271.5
20260727,rps,600584.SH,长电科技,49,31-50,82.35
20260727,rps,688507.SH,索辰科技,50,31-50,151.49
20260727,rps,600183.SH,生益科技,51,51+,125.99
20260727,rps,301013.SZ,利和兴,52,51+,40.02
20260727,rps,002821.SZ,凯莱英,53,51+,162.95
20260727,rps,688237.SH,超卓航科,54,51+,71.2
20260727,rps,688200.SH,华峰测控,55,51+,385.58
20260727,rps,688141.SH,杰华特,56,51+,132.7
20260727,rps,688012.SH,中微公司,57,51+,399.77
20260727,rps,688498.SH,源杰科技,58,51+,1473.01
20260727,rps,300671.SZ,富满微,59,51+,68.98
20260727,rps,301072.SZ,中捷精工,60,51+,34.15
20260728,rps,603823.SH,百合花,1,1-10,61.49
20260728,rps,920725.BJ,惠丰钻石,2,1-10,69.18
20260728,rps,301520.SZ,万邦医药,3,1-10,61.02
20260728,rps,603065.SH,宿迁联盛,4,1-10,16.06
20260728,rps,688146.SH,中船特气,5,1-10,275.8
20260728,rps,688432.SH,有研硅,6,1-10,39.99
20260728,rps,920438.BJ,戈碧迦,7,1-10,127.11
20260728,rps,301234.SZ,五洲医疗,8,1-10,77.75
20260728,rps,603580.SH,艾艾精工,9,1-10,52.7
20260728,rps,688347.SH,华虹宏力,10,1-10,281.0
20260728,rps,301310.SZ,鑫宏业,11,11-30,58.45
20260728,rps,603137.SH,恒尚节能,12,11-30,25.49
20260728,rps,688361.SH,中科飞测,13,11-30,369.0
20260728,rps,688669.SH,聚石化学,14,11-30,62.7
20260728,rps,002674.SZ,兴业科技,15,11-30,24.6
20260728,rps,301165.SZ,锐捷网络,16,11-30,115.4
20260728,rps,002141.SZ,贤丰控股,17,11-30,5.73
20260728,rps,600664.SH,哈药股份,18,11-30,5.74
20260728,rps,300214.SZ,日科化学,19,11-30,14.0
20260728,rps,688082.SH,盛美上海,20,11-30,287.01
20260728,rps,000608.SZ,阳光股份,21,11-30,6.21
20260728,rps,301526.SZ,国际复材,22,11-30,28.87
20260728,rps,300951.SZ,博硕科技,23,11-30,54.66
20260728,rps,688260.SH,昀冢科技,24,11-30,73.76
20260728,rps,600162.SH,香江控股,25,11-30,2.68
20260728,rps,000636.SZ,风华高科,26,11-30,43.19
20260728,rps,301377.SZ,鼎泰高科,27,11-30,372.81
20260728,rps,001229.SZ,魅视科技,28,11-30,37.52
20260728,rps,002409.SZ,雅克科技,29,11-30,166.43
20260728,rps,003004.SZ,声迅股份,30,11-30,59.85
20260728,rps,300285.SZ,国瓷材料,31,31-50,56.42
20260728,rps,600428.SH,中远海特,32,31-50,11.2
20260728,rps,688362.SH,甬矽电子,33,31-50,68.49
20260728,rps,300759.SZ,康龙化成,34,31-50,37.72
20260728,rps,002860.SZ,星帅尔,35,31-50,19.77
20260728,rps,688630.SH,芯碁微装,36,31-50,378.0
20260728,rps,300420.SZ,五洋自控,37,31-50,6.27
20260728,rps,600206.SH,有研新材,38,31-50,43.5
20260728,rps,603221.SH,爱丽家居,39,31-50,16.94
20260728,rps,600667.SH,太极实业,40,31-50,18.37
20260728,rps,920699.BJ,海达尔,41,31-50,63.95
20260728,rps,688072.SH,拓荆科技,42,31-50,710.0
20260728,rps,688237.SH,超卓航科,43,31-50,68.21
20260728,rps,002821.SZ,凯莱英,44,31-50,157.36
20260728,rps,301072.SZ,中捷精工,45,31-50,33.75
20260728,rps,688120.SH,华海清科,46,31-50,258.0
20260728,rps,300604.SZ,长川科技,47,31-50,276.4
20260728,rps,600584.SH,长电科技,48,31-50,76.83
20260728,rps,002636.SZ,金安国纪,49,31-50,57.32
20260728,rps,301536.SZ,星宸科技,50,31-50,118.8
20260728,rps,000938.SZ,紫光股份,51,51+,41.48
20260728,rps,300985.SZ,致远新能,52,51+,31.67
20260728,rps,688012.SH,中微公司,53,51+,383.0
20260728,rps,002440.SZ,闰土股份,54,51+,12.4
20260728,rps,688627.SH,精智达,55,51+,473.06
20260728,rps,301013.SZ,利和兴,56,51+,36.59
20260728,rps,688200.SH,华峰测控,57,51+,355.9
20260728,rps,002832.SZ,比音勒芬,58,51+,25.35
20260728,rps,688702.SH,盛科通信,59,51+,361.0
20260728,rps,001258.SZ,立新能源,60,51+,12.9
20260729,rps,603823.SH,百合花,1,1-10,55.34
20260729,rps,688146.SH,中船特气,2,1-10,301.17
20260729,rps,603580.SH,艾艾精工,3,1-10,57.97
20260729,rps,920725.BJ,惠丰钻石,4,1-10,69.33
20260729,rps,301310.SZ,鑫宏业,5,1-10,58.5
20260729,rps,920438.BJ,戈碧迦,6,1-10,115.58
20260729,rps,603065.SH,宿迁联盛,7,1-10,14.45
20260729,rps,688347.SH,华虹宏力,8,1-10,270.2
20260729,rps,301520.SZ,万邦医药,9,1-10,51.8
20260729,rps,002141.SZ,贤丰控股,10,1-10,6.3
20260729,rps,603137.SH,恒尚节能,11,11-30,23.83
20260729,rps,301234.SZ,五洲医疗,12,11-30,67.89
20260729,rps,688432.SH,有研硅,13,11-30,36.07
20260729,rps,688669.SH,聚石化学,14,11-30,59.32
20260729,rps,688361.SH,中科飞测,15,11-30,360.7
20260729,rps,301526.SZ,国际复材,16,11-30,30.2
20260729,rps,002674.SZ,兴业科技,17,11-30,22.14
20260729,rps,300951.SZ,博硕科技,18,11-30,57.92
20260729,rps,603221.SH,爱丽家居,19,11-30,18.63
20260729,rps,300214.SZ,日科化学,20,11-30,13.5
20260729,rps,688260.SH,昀冢科技,21,11-30,88.51
20260729,rps,000608.SZ,阳光股份,22,11-30,6.03
20260729,rps,301165.SZ,锐捷网络,23,11-30,105.0
20260729,rps,000636.SZ,风华高科,24,11-30,47.51
20260729,rps,301377.SZ,鼎泰高科,25,11-30,361.28
20260729,rps,600428.SH,中远海特,26,11-30,11.24
20260729,rps,002440.SZ,闰土股份,27,11-30,13.64
20260729,rps,600162.SH,香江控股,28,11-30,2.63
20260729,rps,688082.SH,盛美上海,29,11-30,277.7
20260729,rps,002860.SZ,星帅尔,30,11-30,19.33
20260729,rps,001229.SZ,魅视科技,31,31-50,34.99
20260729,rps,688120.SH,华海清科,32,31-50,268.7
20260729,rps,300285.SZ,国瓷材料,33,31-50,59.12
20260729,rps,301536.SZ,星宸科技,34,31-50,125.83
20260729,rps,300420.SZ,五洋自控,35,31-50,6.03
20260729,rps,600667.SH,太极实业,36,31-50,17.4
20260729,rps,688237.SH,超卓航科,37,31-50,67.9
20260729,rps,002821.SZ,凯莱英,38,31-50,155.01
20260729,rps,002409.SZ,雅克科技,39,31-50,152.18
20260729,rps,600206.SH,有研新材,40,31-50,39.86
20260729,rps,002167.SZ,东方锆业,41,31-50,15.44
20260729,rps,688549.SH,中巨芯,42,31-50,21.87
20260729,rps,688072.SH,拓荆科技,43,31-50,700.87
20260729,rps,603259.SH,药明康德,44,31-50,126.5
20260729,rps,000739.SZ,普洛药业,45,31-50,20.66
20260729,rps,688630.SH,芯碁微装,46,31-50,349.92
20260729,rps,688362.SH,甬矽电子,47,31-50,64.34
20260729,rps,301273.SZ,瑞晨环保,48,31-50,38.91
20260729,rps,603663.SH,三祥新材,49,31-50,37.0
20260729,rps,600378.SH,昊华科技,50,31-50,43.16
20260729,rps,688046.SH,药康生物,51,51+,25.38
20260729,rps,002636.SZ,金安国纪,52,51+,54.56
20260729,rps,688200.SH,华峰测控,53,51+,360.82
20260729,rps,002832.SZ,比音勒芬,54,51+,24.28
20260729,rps,301013.SZ,利和兴,55,51+,37.39
20260729,rps,603261.SH,立航科技,56,51+,44.57
20260729,rps,688710.SH,益诺思,57,51+,77.9
20260729,rps,601168.SH,西部矿业,58,51+,36.91
20260729,rps,002774.SZ,快意电梯,59,51+,14.97
20260729,rps,920699.BJ,海达尔,60,51+,63.28
20260730,rps,603580.SH,艾艾精工,1,1-10,56.2
20260730,rps,603823.SH,百合花,2,1-10,49.81
20260730,rps,688146.SH,中船特气,3,1-10,284.64
20260730,rps,603137.SH,恒尚节能,4,1-10,26.21
20260730,rps,920725.BJ,惠丰钻石,5,1-10,61.04
20260730,rps,301310.SZ,鑫宏业,6,1-10,53.64
20260730,rps,688260.SH,昀冢科技,7,1-10,102.81
20260730,rps,301526.SZ,国际复材,8,1-10,32.93
20260730,rps,301234.SZ,五洲医疗,9,1-10,69.2
20260730,rps,603221.SH,爱丽家居,10,1-10,20.49
20260730,rps,600664.SH,哈药股份,11,11-30,5.56
20260730,rps,603065.SH,宿迁联盛,12,11-30,13.01
20260730,rps,600162.SH,香江控股,13,11-30,2.89
20260730,rps,688669.SH,聚石化学,14,11-30,56.2
20260730,rps,920438.BJ,戈碧迦,15,11-30,103.2
20260730,rps,301520.SZ,万邦医药,16,11-30,44.96
20260730,rps,002141.SZ,贤丰控股,17,11-30,5.67
20260730,rps,002674.SZ,兴业科技,18,11-30,21.63
20260730,rps,000636.SZ,风华高科,19,11-30,50.5
20260730,rps,301165.SZ,锐捷网络,20,11-30,102.0
20260730,rps,300285.SZ,国瓷材料,21,11-30,61.28
20260730,rps,002440.SZ,闰土股份,22,11-30,13.64
20260730,rps,300214.SZ,日科化学,23,11-30,12.45
20260730,rps,600428.SH,中远海特,24,11-30,10.98
20260730,rps,688432.SH,有研硅,25,11-30,28.88
20260730,rps,300951.SZ,博硕科技,26,11-30,49.95
20260730,rps,300759.SZ,康龙化成,27,11-30,36.01
20260730,rps,301377.SZ,鼎泰高科,28,11-30,333.0
20260730,rps,002832.SZ,比音勒芬,29,11-30,25.8
20260730,rps,688347.SH,华虹宏力,30,11-30,230.0
20260730,rps,001258.SZ,立新能源,31,31-50,12.35
20260730,rps,603129.SH,春风动力,32,31-50,307.28
20260730,rps,688120.SH,华海清科,33,31-50,268.28
20260730,rps,688361.SH,中科飞测,34,31-50,323.15
20260730,rps,688082.SH,盛美上海,35,31-50,262.13
20260730,rps,002821.SZ,凯莱英,36,31-50,145.95
20260730,rps,603259.SH,药明康德,37,31-50,125.48
20260730,rps,301273.SZ,瑞晨环保,38,31-50,36.95
20260730,rps,000739.SZ,普洛药业,39,31-50,20.02
20260730,rps,003004.SZ,声迅股份,40,31-50,53.5
20260730,rps,600206.SH,有研新材,41,31-50,35.87
20260730,rps,600667.SH,太极实业,42,31-50,15.66
20260730,rps,300420.SZ,五洋自控,43,31-50,5.32
20260730,rps,603261.SH,立航科技,44,31-50,41.26
20260730,rps,002409.SZ,雅克科技,45,31-50,136.96
20260730,rps,300985.SZ,致远新能,46,31-50,27.16
20260730,rps,600378.SH,昊华科技,47,31-50,40.26
20260730,rps,600228.SH,返利科技,48,31-50,7.33
20260730,rps,301536.SZ,星宸科技,49,31-50,104.0
20260730,rps,601233.SH,桐昆股份,50,31-50,22.05
20260730,rps,600367.SH,红星发展,51,51+,26.95
20260730,rps,688046.SH,药康生物,52,51+,23.26
20260730,rps,688710.SH,益诺思,53,51+,70.8
20260730,rps,002636.SZ,金安国纪,54,51+,49.1
20260730,rps,688549.SH,中巨芯,55,51+,19.7
20260730,rps,000703.SZ,恒逸石化,56,51+,16.05
20260730,rps,300408.SZ,三环集团,57,51+,105.3
20260730,rps,601918.SH,新集能源,58,51+,9.79
20260730,rps,000691.SZ,亚太实业,59,51+,9.1
20260730,rps,002774.SZ,快意电梯,60,51+,13.47
20260731,rps,603580.SH,艾艾精工,1,1-10,52.9
20260731,rps,920725.BJ,惠丰钻石,2,1-10,64.23
20260731,rps,688146.SH,中船特气,3,1-10,266.0
20260731,rps,603823.SH,百合花,4,1-10,46.8
20260731,rps,603137.SH,恒尚节能,5,1-10,25.0
20260731,rps,301310.SZ,鑫宏业,6,1-10,52.56
20260731,rps,600162.SH,香江控股,7,1-10,3.18
20260731,rps,301526.SZ,国际复材,8,1-10,31.99
20260731,rps,301165.SZ,锐捷网络,9,1-10,118.0
20260731,rps,603221.SH,爱丽家居,10,1-10,22.54
20260731,rps,600664.SH,哈药股份,11,11-30,5.89
20260731,rps,301234.SZ,五洲医疗,12,11-30,65.89
20260731,rps,688669.SH,聚石化学,13,11-30,58.6
20260731,rps,688260.SH,昀冢科技,14,11-30,100.08
20260731,rps,002141.SZ,贤丰控股,15,11-30,5.6
20260731,rps,920438.BJ,戈碧迦,16,11-30,111.18
20260731,rps,002674.SZ,兴业科技,17,11-30,22.76
20260731,rps,000608.SZ,阳光股份,18,11-30,6.1
20260731,rps,688432.SH,有研硅,19,11-30,29.18
20260731,rps,300951.SZ,博硕科技,20,11-30,54.5
20260731,rps,300285.SZ,国瓷材料,21,11-30,62.04
20260731,rps,002440.SZ,闰土股份,22,11-30,13.71
20260731,rps,600428.SH,中远海特,23,11-30,11.31
20260731,rps,301108.SZ,洁雅股份,24,11-30,35.6
20260731,rps,000636.SZ,风华高科,25,11-30,49.35
20260731,rps,300214.SZ,日科化学,26,11-30,11.69
20260731,rps,688361.SH,中科飞测,27,11-30,346.6
20260731,rps,688347.SH,华虹宏力,28,11-30,237.9
20260731,rps,600667.SH,太极实业,29,11-30,17.23
20260731,rps,300759.SZ,康龙化成,30,11-30,36.8
20260731,rps,301377.SZ,鼎泰高科,31,31-50,350.1
20260731,rps,002832.SZ,比音勒芬,32,31-50,25.99
20260731,rps,301536.SZ,星宸科技,33,31-50,113.07
20260731,rps,603261.SH,立航科技,34,31-50,45.39
20260731,rps,688120.SH,华海清科,35,31-50,256.98
20260731,rps,688082.SH,盛美上海,36,31-50,271.89
20260731,rps,603129.SH,春风动力,37,31-50,306.22
20260731,rps,300420.SZ,五洋自控,38,31-50,5.65
20260731,rps,603259.SH,药明康德,39,31-50,128.43
20260731,rps,688549.SH,中巨芯,40,31-50,19.53
20260731,rps,600228.SH,返利科技,41,31-50,7.74
20260731,rps,002774.SZ,快意电梯,42,31-50,14.82
20260731,rps,600206.SH,有研新材,43,31-50,35.39
20260731,rps,688200.SH,华峰测控,44,31-50,357.67
20260731,rps,300985.SZ,致远新能,45,31-50,28.07
20260731,rps,002821.SZ,凯莱英,46,31-50,152.65
20260731,rps,688630.SH,芯碁微装,47,31-50,325.23
20260731,rps,688141.SH,杰华特,48,31-50,114.11
20260731,rps,001258.SZ,立新能源,49,31-50,12.34
20260731,rps,000938.SZ,紫光股份,50,31-50,34.89
20260731,rps,002636.SZ,金安国纪,51,51+,50.83
20260731,rps,688519.SH,南亚新材,52,51+,218.0
20260731,rps,002409.SZ,雅克科技,53,51+,133.8
20260731,rps,300716.SZ,*ST泉为,54,51+,17.41
20260731,rps,688046.SH,药康生物,55,51+,24.15
20260731,rps,300234.SZ,开尔新材,56,51+,8.37
20260731,rps,601233.SH,桐昆股份,57,51+,22.4
20260731,rps,301273.SZ,瑞晨环保,58,51+,35.48
20260731,rps,301218.SZ,华是科技,59,51+,41.53
20260731,rps,000703.SZ,恒逸石化,60,51+,16.09
20260803,rps,603823.SH,百合花,1,1-10,51.48
20260803,rps,603580.SH,艾艾精工,2,1-10,48.9
20260803,rps,688146.SH,中船特气,3,1-10,247.99
20260803,rps,920725.BJ,惠丰钻石,4,1-10,65.38
20260803,rps,603137.SH,恒尚节能,5,1-10,25.51
20260803,rps,600162.SH,香江控股,6,1-10,3.1
20260803,rps,600664.SH,哈药股份,7,1-10,5.99
20260803,rps,000608.SZ,阳光股份,8,1-10,6.71
20260803,rps,603065.SH,宿迁联盛,9,1-10,13.79
20260803,rps,301234.SZ,五洲医疗,10,1-10,66.1
20260803,rps,301310.SZ,鑫宏业,11,11-30,47.9
20260803,rps,920438.BJ,戈碧迦,12,11-30,108.93
20260803,rps,300214.SZ,日科化学,13,11-30,12.97
20260803,rps,002674.SZ,兴业科技,14,11-30,22.25
20260803,rps,301165.SZ,锐捷网络,15,11-30,107.02
20260803,rps,688669.SH,聚石化学,16,11-30,56.3
20260803,rps,600428.SH,中远海特,17,11-30,11.35
20260803,rps,001229.SZ,魅视科技,18,11-30,34.98
20260803,rps,300759.SZ,康龙化成,19,11-30,36.07
20260803,rps,000636.SZ,风华高科,20,11-30,51.96
20260803,rps,300951.SZ,博硕科技,21,11-30,52.05
20260803,rps,688432.SH,有研硅,22,11-30,26.68
20260803,rps,301526.SZ,国际复材,23,11-30,27.88
20260803,rps,603261.SH,立航科技,24,11-30,49.93
20260803,rps,688260.SH,昀冢科技,25,11-30,96.69
20260803,rps,002832.SZ,比音勒芬,26,11-30,25.54
20260803,rps,003032.SZ,传智教育,27,11-30,9.69
20260803,rps,600667.SH,太极实业,28,11-30,16.28
20260803,rps,603129.SH,春风动力,29,11-30,306.4
20260803,rps,300420.SZ,五洋自控,30,11-30,5.72
20260803,rps,603259.SH,药明康德,31,31-50,128.5
20260803,rps,300419.SZ,ST浩丰,32,31-50,8.49
20260803,rps,688361.SH,中科飞测,33,31-50,302.97
20260803,rps,001258.SZ,立新能源,34,31-50,12.73
20260803,rps,688347.SH,华虹宏力,35,31-50,219.5
20260803,rps,603682.SH,锦和商管,36,31-50,10.56
20260803,rps,300285.SZ,国瓷材料,37,31-50,57.8
20260803,rps,603679.SH,华体科技,38,31-50,21.09
20260803,rps,003004.SZ,声迅股份,39,31-50,59.42
20260803,rps,002415.SZ,海康威视,40,31-50,37.95
20260803,rps,300985.SZ,致远新能,41,31-50,28.08
20260803,rps,601168.SH,西部矿业,42,31-50,37.5
20260803,rps,000703.SZ,恒逸石化,43,31-50,16.2
20260803,rps,301536.SZ,星宸科技,44,31-50,104.31
20260803,rps,002768.SZ,国恩股份,45,31-50,50.9
20260803,rps,002821.SZ,凯莱英,46,31-50,146.92
20260803,rps,688082.SH,盛美上海,47,31-50,247.15
20260803,rps,688120.SH,华海清科,48,31-50,226.99
20260803,rps,300234.SZ,开尔新材,49,31-50,8.71
20260803,rps,301273.SZ,瑞晨环保,50,31-50,35.49
20260803,rps,688046.SH,药康生物,51,51+,23.39
20260803,rps,688549.SH,中巨芯,52,51+,18.4
20260803,rps,600857.SH,宁波中百,53,51+,16.03
20260803,rps,002317.SZ,众生药业,54,51+,26.71
20260803,rps,300506.SZ,名家汇,55,51+,5.79
20260803,rps,301345.SZ,涛涛车业,56,51+,248.5
20260803,rps,600206.SH,有研新材,57,51+,33.15
20260803,rps,300716.SZ,*ST泉为,58,51+,16.94
20260803,rps,920699.BJ,海达尔,59,51+,62.1
20260803,rps,601101.SH,昊华能源,60,51+,11.1
20260804,rps,603580.SH,艾艾精工,1,1-10,53.79
20260804,rps,603823.SH,百合花,2,1-10,55.21
20260804,rps,603137.SH,恒尚节能,3,1-10,26.02
20260804,rps,600664.SH,哈药股份,4,1-10,6.45
20260804,rps,688146.SH,中船特气,5,1-10,253.1
20260804,rps,603065.SH,宿迁联盛,6,1-10,14.54
20260804,rps,920725.BJ,惠丰钻石,7,1-10,70.0
20260804,rps,301234.SZ,五洲医疗,8,1-10,68.8
20260804,rps,301310.SZ,鑫宏业,9,1-10,50.82
20260804,rps,000608.SZ,阳光股份,10,1-10,6.59
20260804,rps,600162.SH,香江控股,11,11-30,3.24
20260804,rps,920438.BJ,戈碧迦,12,11-30,116.08
20260804,rps,300214.SZ,日科化学,13,11-30,13.07
20260804,rps,300759.SZ,康龙化成,14,11-30,39.92
20260804,rps,600428.SH,中远海特,15,11-30,11.58
20260804,rps,002674.SZ,兴业科技,16,11-30,24.48
20260804,rps,002141.SZ,贤丰控股,17,11-30,5.48
20260804,rps,300951.SZ,博硕科技,18,11-30,59.72
20260804,rps,001229.SZ,魅视科技,19,11-30,38.48
20260804,rps,301165.SZ,锐捷网络,20,11-30,107.59
20260804,rps,688669.SH,聚石化学,21,11-30,57.18
20260804,rps,688432.SH,有研硅,22,11-30,28.03
20260804,rps,003032.SZ,传智教育,23,11-30,10.66
20260804,rps,603259.SH,药明康德,24,11-30,141.35
20260804,rps,301526.SZ,国际复材,25,11-30,29.98
20260804,rps,300489.SZ,光智科技,26,11-30,169.2
20260804,rps,300420.SZ,五洋自控,27,11-30,6.59
20260804,rps,688758.SH,赛分科技,28,11-30,26.39
20260804,rps,603261.SH,立航科技,29,11-30,49.85
20260804,rps,688046.SH,药康生物,30,11-30,26.62
20260804,rps,001258.SZ,立新能源,31,31-50,13.4
20260804,rps,002821.SZ,凯莱英,32,31-50,161.61
20260804,rps,000636.SZ,风华高科,33,31-50,54.33
20260804,rps,300985.SZ,致远新能,34,31-50,28.8
20260804,rps,600667.SH,太极实业,35,31-50,17.15
20260804,rps,000739.SZ,普洛药业,36,31-50,22.12
20260804,rps,002768.SZ,国恩股份,37,31-50,53.6
20260804,rps,920699.BJ,海达尔,38,31-50,67.1
20260804,rps,688260.SH,昀冢科技,39,31-50,100.0
20260804,rps,002832.SZ,比音勒芬,40,31-50,25.3
20260804,rps,003004.SZ,声迅股份,41,31-50,61.9
20260804,rps,688361.SH,中科飞测,42,31-50,317.98
20260804,rps,300419.SZ,ST浩丰,43,31-50,8.45
20260804,rps,688710.SH,益诺思,44,31-50,74.3
20260804,rps,688498.SH,源杰科技,45,31-50,1315.0
20260804,rps,300234.SZ,开尔新材,46,31-50,9.0
20260804,rps,688549.SH,中巨芯,47,31-50,19.34
20260804,rps,600228.SH,返利科技,48,31-50,7.83
20260804,rps,600857.SH,宁波中百,49,31-50,16.82
20260804,rps,002774.SZ,快意电梯,50,31-50,14.76
20260804,rps,603682.SH,锦和商管,51,51+,10.18
20260804,rps,688519.SH,南亚新材,52,51+,236.05
20260804,rps,600206.SH,有研新材,53,51+,36.19
20260804,rps,600671.SH,天目药业,54,51+,22.17
20260804,rps,600160.SH,巨化股份,55,51+,41.35
20260804,rps,603679.SH,华体科技,56,51+,21.58
20260804,rps,301536.SZ,星宸科技,57,51+,108.61
20260804,rps,300843.SZ,胜蓝股份,58,51+,112.55
20260804,rps,601168.SH,西部矿业,59,51+,38.21
20260804,rps,000703.SZ,恒逸石化,60,51+,15.77
20260805,rps,603580.SH,艾艾精工,1,1-10,56.22
20260805,rps,603823.SH,百合花,2,1-10,60.73
20260805,rps,688146.SH,中船特气,3,1-10,286.32
20260805,rps,600664.SH,哈药股份,4,1-10,6.77
20260805,rps,603065.SH,宿迁联盛,5,1-10,15.51
20260805,rps,603137.SH,恒尚节能,6,1-10,26.17
20260805,rps,301310.SZ,鑫宏业,7,1-10,54.83
20260805,rps,301234.SZ,五洲医疗,8,1-10,71.55
20260805,rps,920725.BJ,惠丰钻石,9,1-10,76.76
20260805,rps,000608.SZ,阳光股份,10,1-10,6.92
20260805,rps,688432.SH,有研硅,11,11-30,32.97
20260805,rps,002674.SZ,兴业科技,12,11-30,26.93
20260805,rps,001229.SZ,魅视科技,13,11-30,42.32
20260805,rps,301165.SZ,锐捷网络,14,11-30,115.52
20260805,rps,300951.SZ,博硕科技,15,11-30,65.99
20260805,rps,300420.SZ,五洋自控,16,11-30,7.89
20260805,rps,920438.BJ,戈碧迦,17,11-30,121.0
20260805,rps,600162.SH,香江控股,18,11-30,3.38
20260805,rps,300214.SZ,日科化学,19,11-30,13.23
20260805,rps,003032.SZ,传智教育,20,11-30,11.73
20260805,rps,600428.SH,中远海特,21,11-30,11.73
20260805,rps,688549.SH,中巨芯,22,11-30,23.21
20260805,rps,300489.SZ,光智科技,23,11-30,182.45
20260805,rps,920699.BJ,海达尔,24,11-30,71.19
20260805,rps,301526.SZ,国际复材,25,11-30,34.19
20260805,rps,603259.SH,药明康德,26,11-30,147.5
20260805,rps,688669.SH,聚石化学,27,11-30,59.53
20260805,rps,300209.SZ,行云科技,28,11-30,36.97
20260805,rps,300985.SZ,致远新能,29,11-30,30.04
20260805,rps,688361.SH,中科飞测,30,11-30,341.6
20260805,rps,600667.SH,太极实业,31,31-50,18.45
20260805,rps,603261.SH,立航科技,32,31-50,51.16
20260805,rps,000636.SZ,风华高科,33,31-50,57.8
20260805,rps,600206.SH,有研新材,34,31-50,39.81
20260805,rps,002768.SZ,国恩股份,35,31-50,57.1
20260805,rps,001258.SZ,立新能源,36,31-50,13.53
20260805,rps,300285.SZ,国瓷材料,37,31-50,67.27
20260805,rps,688046.SH,药康生物,38,31-50,27.26
20260805,rps,603682.SH,锦和商管,39,31-50,11.01
20260805,rps,688596.SH,正帆科技,40,31-50,57.42
20260805,rps,002832.SZ,比音勒芬,41,31-50,25.89
20260805,rps,688260.SH,昀冢科技,42,31-50,106.63
20260805,rps,688141.SH,杰华特,43,31-50,128.01
20260805,rps,688710.SH,益诺思,44,31-50,77.4
20260805,rps,000938.SZ,紫光股份,45,31-50,36.94
20260805,rps,301536.SZ,星宸科技,46,31-50,114.5
20260805,rps,300419.SZ,ST浩丰,47,31-50,8.87
20260805,rps,301377.SZ,鼎泰高科,48,31-50,416.07
20260805,rps,603268.SH,松发股份,49,31-50,172.87
20260805,rps,688200.SH,华峰测控,50,31-50,375.42
20260805,rps,300843.SZ,胜蓝股份,51,51+,117.25
20260805,rps,688519.SH,南亚新材,52,51+,252.16
20260805,rps,688498.SH,源杰科技,53,51+,1298.0
20260805,rps,301580.SZ,爱迪特,54,51+,53.32
20260805,rps,603127.SH,昭衍新药,55,51+,46.3
20260805,rps,601168.SH,西部矿业,56,51+,41.02
20260805,rps,000811.SZ,冰轮环境,57,51+,39.47
20260805,rps,688630.SH,芯碁微装,58,51+,361.0
20260805,rps,300506.SZ,名家汇,59,51+,6.15
20260805,rps,600228.SH,返利科技,60,51+,7.73
20260806,rps,603823.SH,百合花,1,1-10,66.8
20260806,rps,603580.SH,艾艾精工,2,1-10,53.7
20260806,rps,920725.BJ,惠丰钻石,3,1-10,78.0
20260806,rps,603065.SH,宿迁联盛,4,1-10,15.77
20260806,rps,301310.SZ,鑫宏业,5,1-10,59.71
20260806,rps,688146.SH,中船特气,6,1-10,308.0
20260806,rps,688432.SH,有研硅,7,1-10,37.85
20260806,rps,603137.SH,恒尚节能,8,1-10,25.0
20260806,rps,301234.SZ,五洲医疗,9,1-10,69.68
20260806,rps,603221.SH,爱丽家居,10,1-10,24.79
20260806,rps,688549.SH,中巨芯,11,11-30,27.85
20260806,rps,600664.SH,哈药股份,12,11-30,6.22
20260806,rps,002674.SZ,兴业科技,13,11-30,28.65
20260806,rps,301165.SZ,锐捷网络,14,11-30,119.18
20260806,rps,300420.SZ,五洋自控,15,11-30,8.1
20260806,rps,300489.SZ,光智科技,16,11-30,202.0
20260806,rps,002303.SZ,美盈森,17,11-30,5.59
20260806,rps,000608.SZ,阳光股份,18,11-30,7.15
20260806,rps,300951.SZ,博硕科技,19,11-30,67.26
20260806,rps,920438.BJ,戈碧迦,20,11-30,125.59
20260806,rps,002141.SZ,贤丰控股,21,11-30,5.73
20260806,rps,301526.SZ,国际复材,22,11-30,35.2
20260806,rps,001229.SZ,魅视科技,23,11-30,40.0
20260806,rps,600428.SH,中远海特,24,11-30,12.0
20260806,rps,688669.SH,聚石化学,25,11-30,63.36
20260806,rps,600206.SH,有研新材,26,11-30,43.79
20260806,rps,300214.SZ,日科化学,27,11-30,12.6
20260806,rps,003032.SZ,传智教育,28,11-30,10.95
20260806,rps,600162.SH,香江控股,29,11-30,3.51
20260806,rps,300985.SZ,致远新能,30,11-30,31.51
20260806,rps,688596.SH,正帆科技,31,31-50,61.0
20260806,rps,920699.BJ,海达尔,32,31-50,74.54
20260806,rps,688361.SH,中科飞测,33,31-50,345.0
20260806,rps,688200.SH,华峰测控,34,31-50,395.15
20260806,rps,300285.SZ,国瓷材料,35,31-50,69.53
20260806,rps,603259.SH,药明康德,36,31-50,142.7
20260806,rps,300419.SZ,ST浩丰,37,31-50,9.45
20260806,rps,688630.SH,芯碁微装,38,31-50,392.62
20260806,rps,688702.SH,盛科通信,39,31-50,390.02
20260806,rps,600667.SH,太极实业,40,31-50,19.17
20260806,rps,603682.SH,锦和商管,41,31-50,11.4
20260806,rps,603261.SH,立航科技,42,31-50,50.45
20260806,rps,688046.SH,药康生物,43,31-50,27.76
20260806,rps,300209.SZ,行云科技,44,31-50,34.67
20260806,rps,000938.SZ,紫光股份,45,31-50,37.94
20260806,rps,301536.SZ,星宸科技,46,31-50,119.0
20260806,rps,002774.SZ,快意电梯,47,31-50,16.13
20260806,rps,002832.SZ,比音勒芬,48,31-50,25.61
20260806,rps,688141.SH,杰华特,49,31-50,130.7
20260806,rps,002768.SZ,国恩股份,50,31-50,57.8
20260806,rps,300506.SZ,名家汇,51,51+,6.53
20260806,rps,000636.SZ,风华高科,52,51+,58.28
20260806,rps,000703.SZ,恒逸石化,53,51+,17.2
20260806,rps,601678.SH,滨化股份,54,51+,7.28
20260806,rps,000571.SZ,新大洲A,55,51+,7.3
20260806,rps,603268.SH,松发股份,56,51+,180.0
20260806,rps,603679.SH,华体科技,57,51+,22.63
20260806,rps,688710.SH,益诺思,58,51+,77.88
20260806,rps,688237.SH,超卓航科,59,51+,60.71
20260806,rps,300540.SZ,蜀道装备,60,51+,33.61
20260807,rps,603823.SH,百合花,1,1-10,65.9
20260807,rps,301234.SZ,五洲医疗,2,1-10,83.62
20260807,rps,603580.SH,艾艾精工,3,1-10,53.83
20260807,rps,603065.SH,宿迁联盛,4,1-10,16.14
20260807,rps,603137.SH,恒尚节能,5,1-10,27.5
20260807,rps,301520.SZ,万邦医药,6,1-10,56.33
20260807,rps,600664.SH,哈药股份,7,1-10,6.84
20260807,rps,603221.SH,爱丽家居,8,1-10,24.82
20260807,rps,688432.SH,有研硅,9,1-10,38.93
20260807,rps,688549.SH,中巨芯,10,1-10,28.77
20260807,rps,002674.SZ,兴业科技,11,11-30,28.33
20260807,rps,688146.SH,中船特气,12,11-30,316.0
20260807,rps,002141.SZ,贤丰控股,13,11-30,6.11
20260807,rps,301165.SZ,锐捷网络,14,11-30,118.17
20260807,rps,300420.SZ,五洋自控,15,11-30,8.24
20260807,rps,688669.SH,聚石化学,16,11-30,69.5
20260807,rps,000608.SZ,阳光股份,17,11-30,7.18
20260807,rps,300489.SZ,光智科技,18,11-30,240.0
20260807,rps,301047.SZ,义翘神州,19,11-30,107.88
20260807,rps,300951.SZ,博硕科技,20,11-30,68.5
20260807,rps,920438.BJ,戈碧迦,21,11-30,124.3
20260807,rps,688046.SH,药康生物,22,11-30,33.31
20260807,rps,301310.SZ,鑫宏业,23,11-30,53.72
20260807,rps,600428.SH,中远海特,24,11-30,11.95
20260807,rps,920725.BJ,惠丰钻石,25,11-30,78.39
20260807,rps,001229.SZ,魅视科技,26,11-30,40.59
20260807,rps,003032.SZ,传智教育,27,11-30,11.5
20260807,rps,600206.SH,有研新材,28,11-30,48.17
20260807,rps,603259.SH,药明康德,29,11-30,154.82
20260807,rps,301526.SZ,国际复材,30,11-30,38.32
20260807,rps,300214.SZ,日科化学,31,31-50,12.56
20260807,rps,688758.SH,赛分科技,32,31-50,28.97
20260807,rps,688361.SH,中科飞测,33,31-50,351.0
20260807,rps,688596.SH,正帆科技,34,31-50,65.98
20260807,rps,300985.SZ,致远新能,35,31-50,33.7
20260807,rps,920699.BJ,海达尔,36,31-50,71.29
20260807,rps,688710.SH,益诺思,37,31-50,90.69
20260807,rps,600162.SH,香江控股,38,31-50,3.72
20260807,rps,600667.SH,太极实业,39,31-50,19.53
20260807,rps,688200.SH,华峰测控,40,31-50,408.47
20260807,rps,002774.SZ,快意电梯,41,31-50,16.79
20260807,rps,301008.SZ,宏昌科技,42,31-50,41.41
20260807,rps,603127.SH,昭衍新药,43,31-50,50.89
20260807,rps,601168.SH,西部矿业,44,31-50,43.07
20260807,rps,300419.SZ,ST浩丰,45,31-50,9.42
20260807,rps,300083.SZ,创世纪,46,31-50,14.48
20260807,rps,301536.SZ,星宸科技,47,31-50,122.7
20260807,rps,000703.SZ,恒逸石化,48,31-50,17.71
20260807,rps,000571.SZ,新大洲A,49,31-50,7.37
20260807,rps,688011.SH,新光光电,50,31-50,81.15
20260807,rps,603261.SH,立航科技,51,51+,49.11
20260807,rps,002971.SZ,和远气体,52,51+,45.38
20260807,rps,600397.SH,江钨装备,53,51+,18.41
20260807,rps,300285.SZ,国瓷材料,54,51+,70.88
20260807,rps,688141.SH,杰华特,55,51+,137.51
20260807,rps,688120.SH,华海清科,56,51+,259.3
20260807,rps,688702.SH,盛科通信,57,51+,402.0
20260807,rps,601678.SH,滨化股份,58,51+,7.29
20260807,rps,300209.SZ,行云科技,59,51+,37.19
20260807,rps,688147.SH,微导纳米,60,51+,104.64
20260810,rps,603823.SH,百合花,1,1-10,68.38
20260810,rps,301234.SZ,五洲医疗,2,1-10,91.89
20260810,rps,603065.SH,宿迁联盛,3,1-10,17.75
20260810,rps,603580.SH,艾艾精工,4,1-10,59.21
20260810,rps,600664.SH,哈药股份,5,1-10,7.52
20260810,rps,603221.SH,爱丽家居,6,1-10,27.3
20260810,rps,301520.SZ,万邦医药,7,1-10,58.66
20260810,rps,688432.SH,有研硅,8,1-10,41.74
20260810,rps,603137.SH,恒尚节能,9,1-10,27.58
20260810,rps,688549.SH,中巨芯,10,1-10,29.17
20260810,rps,002141.SZ,贤丰控股,11,11-30,6.72
20260810,rps,002674.SZ,兴业科技,12,11-30,29.52
20260810,rps,688046.SH,药康生物,13,11-30,37.39
20260810,rps,301165.SZ,锐捷网络,14,11-30,121.2
20260810,rps,688146.SH,中船特气,15,11-30,325.3
20260810,rps,600206.SH,有研新材,16,11-30,52.03
20260810,rps,300420.SZ,五洋自控,17,11-30,8.15
20260810,rps,301047.SZ,义翘神州,18,11-30,113.61
20260810,rps,920699.BJ,海达尔,19,11-30,82.4
20260810,rps,920438.BJ,戈碧迦,20,11-30,114.84
20260810,rps,688669.SH,聚石化学,21,11-30,70.64
20260810,rps,688596.SH,正帆科技,22,11-30,70.5
20260810,rps,688202.SH,美迪西,23,11-30,103.1
20260810,rps,003032.SZ,传智教育,24,11-30,12.03
20260810,rps,300951.SZ,博硕科技,25,11-30,66.79
20260810,rps,000608.SZ,阳光股份,26,11-30,7.68
20260810,rps,688361.SH,中科飞测,27,11-30,362.45
20260810,rps,301526.SZ,国际复材,28,11-30,38.12
20260810,rps,300214.SZ,日科化学,29,11-30,12.58
20260810,rps,300489.SZ,光智科技,30,11-30,237.0
20260810,rps,603259.SH,药明康德,31,31-50,161.34
20260810,rps,688200.SH,华峰测控,32,31-50,422.1
20260810,rps,001229.SZ,魅视科技,33,31-50,40.9
20260810,rps,600428.SH,中远海特,34,31-50,11.65
20260810,rps,301310.SZ,鑫宏业,35,31-50,51.54
20260810,rps,300285.SZ,国瓷材料,36,31-50,76.11
20260810,rps,600667.SH,太极实业,37,31-50,19.27
20260810,rps,688011.SH,新光光电,38,31-50,85.39
20260810,rps,688141.SH,杰华特,39,31-50,141.31
20260810,rps,002774.SZ,快意电梯,40,31-50,17.0
20260810,rps,688710.SH,益诺思,41,31-50,89.01
20260810,rps,301536.SZ,星宸科技,42,31-50,121.6
20260810,rps,300985.SZ,致远新能,43,31-50,33.97
20260810,rps,300083.SZ,创世纪,44,31-50,14.57
20260810,rps,920725.BJ,惠丰钻石,45,31-50,76.07
20260810,rps,002409.SZ,雅克科技,46,31-50,155.24
20260810,rps,301218.SZ,华是科技,47,31-50,48.5
20260810,rps,688702.SH,盛科通信,48,31-50,403.96
20260810,rps,000703.SZ,恒逸石化,49,31-50,18.18
20260810,rps,603261.SH,立航科技,50,31-50,49.25
20260810,rps,300419.SZ,ST浩丰,51,51+,9.58
20260810,rps,688082.SH,盛美上海,52,51+,323.02
20260810,rps,688120.SH,华海清科,53,51+,263.53
20260810,rps,688233.SH,神工股份,54,51+,119.22
20260810,rps,600162.SH,香江控股,55,51+,3.9
20260810,rps,300671.SZ,富满微,56,51+,62.82
20260810,rps,688409.SH,富创精密,57,51+,210.0
20260810,rps,601168.SH,西部矿业,58,51+,42.45
20260810,rps,601678.SH,滨化股份,59,51+,7.43
20260810,rps,001258.SZ,立新能源,60,51+,14.48
20260811,rps,603823.SH,百合花,1,1-10,75.22
20260811,rps,301520.SZ,万邦医药,2,1-10,70.39
20260811,rps,600664.SH,哈药股份,3,1-10,8.27
20260811,rps,603137.SH,恒尚节能,4,1-10,30.34
20260811,rps,603580.SH,艾艾精工,5,1-10,56.88
20260811,rps,688432.SH,有研硅,6,1-10,40.2
20260811,rps,603065.SH,宿迁联盛,7,1-10,17.01
20260811,rps,301234.SZ,五洲医疗,8,1-10,87.3
20260811,rps,688046.SH,药康生物,9,1-10,39.52
20260811,rps,301165.SZ,锐捷网络,10,1-10,127.7
20260811,rps,002141.SZ,贤丰控股,11,11-30,6.88
20260811,rps,688549.SH,中巨芯,12,11-30,28.19
20260811,rps,600206.SH,有研新材,13,11-30,52.65
20260811,rps,301047.SZ,义翘神州,14,11-30,118.98
20260811,rps,002674.SZ,兴业科技,15,11-30,27.96
20260811,rps,301526.SZ,国际复材,16,11-30,39.39
20260811,rps,688596.SH,正帆科技,17,11-30,69.98
20260811,rps,688146.SH,中船特气,18,11-30,311.11
20260811,rps,688202.SH,美迪西,19,11-30,103.7
20260811,rps,300951.SZ,博硕科技,20,11-30,68.2
20260811,rps,688361.SH,中科飞测,21,11-30,348.3
20260811,rps,920438.BJ,戈碧迦,22,11-30,114.68
20260811,rps,300214.SZ,日科化学,23,11-30,13.01
20260811,rps,301008.SZ,宏昌科技,24,11-30,42.45
20260811,rps,688669.SH,聚石化学,25,11-30,66.86
20260811,rps,003032.SZ,传智教育,26,11-30,11.74
20260811,rps,688200.SH,华峰测控,27,11-30,416.3
20260811,rps,920699.BJ,海达尔,28,11-30,79.41
20260811,rps,688710.SH,益诺思,29,11-30,93.85
20260811,rps,603259.SH,药明康德,30,11-30,160.21
20260811,rps,300489.SZ,光智科技,31,31-50,222.0
20260811,rps,300420.SZ,五洋自控,32,31-50,7.95
20260811,rps,688141.SH,杰华特,33,31-50,140.0
20260811,rps,301536.SZ,星宸科技,34,31-50,125.79
20260811,rps,600667.SH,太极实业,35,31-50,21.2
20260811,rps,301310.SZ,鑫宏业,36,31-50,51.03
20260811,rps,000608.SZ,阳光股份,37,31-50,7.68
20260811,rps,688702.SH,盛科通信,38,31-50,393.6
20260811,rps,688120.SH,华海清科,39,31-50,268.33
20260811,rps,002821.SZ,凯莱英,40,31-50,175.64
20260811,rps,001229.SZ,魅视科技,41,31-50,40.5
20260811,rps,688011.SH,新光光电,42,31-50,84.1
20260811,rps,001258.SZ,立新能源,43,31-50,15.93
20260811,rps,688260.SH,昀冢科技,44,31-50,122.1
20260811,rps,600162.SH,香江控股,45,31-50,4.29
20260811,rps,600428.SH,中远海特,46,31-50,11.43
20260811,rps,688409.SH,富创精密,47,31-50,206.88
20260811,rps,688082.SH,盛美上海,48,31-50,311.95
20260811,rps,300843.SZ,胜蓝股份,49,31-50,123.95
20260811,rps,300985.SZ,致远新能,50,31-50,34.4
20260811,rps,603261.SH,立航科技,51,51+,48.93
20260811,rps,002409.SZ,雅克科技,52,51+,150.29
20260811,rps,688147.SH,微导纳米,53,51+,110.85
20260811,rps,300285.SZ,国瓷材料,54,51+,72.88
20260811,rps,688233.SH,神工股份,55,51+,114.14
20260811,rps,300083.SZ,创世纪,56,51+,14.03
20260811,rps,688548.SH,广钢气体,57,51+,37.17
20260811,rps,300671.SZ,富满微,58,51+,62.22
20260811,rps,300604.SZ,长川科技,59,51+,281.04
20260811,rps,688002.SH,睿创微纳,60,51+,166.75
20260812,rps,301520.SZ,万邦医药,1,1-10,73.9
20260812,rps,603823.SH,百合花,2,1-10,77.7
20260812,rps,600664.SH,哈药股份,3,1-10,8.81
20260812,rps,603137.SH,恒尚节能,4,1-10,31.2
20260812,rps,603580.SH,艾艾精工,5,1-10,56.35
20260812,rps,688432.SH,有研硅,6,1-10,40.7
20260812,rps,603065.SH,宿迁联盛,7,1-10,16.9
20260812,rps,688046.SH,药康生物,8,1-10,38.6
20260812,rps,002141.SZ,贤丰控股,9,1-10,6.98
20260812,rps,301234.SZ,五洲医疗,10,1-10,87.58
20260812,rps,688549.SH,中巨芯,11,11-30,28.82
20260812,rps,002674.SZ,兴业科技,12,11-30,28.88
20260812,rps,301165.SZ,锐捷网络,13,11-30,126.23
20260812,rps,688596.SH,正帆科技,14,11-30,75.35
20260812,rps,600721.SH,百花医药,15,11-30,14.03
20260812,rps,600206.SH,有研新材,16,11-30,52.95
20260812,rps,688202.SH,美迪西,17,11-30,106.0
20260812,rps,003032.SZ,传智教育,18,11-30,12.91
20260812,rps,300489.SZ,光智科技,19,11-30,248.0
20260812,rps,300951.SZ,博硕科技,20,11-30,71.5
20260812,rps,301008.SZ,宏昌科技,21,11-30,44.68
20260812,rps,301047.SZ,义翘神州,22,11-30,116.3
20260812,rps,920699.BJ,海达尔,23,11-30,84.06
20260812,rps,688361.SH,中科飞测,24,11-30,348.05
20260812,rps,688669.SH,聚石化学,25,11-30,68.3
20260812,rps,301526.SZ,国际复材,26,11-30,38.75
20260812,rps,920438.BJ,戈碧迦,27,11-30,114.86
20260812,rps,688200.SH,华峰测控,28,11-30,410.14
20260812,rps,000608.SZ,阳光股份,29,11-30,7.8
20260812,rps,688146.SH,中船特气,30,11-30,307.35
20260812,rps,688710.SH,益诺思,31,31-50,92.39
20260812,rps,603259.SH,药明康德,32,31-50,159.04
20260812,rps,001229.SZ,魅视科技,33,31-50,41.38
20260812,rps,300214.SZ,日科化学,34,31-50,12.2
20260812,rps,301536.SZ,星宸科技,35,31-50,124.41
20260812,rps,688120.SH,华海清科,36,31-50,273.33
20260812,rps,603127.SH,昭衍新药,37,31-50,51.15
20260812,rps,688409.SH,富创精密,38,31-50,217.09
20260812,rps,301310.SZ,鑫宏业,39,31-50,52.32
20260812,rps,600428.SH,中远海特,40,31-50,12.06
20260812,rps,603261.SH,立航科技,41,31-50,52.15
20260812,rps,300985.SZ,致远新能,42,31-50,35.52
20260812,rps,600667.SH,太极实业,43,31-50,22.71
20260812,rps,688233.SH,神工股份,44,31-50,117.56
20260812,rps,600162.SH,香江控股,45,31-50,4.72
20260812,rps,688011.SH,新光光电,46,31-50,83.36
20260812,rps,001258.SZ,立新能源,47,31-50,15.46
20260812,rps,688296.SH,和达科技,48,31-50,21.72
20260812,rps,300209.SZ,行云科技,49,31-50,36.5
20260812,rps,300671.SZ,富满微,50,31-50,63.92
20260812,rps,300083.SZ,创世纪,51,51+,14.44
20260812,rps,688702.SH,盛科通信,52,51+,384.9
20260812,rps,300843.SZ,胜蓝股份,53,51+,125.43
20260812,rps,300420.SZ,五洋自控,54,51+,8.06
20260812,rps,601700.SH,风范股份,55,51+,7.59
20260812,rps,002409.SZ,雅克科技,56,51+,155.19
20260812,rps,688082.SH,盛美上海,57,51+,314.1
20260812,rps,688222.SH,成都先导,58,51+,37.9
20260812,rps,688037.SH,芯源微,59,51+,339.0
20260812,rps,688260.SH,昀冢科技,60,51+,128.26
20260813,rps,301520.SZ,万邦医药,1,1-10,88.68
20260813,rps,600664.SH,哈药股份,2,1-10,8.86
20260813,rps,603823.SH,百合花,3,1-10,76.0
20260813,rps,300534.SZ,陇神戎发,4,1-10,18.92
20260813,rps,603137.SH,恒尚节能,5,1-10,28.98
20260813,rps,603580.SH,艾艾精工,6,1-10,53.69
20260813,rps,301080.SZ,百普赛斯,7,1-10,88.21
20260813,rps,688046.SH,药康生物,8,1-10,40.95
20260813,rps,605179.SH,一鸣食品,9,1-10,33.43
20260813,rps,301234.SZ,五洲医疗,10,1-10,90.62
20260813,rps,301165.SZ,锐捷网络,11,11-30,143.3
20260813,rps,300759.SZ,康龙化成,12,11-30,49.8
20260813,rps,688432.SH,有研硅,13,11-30,39.37
20260813,rps,002141.SZ,贤丰控股,14,11-30,6.65
20260813,rps,600721.SH,百花医药,15,11-30,14.5
20260813,rps,002674.SZ,兴业科技,16,11-30,28.46
20260813,rps,603065.SH,宿迁联盛,17,11-30,16.01
20260813,rps,688202.SH,美迪西,18,11-30,107.35
20260813,rps,920699.BJ,海达尔,19,11-30,84.5
20260813,rps,301047.SZ,义翘神州,20,11-30,120.0
20260813,rps,688549.SH,中巨芯,21,11-30,27.4
20260813,rps,688596.SH,正帆科技,22,11-30,71.86
20260813,rps,300489.SZ,光智科技,23,11-30,242.63
20260813,rps,300862.SZ,蓝盾光电,24,11-30,39.41
20260813,rps,600206.SH,有研新材,25,11-30,50.21
20260813,rps,300951.SZ,博硕科技,26,11-30,70.59
20260813,rps,603261.SH,立航科技,27,11-30,57.37
20260813,rps,688758.SH,赛分科技,28,11-30,30.18
20260813,rps,003032.SZ,传智教育,29,11-30,11.62
20260813,rps,301008.SZ,宏昌科技,30,11-30,41.21
20260813,rps,000048.SZ,京基智农,31,31-50,23.85
20260813,rps,301526.SZ,国际复材,32,31-50,36.44
20260813,rps,000608.SZ,阳光股份,33,31-50,7.64
20260813,rps,603259.SH,药明康德,34,31-50,162.33
20260813,rps,688361.SH,中科飞测,35,31-50,336.21
20260813,rps,688669.SH,聚石化学,36,31-50,70.11
20260813,rps,688146.SH,中船特气,37,31-50,295.49
20260813,rps,688710.SH,益诺思,38,31-50,95.2
20260813,rps,920438.BJ,戈碧迦,39,31-50,114.9
20260813,rps,600667.SH,太极实业,40,31-50,23.78
20260813,rps,300214.SZ,日科化学,41,31-50,12.2
20260813,rps,688200.SH,华峰测控,42,31-50,415.01
20260813,rps,600428.SH,中远海特,43,31-50,11.85
20260813,rps,001229.SZ,魅视科技,44,31-50,41.58
20260813,rps,603127.SH,昭衍新药,45,31-50,51.9
20260813,rps,301536.SZ,星宸科技,46,31-50,122.3
20260813,rps,301310.SZ,鑫宏业,47,31-50,51.15
20260813,rps,688222.SH,成都先导,48,31-50,39.86
20260813,rps,002821.SZ,凯莱英,49,31-50,173.81
20260813,rps,688296.SH,和达科技,50,31-50,22.1
20260813,rps,688120.SH,华海清科,51,51+,262.99
20260813,rps,300985.SZ,致远新能,52,51+,35.55
20260813,rps,603682.SH,锦和商管,53,51+,13.16
20260813,rps,688409.SH,富创精密,54,51+,209.42
20260813,rps,002396.SZ,星网锐捷,55,51+,32.38
20260813,rps,688702.SH,盛科通信,56,51+,401.0
20260813,rps,300843.SZ,胜蓝股份,57,51+,122.76
20260813,rps,688011.SH,新光光电,58,51+,81.57
20260813,rps,300083.SZ,创世纪,59,51+,13.98
20260813,rps,300671.SZ,富满微,60,51+,62.5
20260814,rps,301520.SZ,万邦医药,1,1-10,85.79
20260814,rps,600664.SH,哈药股份,2,1-10,8.91
20260814,rps,603823.SH,百合花,3,1-10,70.99
20260814,rps,300534.SZ,陇神戎发,4,1-10,18.9
20260814,rps,301080.SZ,百普赛斯,5,1-10,90.21
20260814,rps,688046.SH,药康生物,6,1-10,40.5
20260814,rps,603580.SH,艾艾精工,7,1-10,52.91
20260814,rps,605179.SH,一鸣食品,8,1-10,31.91
20260814,rps,301165.SZ,锐捷网络,9,1-10,143.9
20260814,rps,301234.SZ,五洲医疗,10,1-10,90.63
20260814,rps,603137.SH,恒尚节能,11,11-30,26.08
20260814,rps,300759.SZ,康龙化成,12,11-30,49.12
20260814,rps,301047.SZ,义翘神州,13,11-30,130.15
20260814,rps,920699.BJ,海达尔,14,11-30,95.88
20260814,rps,300862.SZ,蓝盾光电,15,11-30,47.29
20260814,rps,002141.SZ,贤丰控股,16,11-30,6.48
20260814,rps,002674.SZ,兴业科技,17,11-30,29.62
20260814,rps,688432.SH,有研硅,18,11-30,41.0
20260814,rps,688202.SH,美迪西,19,11-30,108.76
20260814,rps,300489.SZ,光智科技,20,11-30,252.0
20260814,rps,600721.SH,百花医药,21,11-30,13.81
20260814,rps,300404.SZ,博济医药,22,11-30,17.34
20260814,rps,603065.SH,宿迁联盛,23,11-30,16.05
20260814,rps,688549.SH,中巨芯,24,11-30,29.5
20260814,rps,003032.SZ,传智教育,25,11-30,12.26
20260814,rps,688596.SH,正帆科技,26,11-30,72.38
20260814,rps,300951.SZ,博硕科技,27,11-30,75.71
20260814,rps,600206.SH,有研新材,28,11-30,50.78
20260814,rps,300985.SZ,致远新能,29,11-30,42.05
20260814,rps,688669.SH,聚石化学,30,11-30,75.84
20260814,rps,603261.SH,立航科技,31,31-50,56.1
20260814,rps,688758.SH,赛分科技,32,31-50,29.4
20260814,rps,688296.SH,和达科技,33,31-50,23.99
20260814,rps,688710.SH,益诺思,34,31-50,95.5
20260814,rps,603259.SH,药明康德,35,31-50,159.24
20260814,rps,301526.SZ,国际复材,36,31-50,37.19
20260814,rps,600428.SH,中远海特,37,31-50,11.81
20260814,rps,300214.SZ,日科化学,38,31-50,11.94
20260814,rps,301536.SZ,星宸科技,39,31-50,122.31
20260814,rps,000608.SZ,阳光股份,40,31-50,7.76
20260814,rps,301310.SZ,鑫宏业,41,31-50,51.61
20260814,rps,603127.SH,昭衍新药,42,31-50,51.3
20260814,rps,688361.SH,中科飞测,43,31-50,324.33
20260814,rps,002774.SZ,快意电梯,44,31-50,17.55
20260814,rps,001229.SZ,魅视科技,45,31-50,41.48
20260814,rps,002396.SZ,星网锐捷,46,31-50,32.67
20260814,rps,300209.SZ,行云科技,47,31-50,38.93
20260814,rps,688222.SH,成都先导,48,31-50,38.64
20260814,rps,688141.SH,杰华特,49,31-50,143.0
20260814,rps,688702.SH,盛科通信,50,31-50,398.6
20260814,rps,300671.SZ,富满微,51,51+,64.19
20260814,rps,688120.SH,华海清科,52,51+,263.42
20260814,rps,000938.SZ,紫光股份,53,51+,39.95
20260814,rps,002821.SZ,凯莱英,54,51+,171.2
20260814,rps,301365.SZ,矩阵股份,55,51+,43.41
20260814,rps,300083.SZ,创世纪,56,51+,13.95
20260814,rps,300420.SZ,五洋自控,57,51+,8.09
20260814,rps,688409.SH,富创精密,58,51+,209.55
20260814,rps,600667.SH,太极实业,59,51+,22.95
20260814,rps,688011.SH,新光光电,60,51+,80.66
20260817,rps,301520.SZ,万邦医药,1,1-10,85.06
20260817,rps,600664.SH,哈药股份,2,1-10,9.01
20260817,rps,603823.SH,百合花,3,1-10,78.09
20260817,rps,300534.SZ,陇神戎发,4,1-10,20.23
20260817,rps,603580.SH,艾艾精工,5,1-10,58.2
20260817,rps,301080.SZ,百普赛斯,6,1-10,95.88
20260817,rps,605179.SH,一鸣食品,7,1-10,35.1
20260817,rps,300862.SZ,蓝盾光电,8,1-10,54.77
20260817,rps,301165.SZ,锐捷网络,9,1-10,148.0
20260817,rps,688046.SH,药康生物,10,1-10,40.18
20260817,rps,301234.SZ,五洲医疗,11,11-30,94.05
20260817,rps,301047.SZ,义翘神州,12,11-30,139.49
20260817,rps,688432.SH,有研硅,13,11-30,43.62
20260817,rps,300759.SZ,康龙化成,14,11-30,50.11
20260817,rps,002141.SZ,贤丰控股,15,11-30,6.81
20260817,rps,603137.SH,恒尚节能,16,11-30,26.22
20260817,rps,300489.SZ,光智科技,17,11-30,258.45
20260817,rps,002674.SZ,兴业科技,18,11-30,30.12
20260817,rps,920699.BJ,海达尔,19,11-30,96.01
20260817,rps,600721.SH,百花医药,20,11-30,14.02
20260817,rps,688202.SH,美迪西,21,11-30,107.36
20260817,rps,600206.SH,有研新材,22,11-30,55.86
20260817,rps,003032.SZ,传智教育,23,11-30,12.51
20260817,rps,688549.SH,中巨芯,24,11-30,30.34
20260817,rps,688361.SH,中科飞测,25,11-30,368.7
20260817,rps,688669.SH,聚石化学,26,11-30,78.76
20260817,rps,301526.SZ,国际复材,27,11-30,38.45
20260817,rps,688596.SH,正帆科技,28,11-30,72.22
20260817,rps,688296.SH,和达科技,29,11-30,25.32
20260817,rps,688710.SH,益诺思,30,11-30,100.04
20260817,rps,300951.SZ,博硕科技,31,31-50,75.1
20260817,rps,603065.SH,宿迁联盛,32,31-50,16.46
20260817,rps,603259.SH,药明康德,33,31-50,166.89
20260817,rps,300214.SZ,日科化学,34,31-50,13.05
20260817,rps,301310.SZ,鑫宏业,35,31-50,56.33
20260817,rps,001229.SZ,魅视科技,36,31-50,45.63
20260817,rps,301536.SZ,星宸科技,37,31-50,129.67
20260817,rps,603127.SH,昭衍新药,38,31-50,53.48
20260817,rps,300985.SZ,致远新能,39,31-50,41.8
20260817,rps,603261.SH,立航科技,40,31-50,54.55
20260817,rps,688702.SH,盛科通信,41,31-50,421.7
20260817,rps,002396.SZ,星网锐捷,42,31-50,33.91
20260817,rps,688662.SH,富信科技,43,31-50,107.91
20260817,rps,688120.SH,华海清科,44,31-50,277.44
20260817,rps,688409.SH,富创精密,45,31-50,224.18
20260817,rps,300209.SZ,行云科技,46,31-50,39.3
20260817,rps,002821.SZ,凯莱英,47,31-50,177.12
20260817,rps,688147.SH,微导纳米,48,31-50,129.7
20260817,rps,600428.SH,中远海特,49,31-50,11.82
20260817,rps,688485.SH,九州一轨,50,31-50,80.12
20260817,rps,300671.SZ,富满微,51,51+,65.79
20260817,rps,688011.SH,新光光电,52,51+,88.33
20260817,rps,688200.SH,华峰测控,53,51+,437.1
20260817,rps,688141.SH,杰华特,54,51+,139.81
20260817,rps,601886.SH,江河集团,55,51+,12.75
20260817,rps,603186.SH,华正新材,56,51+,184.31
20260817,rps,600667.SH,太极实业,57,51+,23.86
20260817,rps,688548.SH,广钢气体,58,51+,41.5
20260817,rps,000938.SZ,紫光股份,59,51+,41.03
20260817,rps,002768.SZ,国恩股份,60,51+,64.2
20260818,rps,301520.SZ,万邦医药,1,1-10,73.86
20260818,rps,600664.SH,哈药股份,2,1-10,9.12
20260818,rps,603580.SH,艾艾精工,3,1-10,64.02
20260818,rps,605179.SH,一鸣食品,4,1-10,38.61
20260818,rps,603823.SH,百合花,5,1-10,85.9
20260818,rps,300534.SZ,陇神戎发,6,1-10,19.35
20260818,rps,300862.SZ,蓝盾光电,7,1-10,56.5
20260818,rps,301080.SZ,百普赛斯,8,1-10,91.45
20260818,rps,301234.SZ,五洲医疗,9,1-10,95.0
20260818,rps,688432.SH,有研硅,10,1-10,49.48
20260818,rps,603221.SH,爱丽家居,11,11-30,30.0
20260818,rps,301165.SZ,锐捷网络,12,11-30,136.99
20260818,rps,002141.SZ,贤丰控股,13,11-30,7.18
20260818,rps,300759.SZ,康龙化成,14,11-30,51.15
20260818,rps,688046.SH,药康生物,15,11-30,40.0
20260818,rps,603137.SH,恒尚节能,16,11-30,26.77
20260818,rps,688202.SH,美迪西,17,11-30,108.5
20260818,rps,600206.SH,有研新材,18,11-30,57.72
20260818,rps,688296.SH,和达科技,19,11-30,28.7
20260818,rps,003032.SZ,传智教育,20,11-30,13.14
20260818,rps,301047.SZ,义翘神州,21,11-30,121.31
20260818,rps,603065.SH,宿迁联盛,22,11-30,18.11
20260818,rps,920699.BJ,海达尔,23,11-30,91.83
20260818,rps,688361.SH,中科飞测,24,11-30,371.96
20260818,rps,002674.SZ,兴业科技,25,11-30,30.55
20260818,rps,688485.SH,九州一轨,26,11-30,89.99
20260818,rps,688710.SH,益诺思,27,11-30,98.3
20260818,rps,300684.SZ,中石科技,28,11-30,97.0
20260818,rps,001229.SZ,魅视科技,29,11-30,50.19
20260818,rps,688669.SH,聚石化学,30,11-30,81.2
20260818,rps,688596.SH,正帆科技,31,31-50,70.95
20260818,rps,300489.SZ,光智科技,32,31-50,249.34
20260818,rps,301310.SZ,鑫宏业,33,31-50,57.1
20260818,rps,300214.SZ,日科化学,34,31-50,12.65
20260818,rps,603259.SH,药明康德,35,31-50,167.18
20260818,rps,301008.SZ,宏昌科技,36,31-50,42.78
20260818,rps,600721.SH,百花医药,37,31-50,13.5
20260818,rps,688702.SH,盛科通信,38,31-50,435.87
20260818,rps,603127.SH,昭衍新药,39,31-50,53.9
20260818,rps,301536.SZ,星宸科技,40,31-50,128.18
20260818,rps,300951.SZ,博硕科技,41,31-50,75.13
20260818,rps,301526.SZ,国际复材,42,31-50,37.33
20260818,rps,688120.SH,华海清科,43,31-50,288.68
20260818,rps,688409.SH,富创精密,44,31-50,230.04
20260818,rps,600428.SH,中远海特,45,31-50,12.09
20260818,rps,688141.SH,杰华特,46,31-50,143.58
20260818,rps,688662.SH,富信科技,47,31-50,105.76
20260818,rps,688233.SH,神工股份,48,31-50,134.2
20260818,rps,688260.SH,昀冢科技,49,31-50,123.9
20260818,rps,300843.SZ,胜蓝股份,50,31-50,136.28
20260818,rps,002768.SZ,国恩股份,51,51+,66.58
20260818,rps,603261.SH,立航科技,52,51+,52.53
20260818,rps,002821.SZ,凯莱英,53,51+,177.25
20260818,rps,002346.SZ,柘中股份,54,51+,26.1
20260818,rps,688011.SH,新光光电,55,51+,88.35
20260818,rps,300671.SZ,富满微,56,51+,64.38
20260818,rps,688147.SH,微导纳米,57,51+,129.66
20260818,rps,300985.SZ,致远新能,58,51+,41.2
20260818,rps,688037.SH,芯源微,59,51+,356.5
20260818,rps,603118.SH,共进股份,60,51+,19.01
20260819,rps,301520.SZ,万邦医药,1,1-10,77.16
20260819,rps,603580.SH,艾艾精工,2,1-10,67.99
20260819,rps,600664.SH,哈药股份,3,1-10,9.06
20260819,rps,605179.SH,一鸣食品,4,1-10,34.75
20260819,rps,300534.SZ,陇神戎发,5,1-10,18.39
20260819,rps,603823.SH,百合花,6,1-10,83.27
20260819,rps,301080.SZ,百普赛斯,7,1-10,85.75
20260819,rps,603221.SH,爱丽家居,8,1-10,27.0
20260819,rps,300759.SZ,康龙化成,9,1-10,48.45
20260819,rps,301234.SZ,五洲医疗,10,1-10,90.16
20260819,rps,688432.SH,有研硅,11,11-30,48.03
20260819,rps,003032.SZ,传智教育,12,11-30,13.28
20260819,rps,603137.SH,恒尚节能,13,11-30,24.09
20260819,rps,301165.SZ,锐捷网络,14,11-30,121.82
20260819,rps,688046.SH,药康生物,15,11-30,36.0
20260819,rps,600206.SH,有研新材,16,11-30,58.87
20260819,rps,002141.SZ,贤丰控股,17,11-30,6.46
20260819,rps,688202.SH,美迪西,18,11-30,99.86
20260819,rps,688296.SH,和达科技,19,11-30,26.09
20260819,rps,301047.SZ,义翘神州,20,11-30,111.88
20260819,rps,600721.SH,百花医药,21,11-30,13.72
20260819,rps,688485.SH,九州一轨,22,11-30,86.0
20260819,rps,002674.SZ,兴业科技,23,11-30,28.06
20260819,rps,603259.SH,药明康德,24,11-30,164.0
20260819,rps,920699.BJ,海达尔,25,11-30,86.2
20260819,rps,300313.SZ,天山生物,26,11-30,14.45
20260819,rps,688710.SH,益诺思,27,11-30,91.07
20260819,rps,688361.SH,中科飞测,28,11-30,342.0
20260819,rps,688669.SH,聚石化学,29,11-30,73.01
20260819,rps,001229.SZ,魅视科技,30,11-30,46.32
20260819,rps,301008.SZ,宏昌科技,31,31-50,41.79
20260819,rps,301310.SZ,鑫宏业,32,31-50,51.28
20260819,rps,603065.SH,宿迁联盛,33,31-50,16.3
20260819,rps,300684.SZ,中石科技,34,31-50,86.59
20260819,rps,600428.SH,中远海特,35,31-50,11.92
20260819,rps,603127.SH,昭衍新药,36,31-50,49.8
20260819,rps,300951.SZ,博硕科技,37,31-50,67.74
20260819,rps,300214.SZ,日科化学,38,31-50,11.36
20260819,rps,002821.SZ,凯莱英,39,31-50,170.59
20260819,rps,002346.SZ,柘中股份,40,31-50,26.3
20260819,rps,300843.SZ,胜蓝股份,41,31-50,132.07
20260819,rps,603261.SH,立航科技,42,31-50,50.47
20260819,rps,000703.SZ,恒逸石化,43,31-50,19.08
20260819,rps,300489.SZ,光智科技,44,31-50,222.53
20260819,rps,688120.SH,华海清科,45,31-50,271.54
20260819,rps,002768.SZ,国恩股份,46,31-50,63.2
20260819,rps,600988.SH,赤峰黄金,47,31-50,42.72
20260819,rps,601886.SH,江河集团,48,31-50,12.72
20260819,rps,688702.SH,盛科通信,49,31-50,378.0
20260819,rps,688596.SH,正帆科技,50,31-50,65.18
20260819,rps,300985.SZ,致远新能,51,51+,39.9
20260819,rps,002774.SZ,快意电梯,52,51+,16.52
20260819,rps,301536.SZ,星宸科技,53,51+,115.65
20260819,rps,603682.SH,锦和商管,54,51+,11.71
20260819,rps,688037.SH,芯源微,55,51+,344.69
20260819,rps,001258.SZ,立新能源,56,51+,12.02
20260819,rps,603156.SH,养元饮品,57,51+,54.57
20260819,rps,688131.SH,皓元医药,58,51+,97.0
20260819,rps,600857.SH,宁波中百,59,51+,19.72
20260819,rps,688548.SH,广钢气体,60,51+,37.88
20260820,rps,603580.SH,艾艾精工,1,1-10,74.79
20260820,rps,301520.SZ,万邦医药,2,1-10,74.0
20260820,rps,600664.SH,哈药股份,3,1-10,9.08
20260820,rps,301080.SZ,百普赛斯,4,1-10,96.66
20260820,rps,605179.SH,一鸣食品,5,1-10,35.05
20260820,rps,300534.SZ,陇神戎发,6,1-10,18.57
20260820,rps,603221.SH,爱丽家居,7,1-10,28.6
20260820,rps,300759.SZ,康龙化成,8,1-10,50.9
20260820,rps,301234.SZ,五洲医疗,9,1-10,92.48
20260820,rps,603823.SH,百合花,10,1-10,86.39
20260820,rps,301047.SZ,义翘神州,11,11-30,131.51
20260820,rps,688202.SH,美迪西,12,11-30,110.0
20260820,rps,301165.SZ,锐捷网络,13,11-30,123.3
20260820,rps,603137.SH,恒尚节能,14,11-30,23.88
20260820,rps,688046.SH,药康生物,15,11-30,36.7
20260820,rps,688296.SH,和达科技,16,11-30,26.25
20260820,rps,688432.SH,有研硅,17,11-30,44.98
20260820,rps,688710.SH,益诺思,18,11-30,100.1
20260820,rps,002674.SZ,兴业科技,19,11-30,28.41
20260820,rps,600206.SH,有研新材,20,11-30,56.7
20260820,rps,688361.SH,中科飞测,21,11-30,355.59
20260820,rps,001229.SZ,魅视科技,22,11-30,47.0
20260820,rps,002141.SZ,贤丰控股,23,11-30,6.27
20260820,rps,920699.BJ,海达尔,24,11-30,83.08
20260820,rps,603259.SH,药明康德,25,11-30,167.9
20260820,rps,300843.SZ,胜蓝股份,26,11-30,145.38
20260820,rps,300684.SZ,中石科技,27,11-30,90.67
20260820,rps,600721.SH,百花医药,28,11-30,13.66
20260820,rps,301310.SZ,鑫宏业,29,11-30,51.37
20260820,rps,688758.SH,赛分科技,30,11-30,29.3
20260820,rps,301008.SZ,宏昌科技,31,31-50,39.66
20260820,rps,603127.SH,昭衍新药,32,31-50,52.57
20260820,rps,600988.SH,赤峰黄金,33,31-50,46.1
20260820,rps,300951.SZ,博硕科技,34,31-50,70.7
20260820,rps,002821.SZ,凯莱英,35,31-50,182.4
20260820,rps,688669.SH,聚石化学,36,31-50,76.71
20260820,rps,000703.SZ,恒逸石化,37,31-50,20.1
20260820,rps,601700.SH,风范股份,38,31-50,7.5
20260820,rps,001258.SZ,立新能源,39,31-50,12.31
20260820,rps,301122.SZ,采纳股份,40,31-50,39.0
20260820,rps,600428.SH,中远海特,41,31-50,11.48
20260820,rps,688120.SH,华海清科,42,31-50,280.5
20260820,rps,300489.SZ,光智科技,43,31-50,228.63
20260820,rps,688037.SH,芯源微,44,31-50,367.59
20260820,rps,603261.SH,立航科技,45,31-50,49.9
20260820,rps,920438.BJ,戈碧迦,46,31-50,124.0
20260820,rps,688485.SH,九州一轨,47,31-50,84.59
20260820,rps,688222.SH,成都先导,48,31-50,38.7
20260820,rps,002768.SZ,国恩股份,49,31-50,65.5
20260820,rps,601886.SH,江河集团,50,31-50,12.86
20260820,rps,688596.SH,正帆科技,51,51+,66.2
20260820,rps,603118.SH,共进股份,52,51+,17.0
20260820,rps,600857.SH,宁波中百,53,51+,20.25
20260820,rps,603065.SH,宿迁联盛,54,51+,15.75
20260820,rps,688702.SH,盛科通信,55,51+,372.95
20260820,rps,603682.SH,锦和商管,56,51+,11.46
20260820,rps,300209.SZ,行云科技,57,51+,32.92
20260820,rps,301536.SZ,星宸科技,58,51+,117.4
20260820,rps,301282.SZ,金禄电子,59,51+,36.71
20260820,rps,600722.SH,金牛化工,60,51+,13.24
20260821,rps,603580.SH,艾艾精工,1,1-10,80.78
20260821,rps,301520.SZ,万邦医药,2,1-10,71.15
20260821,rps,301080.SZ,百普赛斯,3,1-10,98.92
20260821,rps,600664.SH,哈药股份,4,1-10,8.17
20260821,rps,300534.SZ,陇神戎发,5,1-10,18.35
20260821,rps,301234.SZ,五洲医疗,6,1-10,96.1
20260821,rps,605179.SH,一鸣食品,7,1-10,31.55
20260821,rps,301165.SZ,锐捷网络,8,1-10,126.97
20260821,rps,300759.SZ,康龙化成,9,1-10,47.98
20260821,rps,688137.SH,近岸蛋白,10,1-10,80.99
20260821,rps,603221.SH,爱丽家居,11,11-30,26.26
20260821,rps,301047.SZ,义翘神州,12,11-30,118.8
20260821,rps,688296.SH,和达科技,13,11-30,26.39
20260821,rps,688046.SH,药康生物,14,11-30,34.35
20260821,rps,688202.SH,美迪西,15,11-30,100.47
20260821,rps,688432.SH,有研硅,16,11-30,44.2
20260821,rps,002141.SZ,贤丰控股,17,11-30,6.45
20260821,rps,002396.SZ,星网锐捷,18,11-30,33.17
20260821,rps,688710.SH,益诺思,19,11-30,95.25
20260821,rps,920699.BJ,海达尔,20,11-30,85.0
20260821,rps,603823.SH,百合花,21,11-30,77.75
20260821,rps,002674.SZ,兴业科技,22,11-30,28.29
20260821,rps,300214.SZ,日科化学,23,11-30,12.9
20260821,rps,600988.SH,赤峰黄金,24,11-30,49.43
20260821,rps,002412.SZ,汉森制药,25,11-30,10.19
20260821,rps,001229.SZ,魅视科技,26,11-30,45.35
20260821,rps,301310.SZ,鑫宏业,27,11-30,52.62
20260821,rps,600721.SH,百花医药,28,11-30,13.25
20260821,rps,000703.SZ,恒逸石化,29,11-30,20.8
20260821,rps,603259.SH,药明康德,30,11-30,162.86
20260821,rps,301008.SZ,宏昌科技,31,31-50,40.3
20260821,rps,688361.SH,中科飞测,32,31-50,349.46
20260821,rps,688669.SH,聚石化学,33,31-50,79.49
20260821,rps,300951.SZ,博硕科技,34,31-50,70.97
20260821,rps,301122.SZ,采纳股份,35,31-50,39.5
20260821,rps,003032.SZ,传智教育,36,31-50,10.76
20260821,rps,688485.SH,九州一轨,37,31-50,83.12
20260821,rps,600206.SH,有研新材,38,31-50,54.24
20260821,rps,603127.SH,昭衍新药,39,31-50,49.27
20260821,rps,001258.SZ,立新能源,40,31-50,12.21
20260821,rps,300684.SZ,中石科技,41,31-50,84.1
20260821,rps,300843.SZ,胜蓝股份,42,31-50,139.5
20260821,rps,600428.SH,中远海特,43,31-50,11.83
20260821,rps,601886.SH,江河集团,44,31-50,13.09
20260821,rps,603261.SH,立航科技,45,31-50,50.67
20260821,rps,603118.SH,共进股份,46,31-50,17.79
20260821,rps,002821.SZ,凯莱英,47,31-50,168.1
20260821,rps,601700.SH,风范股份,48,31-50,7.01
20260821,rps,600857.SH,宁波中百,49,31-50,20.84
20260821,rps,688222.SH,成都先导,50,31-50,36.16
20260821,rps,920438.BJ,戈碧迦,51,51+,122.18
20260821,rps,688120.SH,华海清科,52,51+,271.7
20260821,rps,000938.SZ,紫光股份,53,51+,36.44
20260821,rps,002768.SZ,国恩股份,54,51+,65.21
20260821,rps,688702.SH,盛科通信,55,51+,375.8
20260821,rps,688037.SH,芯源微,56,51+,366.5
20260821,rps,301282.SZ,金禄电子,57,51+,35.77
20260821,rps,603065.SH,宿迁联盛,58,51+,17.33
20260821,rps,688596.SH,正帆科技,59,51+,66.3
20260821,rps,601872.SH,招商轮船,60,51+,19.78
20260824,rps,603580.SH,艾艾精工,1,1-10,72.8
20260824,rps,301520.SZ,万邦医药,2,1-10,77.1
20260824,rps,301234.SZ,五洲医疗,3,1-10,110.0
20260824,rps,300862.SZ,蓝盾光电,4,1-10,55.1
20260824,rps,600664.SH,哈药股份,5,1-10,8.22
20260824,rps,301080.SZ,百普赛斯,6,1-10,92.63
20260824,rps,688432.SH,有研硅,7,1-10,48.29
20260824,rps,603221.SH,爱丽家居,8,1-10,27.65
20260824,rps,300534.SZ,陇神戎发,9,1-10,16.7
20260824,rps,301165.SZ,锐捷网络,10,1-10,115.9
20260824,rps,688137.SH,近岸蛋白,11,11-30,75.49
20260824,rps,600613.SH,神奇制药,12,11-30,9.9
20260824,rps,300759.SZ,康龙化成,13,11-30,44.86
20260824,rps,688046.SH,药康生物,14,11-30,33.88
20260824,rps,002412.SZ,汉森制药,15,11-30,11.21
20260824,rps,301047.SZ,义翘神州,16,11-30,110.33
20260824,rps,300313.SZ,天山生物,17,11-30,15.36
20260824,rps,600721.SH,百花医药,18,11-30,14.19
20260824,rps,002141.SZ,贤丰控股,19,11-30,5.98
20260824,rps,688296.SH,和达科技,20,11-30,24.11
20260824,rps,688202.SH,美迪西,21,11-30,94.7
20260824,rps,920699.BJ,海达尔,22,11-30,81.6
20260824,rps,300214.SZ,日科化学,23,11-30,12.27
20260824,rps,002674.SZ,兴业科技,24,11-30,27.03
20260824,rps,688485.SH,九州一轨,25,11-30,81.35
20260824,rps,688710.SH,益诺思,26,11-30,89.89
20260824,rps,603823.SH,百合花,27,11-30,69.98
20260824,rps,301310.SZ,鑫宏业,28,11-30,49.31
20260824,rps,301122.SZ,采纳股份,29,11-30,39.0
20260824,rps,001258.SZ,立新能源,30,11-30,12.57
20260824,rps,601700.SH,风范股份,31,31-50,7.71
20260824,rps,600988.SH,赤峰黄金,32,31-50,48.77
20260824,rps,003032.SZ,传智教育,33,31-50,9.99
20260824,rps,300684.SZ,中石科技,34,31-50,84.2
20260824,rps,600206.SH,有研新材,35,31-50,52.52
20260824,rps,300951.SZ,博硕科技,36,31-50,68.41
20260824,rps,688669.SH,聚石化学,37,31-50,75.7
20260824,rps,603259.SH,药明康德,38,31-50,155.84
20260824,rps,301008.SZ,宏昌科技,39,31-50,38.07
20260824,rps,001229.SZ,魅视科技,40,31-50,43.5
20260824,rps,688361.SH,中科飞测,41,31-50,349.5
20260824,rps,688596.SH,正帆科技,42,31-50,71.15
20260824,rps,300192.SZ,科德教育,43,31-50,17.39
20260824,rps,601886.SH,江河集团,44,31-50,13.23
20260824,rps,000703.SZ,恒逸石化,45,31-50,19.02
20260824,rps,600428.SH,中远海特,46,31-50,11.35
20260824,rps,688120.SH,华海清科,47,31-50,266.66
20260824,rps,688037.SH,芯源微,48,31-50,366.95
20260824,rps,603127.SH,昭衍新药,49,31-50,46.39
20260824,rps,300843.SZ,胜蓝股份,50,31-50,132.31
20260824,rps,603261.SH,立航科技,51,51+,49.9
20260824,rps,600722.SH,金牛化工,52,51+,14.38
20260824,rps,688702.SH,盛科通信,53,51+,351.39
20260824,rps,603065.SH,宿迁联盛,54,51+,18.81
20260824,rps,600227.SH,赤天化,55,51+,3.95
20260824,rps,920438.BJ,戈碧迦,56,51+,106.0
20260824,rps,603757.SH,大元泵业,57,51+,63.5
20260824,rps,688200.SH,华峰测控,58,51+,405.99
20260824,rps,002821.SZ,凯莱英,59,51+,156.57
20260824,rps,000811.SZ,冰轮环境,60,51+,41.4
20260825,rps,301520.SZ,万邦医药,1,1-10,82.33
20260825,rps,603580.SH,艾艾精工,2,1-10,74.62
20260825,rps,301234.SZ,五洲医疗,3,1-10,104.0
20260825,rps,600664.SH,哈药股份,4,1-10,8.21
20260825,rps,301080.SZ,百普赛斯,5,1-10,92.0
20260825,rps,300862.SZ,蓝盾光电,6,1-10,53.4
20260825,rps,688137.SH,近岸蛋白,7,1-10,83.52
20260825,rps,300534.SZ,陇神戎发,8,1-10,16.77
20260825,rps,603221.SH,爱丽家居,9,1-10,26.92
20260825,rps,600613.SH,神奇制药,10,1-10,10.27
20260825,rps,605179.SH,一鸣食品,11,11-30,29.94
20260825,rps,300759.SZ,康龙化成,12,11-30,46.42
20260825,rps,300313.SZ,天山生物,13,11-30,16.63
20260825,rps,688202.SH,美迪西,14,11-30,103.2
20260825,rps,002412.SZ,汉森制药,15,11-30,12.33
20260825,rps,600721.SH,百花医药,16,11-30,14.96
20260825,rps,688046.SH,药康生物,17,11-30,34.49
20260825,rps,688296.SH,和达科技,18,11-30,25.04
20260825,rps,688710.SH,益诺思,19,11-30,97.97
20260825,rps,301047.SZ,义翘神州,20,11-30,112.3
20260825,rps,301165.SZ,锐捷网络,21,11-30,115.73
20260825,rps,688432.SH,有研硅,22,11-30,45.22
20260825,rps,002141.SZ,贤丰控股,23,11-30,6.13
20260825,rps,688485.SH,九州一轨,24,11-30,85.65
20260825,rps,920699.BJ,海达尔,25,11-30,80.0
20260825,rps,603259.SH,药明康德,26,11-30,161.0
20260825,rps,300929.SZ,华骐环保,27,11-30,17.45
20260825,rps,301122.SZ,采纳股份,28,11-30,38.61
20260825,rps,003032.SZ,传智教育,29,11-30,10.18
20260825,rps,300951.SZ,博硕科技,30,11-30,69.89
20260825,rps,002674.SZ,兴业科技,31,31-50,26.2
20260825,rps,001258.SZ,立新能源,32,31-50,12.29
20260825,rps,301310.SZ,鑫宏业,33,31-50,48.73
20260825,rps,688596.SH,正帆科技,34,31-50,70.6
20260825,rps,300214.SZ,日科化学,35,31-50,11.93
20260825,rps,301008.SZ,宏昌科技,36,31-50,38.12
20260825,rps,688669.SH,聚石化学,37,31-50,76.5
20260825,rps,601700.SH,风范股份,38,31-50,7.51
20260825,rps,001229.SZ,魅视科技,39,31-50,42.37
20260825,rps,002821.SZ,凯莱英,40,31-50,172.23
20260825,rps,603823.SH,百合花,41,31-50,66.95
20260825,rps,002774.SZ,快意电梯,42,31-50,16.5
20260825,rps,300684.SZ,中石科技,43,31-50,86.01
20260825,rps,600722.SH,金牛化工,44,31-50,14.02
20260825,rps,300192.SZ,科德教育,45,31-50,17.68
20260825,rps,688361.SH,中科飞测,46,31-50,338.99
20260825,rps,601886.SH,江河集团,47,31-50,13.37
20260825,rps,600206.SH,有研新材,48,31-50,51.15
20260825,rps,000703.SZ,恒逸石化,49,31-50,18.34
20260825,rps,600428.SH,中远海特,50,31-50,11.26
20260825,rps,603682.SH,锦和商管,51,51+,11.69
20260825,rps,300843.SZ,胜蓝股份,52,51+,135.27
20260825,rps,688222.SH,成都先导,53,51+,34.93
20260825,rps,600227.SH,赤天化,54,51+,3.81
20260825,rps,301072.SZ,中捷精工,55,51+,43.69
20260825,rps,688037.SH,芯源微,56,51+,355.65
20260825,rps,603065.SH,宿迁联盛,57,51+,17.82
20260825,rps,688120.SH,华海清科,58,51+,262.5
20260825,rps,300420.SZ,五洋自控,59,51+,8.56
20260825,rps,603757.SH,大元泵业,60,51+,66.11
20260826,rps,301520.SZ,万邦医药,1,1-10,79.14
20260826,rps,603580.SH,艾艾精工,2,1-10,73.2
20260826,rps,301234.SZ,五洲医疗,3,1-10,106.12
20260826,rps,600664.SH,哈药股份,4,1-10,8.18
20260826,rps,688137.SH,近岸蛋白,5,1-10,83.99
20260826,rps,301080.SZ,百普赛斯,6,1-10,88.3
20260826,rps,300862.SZ,蓝盾光电,7,1-10,51.8
20260826,rps,300534.SZ,陇神戎发,8,1-10,17.14
20260826,rps,605179.SH,一鸣食品,9,1-10,31.4
20260826,rps,603221.SH,爱丽家居,10,1-10,26.2
20260826,rps,600613.SH,神奇制药,11,11-30,10.55
20260826,rps,002412.SZ,汉森制药,12,11-30,13.09
20260826,rps,600721.SH,百花医药,13,11-30,15.16
20260826,rps,300759.SZ,康龙化成,14,11-30,44.18
20260826,rps,688202.SH,美迪西,15,11-30,104.23
20260826,rps,600272.SH,开开实业,16,11-30,21.1
20260826,rps,688046.SH,药康生物,17,11-30,33.16
20260826,rps,688296.SH,和达科技,18,11-30,24.15
20260826,rps,301047.SZ,义翘神州,19,11-30,107.23
20260826,rps,301165.SZ,锐捷网络,20,11-30,115.06
20260826,rps,000017.SZ,深中华A,21,11-30,9.46
20260826,rps,688710.SH,益诺思,22,11-30,93.97
20260826,rps,300313.SZ,天山生物,23,11-30,15.55
20260826,rps,001258.SZ,立新能源,24,11-30,13.52
20260826,rps,688485.SH,九州一轨,25,11-30,87.15
20260826,rps,688432.SH,有研硅,26,11-30,41.91
20260826,rps,688596.SH,正帆科技,27,11-30,72.8
20260826,rps,603259.SH,药明康德,28,11-30,159.25
20260826,rps,301122.SZ,采纳股份,29,11-30,39.47
20260826,rps,002674.SZ,兴业科技,30,11-30,25.19
20260826,rps,601700.SH,风范股份,31,31-50,7.7
20260826,rps,300929.SZ,华骐环保,32,31-50,16.9
20260826,rps,002821.SZ,凯莱英,33,31-50,171.9
20260826,rps,920699.BJ,海达尔,34,31-50,77.0
20260826,rps,002141.SZ,贤丰控股,35,31-50,5.96
20260826,rps,003032.SZ,传智教育,36,31-50,9.9
20260826,rps,300951.SZ,博硕科技,37,31-50,68.27
20260826,rps,600722.SH,金牛化工,38,31-50,14.14
20260826,rps,301108.SZ,洁雅股份,39,31-50,37.91
20260826,rps,300684.SZ,中石科技,40,31-50,87.4
20260826,rps,688361.SH,中科飞测,41,31-50,362.0
20260826,rps,603823.SH,百合花,42,31-50,66.06
20260826,rps,600227.SH,赤天化,43,31-50,4.19
20260826,rps,301008.SZ,宏昌科技,44,31-50,37.48
20260826,rps,600428.SH,中远海特,45,31-50,11.15
20260826,rps,603261.SH,立航科技,46,31-50,53.39
20260826,rps,001229.SZ,魅视科技,47,31-50,40.59
20260826,rps,000703.SZ,恒逸石化,48,31-50,18.2
20260826,rps,603682.SH,锦和商管,49,31-50,11.31
20260826,rps,603118.SH,共进股份,50,31-50,17.88
20260826,rps,688037.SH,芯源微,51,51+,372.82
20260826,rps,603838.SH,*ST四通,52,51+,12.83
20260826,rps,603330.SH,天洋新材,53,51+,11.18
20260826,rps,601886.SH,江河集团,54,51+,12.98
20260826,rps,300420.SZ,五洋自控,55,51+,8.49
20260826,rps,688669.SH,聚石化学,56,51+,76.12
20260826,rps,688758.SH,赛分科技,57,51+,27.16
20260826,rps,300209.SZ,行云科技,58,51+,34.92
20260826,rps,301310.SZ,鑫宏业,59,51+,49.07
20260826,rps,688120.SH,华海清科,60,51+,262.18
20260827,rps,301520.SZ,万邦医药,1,1-10,86.25
20260827,rps,603580.SH,艾艾精工,2,1-10,80.52
20260827,rps,600664.SH,哈药股份,3,1-10,8.75
20260827,rps,301234.SZ,五洲医疗,4,1-10,105.76
20260827,rps,603221.SH,爱丽家居,5,1-10,28.65
20260827,rps,300862.SZ,蓝盾光电,6,1-10,54.4
20260827,rps,600613.SH,神奇制药,7,1-10,11.61
20260827,rps,002412.SZ,汉森制药,8,1-10,14.02
20260827,rps,688137.SH,近岸蛋白,9,1-10,82.65
20260827,rps,300534.SZ,陇神戎发,10,1-10,17.3
20260827,rps,600721.SH,百花医药,11,11-30,16.68
20260827,rps,605179.SH,一鸣食品,12,11-30,31.52
20260827,rps,301080.SZ,百普赛斯,13,11-30,86.09
20260827,rps,300759.SZ,康龙化成,14,11-30,45.1
20260827,rps,000017.SZ,深中华A,15,11-30,10.41
20260827,rps,600272.SH,开开实业,16,11-30,21.7
20260827,rps,688296.SH,和达科技,17,11-30,25.65
20260827,rps,600127.SH,金健米业,18,11-30,10.78
20260827,rps,300313.SZ,天山生物,19,11-30,16.64
20260827,rps,688046.SH,药康生物,20,11-30,33.37
20260827,rps,688202.SH,美迪西,21,11-30,100.37
20260827,rps,301165.SZ,锐捷网络,22,11-30,120.25
20260827,rps,001258.SZ,立新能源,23,11-30,13.76
20260827,rps,301047.SZ,义翘神州,24,11-30,105.9
20260827,rps,688432.SH,有研硅,25,11-30,45.99
20260827,rps,002396.SZ,星网锐捷,26,11-30,33.35
20260827,rps,688710.SH,益诺思,27,11-30,90.17
20260827,rps,003032.SZ,传智教育,28,11-30,10.45
20260827,rps,300951.SZ,博硕科技,29,11-30,75.27
20260827,rps,603259.SH,药明康德,30,11-30,159.94
20260827,rps,300929.SZ,华骐环保,31,31-50,17.25
20260827,rps,002674.SZ,兴业科技,32,31-50,25.95
20260827,rps,601700.SH,风范股份,33,31-50,7.62
20260827,rps,688485.SH,九州一轨,34,31-50,89.76
20260827,rps,920699.BJ,海达尔,35,31-50,82.65
20260827,rps,002084.SZ,海鸥住工,36,31-50,5.27
20260827,rps,301122.SZ,采纳股份,37,31-50,38.72
20260827,rps,301008.SZ,宏昌科技,38,31-50,39.19
20260827,rps,688596.SH,正帆科技,39,31-50,72.4
20260827,rps,600227.SH,赤天化,40,31-50,4.16
20260827,rps,000703.SZ,恒逸石化,41,31-50,19.2
20260827,rps,300684.SZ,中石科技,42,31-50,89.93
20260827,rps,301108.SZ,洁雅股份,43,31-50,39.03
20260827,rps,600162.SH,香江控股,44,31-50,4.87
20260827,rps,002821.SZ,凯莱英,45,31-50,170.64
20260827,rps,688361.SH,中科飞测,46,31-50,373.71
20260827,rps,001229.SZ,魅视科技,47,31-50,40.72
20260827,rps,600988.SH,赤峰黄金,48,31-50,48.22
20260827,rps,002141.SZ,贤丰控股,49,31-50,6.27
20260827,rps,603823.SH,百合花,50,31-50,68.01
20260827,rps,603261.SH,立航科技,51,51+,58.73
20260827,rps,600428.SH,中远海特,52,51+,10.98
20260827,rps,603682.SH,锦和商管,53,51+,11.36
20260827,rps,601886.SH,江河集团,54,51+,13.32
20260827,rps,603838.SH,*ST四通,55,51+,13.31
20260827,rps,603118.SH,共进股份,56,51+,18.22
20260827,rps,300677.SZ,英科医疗,57,51+,56.09
20260827,rps,300420.SZ,五洋自控,58,51+,8.76
20260827,rps,002774.SZ,快意电梯,59,51+,16.68
20260827,rps,603330.SH,天洋新材,60,51+,10.87
20260828,breakout,920895.BJ,花溪科技,1,1-10,21.12
20260828,breakout,688152.SH,麒麟信安,2,1-10,38.04
20260828,breakout,688209.SH,英集芯,3,1-10,29.54
20260828,breakout,600815.SH,厦工股份,4,1-10,4.46
20260828,breakout,600691.SH,潞化科技,5,1-10,2.94
20260828,breakout,000912.SZ,泸天化,6,1-10,4.36
20260828,breakout,600227.SH,赤天化,7,1-10,4.58
20260828,breakout,603086.SH,先达股份,8,1-10,6.33
20260828,breakout,000059.SZ,华锦股份,9,1-10,5.57
20260828,breakout,002486.SZ,嘉麟杰,10,1-10,2.95
20260828,breakout,600162.SH,香江控股,11,11-30,5.36
20260828,breakout,000626.SZ,远大控股,12,11-30,9.41
20260828,breakout,002084.SZ,海鸥住工,13,11-30,5.8
20260828,breakout,600354.SH,敦煌种业,14,11-30,8.21
20260828,breakout,002742.SZ,冀衡医药,15,11-30,6.24
20260828,breakout,000567.SZ,海德股份,16,11-30,7.01
20260828,breakout,002107.SZ,沃华医药,17,11-30,7.23
20260828,breakout,002349.SZ,精华制药,18,11-30,7.89
20260828,breakout,601086.SH,国芳集团,19,11-30,8.34
20260828,breakout,600540.SH,新赛股份,20,11-30,5.05
20260828,breakout,600929.SH,雪天盐业,21,11-30,6.04
20260828,breakout,002396.SZ,星网锐捷,22,11-30,36.69
20260828,breakout,600722.SH,金牛化工,23,11-30,15.27
20260828,breakout,001288.SZ,运机集团,24,11-30,28.46
20260828,breakout,600371.SH,万向德农,25,11-30,11.54
20260828,breakout,600251.SH,冠农股份,26,11-30,11.77
20260828,breakout,002679.SZ,福建金森,27,11-30,10.67
20260828,breakout,603396.SH,金辰股份,28,11-30,31.9
20260828,breakout,600654.SH,中安科,29,11-30,3.63
20260828,breakout,000798.SZ,中水渔业,30,11-30,10.12
20260828,breakout,002949.SZ,华阳国际,31,31-50,14.08
20260828,breakout,000560.SZ,我爱我家,32,31-50,2.64
20260828,breakout,002942.SZ,新农股份,33,31-50,20.91
20260828,breakout,002855.SZ,捷荣技术,34,31-50,14.64
20260828,breakout,600689.SH,上海三毛,35,31-50,12.22
20260828,breakout,000017.SZ,深中华A,36,31-50,11.45
20260828,breakout,603029.SH,天鹅股份,37,31-50,18.28
20260828,breakout,002165.SZ,红宝丽,38,31-50,8.37
20260828,breakout,600479.SH,千金药业,39,31-50,13.33
20260828,breakout,000011.SZ,深物业A,40,31-50,9.15
20260828,breakout,601700.SH,风范股份,41,31-50,8.38
20260828,breakout,000712.SZ,锦龙股份,42,31-50,11.8
20260828,breakout,600551.SH,时代出版,43,31-50,7.5
20260828,breakout,603900.SH,莱绅通灵,44,31-50,7.85
20260828,breakout,002578.SZ,闽发铝业,45,31-50,4.33
20260828,breakout,600127.SH,金健米业,46,31-50,11.77
20260828,breakout,300642.SZ,透景生命,47,31-50,18.84
20260828,breakout,300562.SZ,乐心医疗,48,31-50,18.27
20260828,breakout,300798.SZ,锦鸡股份,49,31-50,8.55
20260828,breakout,603012.SH,创力集团,50,31-50,10.07
20260828,breakout,300833.SZ,浩洋股份,51,51+,39.57
20260828,breakout,002161.SZ,远望谷,52,51+,6.85
20260828,breakout,300945.SZ,曼卡龙,53,51+,13.8
20260828,breakout,920087.BJ,秋乐种业,54,51+,19.08
20260828,breakout,002758.SZ,浙农股份,55,51+,9.11
20260828,breakout,603100.SH,川仪股份,56,51+,19.05
20260828,breakout,600613.SH,神奇制药,57,51+,12.4
20260828,breakout,920608.BJ,丰安股份,58,51+,14.99
20260828,breakout,300647.SZ,超频三,59,51+,7.5
20260828,breakout,300094.SZ,国联水产,60,51+,3.19
20260828,rps,603580.SH,艾艾精工,1,1-10,83.43
20260828,rps,600664.SH,哈药股份,2,1-10,9.0
20260828,rps,301520.SZ,万邦医药,3,1-10,71.11
20260828,rps,600613.SH,神奇制药,4,1-10,12.4
20260828,rps,301234.SZ,五洲医疗,5,1-10,99.19
20260828,rps,603221.SH,爱丽家居,6,1-10,29.1
20260828,rps,605179.SH,一鸣食品,7,1-10,32.58
20260828,rps,300862.SZ,蓝盾光电,8,1-10,50.91
20260828,rps,000017.SZ,深中华A,9,1-10,11.45
20260828,rps,002412.SZ,汉森制药,10,1-10,13.13
20260828,rps,600721.SH,百花医药,11,11-30,15.44
20260828,rps,600127.SH,金健米业,12,11-30,11.77
20260828,rps,301080.SZ,百普赛斯,13,11-30,82.5
20260828,rps,688137.SH,近岸蛋白,14,11-30,73.32
20260828,rps,600272.SH,开开实业,15,11-30,20.29
20260828,rps,002396.SZ,星网锐捷,16,11-30,36.69
20260828,rps,688296.SH,和达科技,17,11-30,23.35
20260828,rps,601700.SH,风范股份,18,11-30,8.38
20260828,rps,001258.SZ,立新能源,19,11-30,13.3
20260828,rps,688432.SH,有研硅,20,11-30,45.22
20260828,rps,301165.SZ,锐捷网络,21,11-30,119.4
20260828,rps,600227.SH,赤天化,22,11-30,4.58
20260828,rps,688202.SH,美迪西,23,11-30,97.75
20260828,rps,003032.SZ,传智教育,24,11-30,10.44
20260828,rps,688046.SH,药康生物,25,11-30,32.5
20260828,rps,301047.SZ,义翘神州,26,11-30,101.91
20260828,rps,002084.SZ,海鸥住工,27,11-30,5.8
20260828,rps,600988.SH,赤峰黄金,28,11-30,49.09
20260828,rps,600815.SH,厦工股份,29,11-30,4.46
20260828,rps,000703.SZ,恒逸石化,30,11-30,19.49
20260828,rps,300951.SZ,博硕科技,31,31-50,76.32
20260828,rps,603259.SH,药明康德,32,31-50,157.4
20260828,rps,301008.SZ,宏昌科技,33,31-50,37.9
20260828,rps,920699.BJ,海达尔,34,31-50,79.75
20260828,rps,688710.SH,益诺思,35,31-50,86.97
20260828,rps,300684.SZ,中石科技,36,31-50,91.6
20260828,rps,600428.SH,中远海特,37,31-50,11.47
20260828,rps,600162.SH,香江控股,38,31-50,5.36
20260828,rps,603682.SH,锦和商管,39,31-50,11.76
20260828,rps,301108.SZ,洁雅股份,40,31-50,38.32
20260828,rps,301122.SZ,采纳股份,41,31-50,38.35
20260828,rps,688596.SH,正帆科技,42,31-50,67.4
20260828,rps,001229.SZ,魅视科技,43,31-50,40.08
20260828,rps,688361.SH,中科飞测,44,31-50,362.66
20260828,rps,601886.SH,江河集团,45,31-50,12.91
20260828,rps,603330.SH,天洋新材,46,31-50,11.02
20260828,rps,603823.SH,百合花,47,31-50,66.12
20260828,rps,002528.SZ,*ST英飞,48,31-50,6.65
20260828,rps,601101.SH,昊华能源,49,31-50,14.81
20260828,rps,002674.SZ,兴业科技,50,31-50,24.89
20260828,rps,300214.SZ,日科化学,51,51+,13.06
20260828,rps,002141.SZ,贤丰控股,52,51+,6.45
20260828,rps,603012.SH,创力集团,53,51+,10.07
20260828,rps,603118.SH,共进股份,54,51+,17.73
20260828,rps,002821.SZ,凯莱英,55,51+,164.94
20260828,rps,002774.SZ,快意电梯,56,51+,16.38
20260828,rps,603162.SH,海通发展,57,51+,12.68
20260828,rps,603838.SH,*ST四通,58,51+,12.92
20260828,rps,601233.SH,桐昆股份,59,51+,27.45
20260828,rps,300483.SZ,首华燃气,60,51+,25.43
20260831,breakout,300364.SZ,中文在线,1,1-10,27.28
20260831,breakout,300413.SZ,芒果超媒,2,1-10,16.98
20260831,breakout,301218.SZ,华是科技,3,1-10,58.14
20260831,breakout,301262.SZ,海看股份,4,1-10,22.33
20260831,breakout,688601.SH,力芯微,5,1-10,64.66
20260831,breakout,300133.SZ,华策影视,6,1-10,8.0
20260831,breakout,688002.SH,睿创微纳,7,1-10,185.0
20260831,breakout,688333.SH,铂力特,8,1-10,117.27
20260831,breakout,688026.SH,洁特生物,9,1-10,18.82
20260831,breakout,300583.SZ,赛托生物,10,1-10,14.71
20260831,breakout,300901.SZ,中胤时尚,11,11-30,19.23
20260831,breakout,688330.SH,宏力达,12,11-30,39.28
20260831,breakout,600540.SH,新赛股份,13,11-30,5.56
20260831,breakout,002303.SZ,美盈森,14,11-30,5.69
20260831,breakout,002909.SZ,集泰股份,15,11-30,6.02
20260831,breakout,000011.SZ,深物业A,16,11-30,10.07
20260831,breakout,600227.SH,赤天化,17,11-30,5.04
20260831,breakout,000965.SZ,天保基建,18,11-30,3.62
20260831,breakout,002679.SZ,福建金森,19,11-30,11.74
20260831,breakout,603058.SH,永吉股份,20,11-30,10.32
20260831,breakout,603559.SH,中通国脉,21,11-30,10.54
20260831,breakout,600722.SH,金牛化工,22,11-30,16.8
20260831,breakout,600671.SH,天目药业,23,11-30,22.86
20260831,breakout,002396.SZ,星网锐捷,24,11-30,40.36
20260831,breakout,600551.SH,时代出版,25,11-30,8.25
20260831,breakout,000712.SZ,锦龙股份,26,11-30,12.98
20260831,breakout,002375.SZ,亚厦股份,27,11-30,4.07
20260831,breakout,002418.SZ,康盛股份,28,11-30,5.39
20260831,breakout,603358.SH,华达科技,29,11-30,49.72
20260831,breakout,002084.SZ,海鸥住工,30,11-30,6.38
20260831,breakout,002881.SZ,美格智能,31,31-50,44.9
20260831,breakout,601882.SH,海天精工,32,31-50,21.91
20260831,breakout,002098.SZ,浔兴股份,33,31-50,8.15
20260831,breakout,601136.SH,首创证券,34,31-50,15.86
20260831,breakout,603178.SH,圣龙股份,35,31-50,17.85
20260831,breakout,003005.SZ,竞业达,36,31-50,16.53
20260831,breakout,000892.SZ,欢瑞世纪,37,31-50,4.3
20260831,breakout,002660.SZ,茂硕电源,38,31-50,8.38
20260831,breakout,002855.SZ,捷荣技术,39,31-50,16.1
20260831,breakout,600371.SH,万向德农,40,31-50,12.69
20260831,breakout,603113.SH,金能科技,41,31-50,6.07
20260831,breakout,601086.SH,国芳集团,42,31-50,9.17
20260831,breakout,002133.SZ,广宇集团,43,31-50,3.1
20260831,breakout,600691.SH,潞化科技,44,31-50,3.23
20260831,breakout,000560.SZ,我爱我家,45,31-50,2.9
20260831,breakout,688621.SH,阳光诺和,46,31-50,68.87
20260831,breakout,688696.SH,极米科技,47,31-50,75.45
20260831,breakout,300929.SZ,华骐环保,48,31-50,17.72
20260831,breakout,300454.SZ,深信服,49,31-50,134.45
20260831,breakout,688552.SH,航天南湖,50,31-50,31.0
20260831,breakout,300517.SZ,海波重科,51,51+,11.14
20260831,breakout,300647.SZ,超频三,52,51+,8.05
20260831,breakout,603038.SH,华立股份,53,51+,17.94
20260831,breakout,300097.SZ,智云股份,54,51+,10.73
20260831,breakout,300169.SZ,天晟新材,55,51+,5.9
20260831,breakout,603819.SH,神力股份,56,51+,15.06
20260831,breakout,301227.SZ,森鹰窗业,57,51+,33.47
20260831,breakout,300884.SZ,狄耐克,58,51+,13.77
20260831,breakout,603048.SH,浙江黎明,59,51+,23.41
20260831,breakout,601665.SH,齐鲁银行,60,51+,7.03
20260831,etf,520700.SH,万家中证港股通创新药ETF,1,1-10,1.62
20260831,etf,513780.SH,景顺长城中证港股通创新药ETF,2,1-10,1.68
20260831,etf,520970.SH,嘉实中证港股通创新药ETF,3,1-10,0.9
20260831,etf,520510.SH,华夏中证港股通医疗主题ETF,4,1-10,0.94
20260831,etf,159366.SZ,永赢中证港股通医疗主题ETF,5,1-10,1.44
20260831,etf,520850.SH,易方达中证港股通医疗主题ETF,6,1-10,0.89
20260831,etf,513120.SH,广发中证香港创新药ETF(QDII),7,1-10,1.29
20260831,etf,159137.SZ,华宝中证港股通医疗主题ETF,8,1-10,0.96
20260831,etf,159167.SZ,工银瑞信中证港股通医疗主题ETF,9,1-10,0.95
20260831,etf,159622.SZ,东财中证沪港深创新药产业ETF,10,1-10,1.18
20260831,etf,517120.SH,华泰柏瑞中证沪港深创新药产业ETF,11,11-30,0.75
20260831,etf,517110.SH,国泰中证沪港深创新药产业ETF,12,11-30,0.79
20260831,etf,159748.SZ,富国中证沪港深创新药产业ETF,13,11-30,0.83
20260831,etf,513290.SH,汇添富纳斯达克生物科技ETF(QDII),14,11-30,1.77
20260831,etf,501005.SH,汇添富中证精准医疗主题指数(LOF)-A,15,11-30,1.06
20260831,etf,163208.SZ,诺安油气能源股票(QDII-LOF-FOF),16,11-30,1.4
20260831,etf,515220.SH,国泰中证煤炭ETF,17,11-30,1.38
20260831,etf,161724.SZ,招商中证煤炭等权指数-A,18,11-30,2.6
20260831,etf,165519.SZ,中信保诚中证800医药指数(LOF)-A,19,11-30,1.06
20260831,etf,512290.SH,国泰中证生物医药ETF,20,11-30,1.03
20260831,etf,161032.SZ,富国中证煤炭指数(LOF)-A,21,11-30,2.48
20260831,etf,589720.SH,国泰上证科创板创新药ETF,22,11-30,0.9
20260831,etf,589120.SH,汇添富上证科创板创新药ETF,23,11-30,0.83
20260831,etf,168204.SZ,国联中证煤炭指数-A,24,11-30,2.3
20260831,etf,516060.SH,工银瑞信中证创新药产业ETF,25,11-30,0.59
20260831,etf,159858.SZ,南方中证创新药产业ETF,26,11-30,0.68
20260831,etf,516080.SH,易方达中证创新药产业ETF,27,11-30,0.68
20260831,etf,515120.SH,广发中证创新药产业ETF,28,11-30,0.64
20260831,etf,159835.SZ,建信中证创新药产业ETF,29,11-30,0.66
20260831,etf,560900.SH,摩根中证创新药产业ETF,30,11-30,0.91
20260831,etf,159992.SZ,银华中证创新药产业ETF,31,31-50,0.85
20260831,etf,501025.SH,鹏华港股通中证香港银行投资指数(LOF)-A,32,31-50,1.89
20260831,etf,515020.SH,华夏中证银行ETF,33,31-50,1.77
20260831,etf,159887.SZ,富国中证800银行ETF,34,31-50,1.35
20260831,etf,501087.SH,交银瑞丰混合(LOF),35,31-50,1.36
20260831,etf,513030.SH,华安国际龙头(DAX)ETF(QDII),36,31-50,1.92
20260831,etf,161224.SZ,国投瑞银新丝路灵活配置混合(LOF),37,31-50,1.33
20260831,etf,517900.SH,招商中证银行AH价格优选ETF,38,31-50,1.55
20260831,etf,513140.SH,华泰柏瑞中证港股通金融服务ETF(QDII),39,31-50,1.73
20260831,rps,603580.SH,艾艾精工,1,1-10,85.83
20260831,rps,600664.SH,哈药股份,2,1-10,9.12
20260831,rps,301234.SZ,五洲医疗,3,1-10,95.67
20260831,rps,301520.SZ,万邦医药,4,1-10,61.29
20260831,rps,603221.SH,爱丽家居,5,1-10,27.77
20260831,rps,300862.SZ,蓝盾光电,6,1-10,50.33
20260831,rps,600613.SH,神奇制药,7,1-10,11.16
20260831,rps,605179.SH,一鸣食品,8,1-10,31.52
20260831,rps,600127.SH,金健米业,9,1-10,12.04
20260831,rps,000017.SZ,深中华A,10,1-10,11.21
20260831,rps,600721.SH,百花医药,11,11-30,13.9
20260831,rps,002396.SZ,星网锐捷,12,11-30,40.36
20260831,rps,002412.SZ,汉森制药,13,11-30,11.82
20260831,rps,688137.SH,近岸蛋白,14,11-30,68.77
20260831,rps,688296.SH,和达科技,15,11-30,24.39
20260831,rps,301165.SZ,锐捷网络,16,11-30,127.33
20260831,rps,003032.SZ,传智教育,17,11-30,10.95
20260831,rps,600227.SH,赤天化,18,11-30,5.04
20260831,rps,600722.SH,金牛化工,19,11-30,16.8
20260831,rps,002084.SZ,海鸥住工,20,11-30,6.38
20260831,rps,001258.SZ,立新能源,21,11-30,13.2
20260831,rps,601700.SH,风范股份,22,11-30,8.02
20260831,rps,301008.SZ,宏昌科技,23,11-30,41.15
20260831,rps,688046.SH,药康生物,24,11-30,31.91
20260831,rps,600815.SH,厦工股份,25,11-30,4.55
20260831,rps,301108.SZ,洁雅股份,26,11-30,40.65
20260831,rps,002528.SZ,*ST英飞,27,11-30,7.26
20260831,rps,002141.SZ,贤丰控股,28,11-30,7.1
20260831,rps,300929.SZ,华骐环保,29,11-30,17.72
20260831,rps,920699.BJ,海达尔,30,11-30,78.22
20260831,rps,300684.SZ,中石科技,31,31-50,94.5
20260831,rps,603682.SH,锦和商管,32,31-50,11.21
20260831,rps,601886.SH,江河集团,33,31-50,13.71
20260831,rps,000703.SZ,恒逸石化,34,31-50,19.52
20260831,rps,688202.SH,美迪西,35,31-50,95.45
20260831,rps,688596.SH,正帆科技,36,31-50,67.4
20260831,rps,001229.SZ,魅视科技,37,31-50,39.22
20260831,rps,603269.SH,海鸥股份,38,31-50,24.4
20260831,rps,301122.SZ,采纳股份,39,31-50,39.32
20260831,rps,600428.SH,中远海特,40,31-50,11.49
20260831,rps,603259.SH,药明康德,41,31-50,154.78
20260831,rps,688710.SH,益诺思,42,31-50,86.1
20260831,rps,000938.SZ,紫光股份,43,31-50,38.95
20260831,rps,688361.SH,中科飞测,44,31-50,365.99
20260831,rps,002870.SZ,香山股份,45,31-50,53.0
20260831,rps,601101.SH,昊华能源,46,31-50,15.02
20260831,rps,301218.SZ,华是科技,47,31-50,58.14
20260831,rps,688011.SH,新光光电,48,31-50,79.98
20260831,rps,603268.SH,松发股份,49,31-50,194.23
20260831,rps,002631.SZ,德尔未来,50,31-50,10.76
20260831,rps,600857.SH,宁波中百,51,51+,20.12
20260831,rps,002081.SZ,金螳螂,52,51+,6.16
20260831,rps,603162.SH,海通发展,53,51+,12.47
20260831,rps,002821.SZ,凯莱英,54,51+,161.6
20260831,rps,300951.SZ,博硕科技,55,51+,75.18
20260831,rps,603217.SH,元利科技,56,51+,30.15
20260831,rps,688037.SH,芯源微,57,51+,370.0
20260831,rps,301365.SZ,矩阵股份,58,51+,40.97
20260831,rps,002536.SZ,飞龙股份,59,51+,54.9
20260831,rps,603823.SH,百合花,60,51+,65.42
