date,ts_code,adj_close
20260706,000017.SZ,16.17849
20260706,000048.SZ,220.73474
20260706,000300.SH,4841.998
20260706,000571.SZ,52.22518000000001
20260706,000608.SZ,66.9725
20260706,000636.SZ,1052.0757
20260706,000691.SZ,46.452074
20260706,000703.SZ,150.64783799999998
20260706,000725.SZ,42.495312
20260706,000739.SZ,253.821308
20260706,000811.SZ,1138.500544
20260706,000938.SZ,238.393008
20260706,001229.SZ,52.388005
20260706,001258.SZ,7.1778
20260706,001331.SZ,230.589216
20260706,002084.SZ,11.88024
20260706,002141.SZ,45.53335
20260706,002156.SZ,186.6276
20260706,002167.SZ,188.14446
20260706,002185.SZ,211.192516
20260706,002303.SZ,55.852368
20260706,002317.SZ,334.28369
20260706,002346.SZ,47.37432
20260706,002371.SZ,5193.82752
20260706,002396.SZ,113.909796
20260706,002409.SZ,608.8151849999999
20260706,002412.SZ,49.43006999999999
20260706,002415.SZ,824.2645669999999
20260706,002422.SZ,349.975452
20260706,002440.SZ,66.11271699999999
20260706,002484.SZ,480.941285
20260706,002528.SZ,29.25576
20260706,002552.SZ,188.835212
20260706,002636.SZ,264.507712
20260706,002674.SZ,40.803666
20260706,002747.SZ,285.98439
20260706,002768.SZ,259.7322
20260706,002774.SZ,20.653401
20260706,002821.SZ,492.11939
20260706,002832.SZ,125.79823600000002
20260706,002860.SZ,67.43039999999999
20260706,002971.SZ,86.26328299999999
20260706,003004.SZ,75.29648
20260706,003032.SZ,5.37675
20260706,003036.SZ,87.85502
20260706,300083.SZ,118.4297
20260706,300192.SZ,66.281085
20260706,300209.SZ,98.45211
20260706,300234.SZ,64.41120000000001
20260706,300285.SZ,1119.3986
20260706,300313.SZ,17.898410000000002
20260706,300404.SZ,45.318546000000005
20260706,300408.SZ,631.662264
20260706,300419.SZ,54.6061
20260706,300420.SZ,85.39739999999999
20260706,300483.SZ,34.82773
20260706,300489.SZ,787.5966
20260706,300506.SZ,38.794316
20260706,300534.SZ,27.06208
20260706,300540.SZ,84.778104
20260706,300566.SZ,116.885178
20260706,300567.SZ,831.43183
20260706,300604.SZ,2121.7376
20260706,300666.SZ,333.82211800000005
20260706,300671.SZ,187.7572
20260706,300677.SZ,268.9344
20260706,300684.SZ,254.139914
20260706,300716.SZ,44.24589
20260706,300721.SZ,60.960465000000006
20260706,300759.SZ,71.8256
20260706,300835.SZ,312.9891
20260706,300843.SZ,153.7431
20260706,300862.SZ,27.17946
20260706,300903.SZ,169.50650000000002
20260706,300907.SZ,59.32325
20260706,300929.SZ,22.188188
20260706,300951.SZ,113.19631400000002
20260706,300985.SZ,70.52115
20260706,301008.SZ,57.556565000000006
20260706,301013.SZ,86.642829
20260706,301045.SZ,93.756662
20260706,301047.SZ,156.2784
20260706,301072.SZ,39.830784
20260706,301080.SZ,113.12272
20260706,301092.SZ,55.40766000000001
20260706,301108.SZ,39.14029
20260706,301122.SZ,42.005856
20260706,301165.SZ,209.2632
20260706,301217.SZ,147.860752
20260706,301218.SZ,56.888886
20260706,301234.SZ,37.6424
20260706,301273.SZ,45.489192
20260706,301282.SZ,44.781822000000005
20260706,301307.SZ,87.127964
20260706,301310.SZ,107.173066
20260706,301319.SZ,456.712242
20260706,301321.SZ,59.5002
20260706,301345.SZ,283.56398
20260706,301365.SZ,68.727997
20260706,301377.SZ,505.683
20260706,301379.SZ,102.442848
20260706,301511.SZ,185.92119
20260706,301520.SZ,54.702352
20260706,301526.SZ,41.050336
20260706,301536.SZ,117.572558
20260706,301580.SZ,120.531768
20260706,301588.SZ,53.62896
20260706,600127.SH,27.62241
20260706,600160.SH,561.185955
20260706,600162.SH,23.984343000000003
20260706,600172.SH,173.34975000000003
20260706,600183.SH,2133.847213
20260706,600206.SH,221.442746
20260706,600227.SH,14.375
20260706,600228.SH,15.00948
20260706,600246.SH,210.74933
20260706,600272.SH,14.287
20260706,600353.SH,485.3395200000001
20260706,600367.SH,211.045984
20260706,600378.SH,267.229983
20260706,600397.SH,92.01365
20260706,600428.SH,61.686144
20260706,600584.SH,465.921982
20260706,600613.SH,146.093718
20260706,600664.SH,31.82226
20260706,600667.SH,148.929494
20260706,600671.SH,60.44381
20260706,600721.SH,10.241478
20260706,600722.SH,48.0198
20260706,600815.SH,17.1855
20260706,600857.SH,118.98124
20260706,600909.SH,12.909456
20260706,600988.SH,175.54748
20260706,601101.SH,61.09613399999999
20260706,601168.SH,41.155725
20260706,601233.SH,76.16335
20260706,601678.SH,28.716480000000004
20260706,601700.SH,28.374528
20260706,601872.SH,30.793256
20260706,601886.SH,24.957504
20260706,601918.SH,16.739
20260706,603012.SH,19.573554
20260706,603065.SH,19.492508
20260706,603078.SH,311.51076
20260706,603118.SH,34.430352
20260706,603127.SH,323.676264
20260706,603129.SH,300.64256
20260706,603137.SH,27.03685
20260706,603156.SH,173.242614
20260706,603162.SH,33.232378
20260706,603186.SH,197.964289
20260706,603221.SH,12.391382
20260706,603259.SH,317.951232
20260706,603261.SH,53.2573
20260706,603268.SH,232.9371
20260706,603330.SH,45.69094
20260706,603580.SH,63.142508
20260706,603608.SH,42.3207
20260706,603663.SH,235.846296
20260706,603678.SH,206.28010200000003
20260706,603679.SH,26.44482
20260706,603682.SH,10.737135
20260706,603757.SH,201.974095
20260706,603823.SH,136.07334600000002
20260706,603838.SH,18.74415
20260706,603986.SH,3700.729669
20260706,603989.SH,104.409046
20260706,605111.SH,316.208564
20260706,605179.SH,13.747932
20260706,688002.SH,152.116568
20260706,688011.SH,65.7421
20260706,688012.SH,629.874
20260706,688017.SH,642.018516
20260706,688037.SH,803.918908
20260706,688046.SH,24.050535
20260706,688082.SH,379.0053
20260706,688120.SH,1254.9388
20260706,688131.SH,257.793153
20260706,688137.SH,39.93722399999999
20260706,688141.SH,168.26
20260706,688143.SH,199.20158
20260706,688146.SH,308.4018
20260706,688147.SH,135.82954
20260706,688200.SH,1480.15788
20260706,688202.SH,153.7328
20260706,688222.SH,34.312905
20260706,688233.SH,184.30544
20260706,688237.SH,54.5423
20260706,688249.SH,61.793548
20260706,688260.SH,95.79659999999998
20260706,688296.SH,12.138
20260706,688300.SH,569.472
20260706,688328.SH,82.31728
20260706,688347.SH,310.91872
20260706,688359.SH,189.64556
20260706,688361.SH,343.9947
20260706,688362.SH,96.21779
20260706,688371.SH,36.247060000000005
20260706,688403.SH,36.8128
20260706,688409.SH,371.507316
20260706,688432.SH,38.94216
20260706,688485.SH,62.52940400000001
20260706,688498.SH,3346.092
20260706,688507.SH,462.4144
20260706,688519.SH,352.466356
20260706,688530.SH,81.079596
20260706,688535.SH,242.769611
20260706,688545.SH,111.03374
20260706,688548.SH,46.052526
20260706,688549.SH,32.42239
20260706,688584.SH,31.917682
20260706,688596.SH,73.2649
20260706,688627.SH,569.8123
20260706,688630.SH,481.327
20260706,688652.SH,203.499765
20260706,688662.SH,166.19075
20260706,688669.SH,120.888768
20260706,688689.SH,85.57077500000001
20260706,688702.SH,357.0
20260706,688710.SH,64.55136599999999
20260706,688758.SH,21.718683
20260706,688766.SH,3139.062696
20260706,920438.BJ,136.9102
20260706,920699.BJ,132.47279500000002
20260706,920725.BJ,237.287986
20260707,000017.SZ,16.17849
20260707,000048.SZ,219.409312
20260707,000300.SH,4792.2624
20260707,000571.SZ,49.63676
20260707,000608.SZ,65.08125
20260707,000636.SZ,1101.712092
20260707,000691.SZ,43.77063
20260707,000703.SZ,139.92980999999995
20260707,000725.SZ,41.509596
20260707,000739.SZ,247.90889400000003
20260707,000811.SZ,1116.63488
20260707,000938.SZ,225.296064
20260707,001229.SZ,57.62829
20260707,001258.SZ,6.890688
20260707,001331.SZ,212.5728
20260707,002084.SZ,12.48432
20260707,002141.SZ,47.14515
20260707,002156.SZ,192.3522
20260707,002167.SZ,175.49147
20260707,002185.SZ,232.269402
20260707,002303.SZ,54.029680000000006
20260707,002317.SZ,309.37673
20260707,002346.SZ,46.579204
20260707,002371.SZ,5211.859847999999
20260707,002396.SZ,117.05183
20260707,002409.SZ,606.7580459999999
20260707,002412.SZ,47.33694
20260707,002415.SZ,824.995514
20260707,002422.SZ,319.765964
20260707,002440.SZ,62.516377
20260707,002484.SZ,441.631905
20260707,002528.SZ,27.7092
20260707,002552.SZ,181.678473
20260707,002636.SZ,273.361984
20260707,002674.SZ,37.83405
20260707,002747.SZ,304.437
20260707,002768.SZ,275.906
20260707,002774.SZ,18.591975
20260707,002821.SZ,464.79629
20260707,002832.SZ,123.753714
20260707,002860.SZ,63.744
20260707,002971.SZ,81.64131799999998
20260707,003004.SZ,82.82820000000001
20260707,003032.SZ,5.215949999999999
20260707,003036.SZ,91.351952
20260707,300083.SZ,117.8536
20260707,300192.SZ,63.146424
20260707,300209.SZ,100.626755
20260707,300234.SZ,60.485184
20260707,300285.SZ,1112.4103
20260707,300313.SZ,16.52005
20260707,300404.SZ,43.074108
20260707,300408.SZ,623.952
20260707,300419.SZ,53.0679
20260707,300420.SZ,86.99624999999999
20260707,300483.SZ,33.5405
20260707,300489.SZ,790.1851999999999
20260707,300506.SZ,37.060133
20260707,300534.SZ,26.100664
20260707,300540.SZ,91.10673
20260707,300566.SZ,108.36423
20260707,300567.SZ,839.0110000000001
20260707,300604.SZ,2124.040802
20260707,300666.SZ,336.00770000000006
20260707,300671.SZ,178.27025
20260707,300677.SZ,266.654304
20260707,300684.SZ,236.960452
20260707,300716.SZ,35.39367
20260707,300721.SZ,58.70267
20260707,300759.SZ,71.753904
20260707,300835.SZ,298.48904000000005
20260707,300843.SZ,147.71035
20260707,300862.SZ,26.282025
20260707,300903.SZ,161.2891
20260707,300907.SZ,55.85093500000001
20260707,300929.SZ,21.781513
20260707,300951.SZ,106.557234
20260707,300985.SZ,80.69563
20260707,301008.SZ,56.102131
20260707,301013.SZ,90.330401
20260707,301045.SZ,100.21184
20260707,301047.SZ,150.63649999999998
20260707,301072.SZ,42.019068
20260707,301080.SZ,111.29816
20260707,301092.SZ,53.44724
20260707,301108.SZ,41.502076
20260707,301122.SZ,40.35348
20260707,301165.SZ,193.89671600000003
20260707,301217.SZ,148.527392
20260707,301218.SZ,55.678806
20260707,301234.SZ,35.87
20260707,301273.SZ,44.163849
20260707,301282.SZ,46.091232000000005
20260707,301307.SZ,89.65151800000001
20260707,301310.SZ,105.905852
20260707,301319.SZ,435.45313
20260707,301321.SZ,62.84614
20260707,301345.SZ,272.83774
20260707,301365.SZ,58.864793
20260707,301377.SZ,508.690045
20260707,301379.SZ,93.898752
20260707,301511.SZ,177.62992
20260707,301520.SZ,54.285216
20260707,301526.SZ,40.68688
20260707,301536.SZ,116.370777
20260707,301580.SZ,119.232288
20260707,301588.SZ,53.466448
20260707,600127.SH,27.26632
20260707,600160.SH,532.926438
20260707,600162.SH,22.70123
20260707,600172.SH,171.57420000000002
20260707,600183.SH,2085.435563
20260707,600206.SH,243.591372
20260707,600227.SH,13.857500000000002
20260707,600228.SH,14.27202
20260707,600246.SH,231.8118
20260707,600272.SH,13.870792
20260707,600353.SH,436.805568
20260707,600367.SH,202.193384
20260707,600378.SH,256.136091
20260707,600397.SH,82.8083
20260707,600428.SH,59.18728399999999
20260707,600584.SH,494.830802
20260707,600613.SH,139.72863900000002
20260707,600664.SH,30.72149
20260707,600667.SH,143.00708799999998
20260707,600671.SH,60.77071
20260707,600721.SH,9.92052
20260707,600722.SH,46.07544000000001
20260707,600815.SH,16.61265
20260707,600857.SH,113.27666
20260707,600909.SH,12.576474
20260707,600988.SH,168.99222600000002
20260707,601101.SH,60.072993
20260707,601168.SH,41.198820000000005
20260707,601233.SH,72.4018
20260707,601678.SH,27.335880000000003
20260707,601700.SH,28.5012
20260707,601872.SH,28.21554
20260707,601886.SH,24.24708
20260707,601918.SH,16.303786
20260707,603012.SH,18.843538
20260707,603065.SH,21.4407
20260707,603078.SH,285.974436
20260707,603118.SH,34.661255999999995
20260707,603127.SH,307.900578
20260707,603129.SH,290.323328
20260707,603137.SH,29.734825
20260707,603156.SH,173.00562
20260707,603162.SH,32.392328
20260707,603186.SH,196.404178
20260707,603221.SH,12.612281
20260707,603259.SH,305.87648
20260707,603261.SH,53.0654
20260707,603268.SH,228.68762
20260707,603330.SH,44.681489
20260707,603608.SH,45.508700000000005
20260707,603663.SH,233.358832
20260707,603678.SH,185.660136
20260707,603679.SH,27.49456
20260707,603682.SH,10.83027
20260707,603757.SH,189.19609000000003
20260707,603823.SH,149.68894500000002
20260707,603838.SH,18.24375
20260707,603986.SH,3506.782
20260707,603989.SH,100.508776
20260707,605111.SH,313.768926
20260707,605179.SH,13.266087999999998
20260707,688002.SH,153.74152800000002
20260707,688011.SH,62.372
20260707,688012.SH,629.933988
20260707,688017.SH,657.7019939999999
20260707,688037.SH,828.2905999999999
20260707,688046.SH,23.936256
20260707,688082.SH,402.88365
20260707,688120.SH,1287.5952
20260707,688131.SH,243.208995
20260707,688137.SH,39.146896
20260707,688141.SH,162.92
20260707,688143.SH,193.73769
20260707,688146.SH,321.835815
20260707,688147.SH,142.96788
20260707,688200.SH,1546.521296
20260707,688202.SH,149.40536
20260707,688222.SH,32.73237
20260707,688233.SH,185.7856
20260707,688237.SH,54.363893
20260707,688249.SH,60.40651
20260707,688260.SH,93.8268
20260707,688296.SH,12.0462
20260707,688300.SH,560.60366
20260707,688328.SH,82.173584
20260707,688347.SH,325.296
20260707,688359.SH,180.15776
20260707,688361.SH,357.63414
20260707,688362.SH,102.84762
20260707,688371.SH,35.546150000000004
20260707,688403.SH,37.6832
20260707,688409.SH,383.149824
20260707,688432.SH,46.730592
20260707,688485.SH,57.971452
20260707,688498.SH,3499.196112
20260707,688507.SH,465.860696
20260707,688519.SH,350.2694
20260707,688530.SH,82.538586
20260707,688535.SH,238.207116
20260707,688545.SH,108.921795
20260707,688548.SH,49.056618
20260707,688549.SH,33.2332
20260707,688584.SH,36.802726
20260707,688596.SH,81.00415000000001
20260707,688627.SH,576.441555
20260707,688630.SH,473.369743
20260707,688652.SH,216.25425
20260707,688662.SH,158.81955
20260707,688669.SH,117.1716
20260707,688689.SH,79.63645500000001
20260707,688702.SH,382.0
20260707,688710.SH,65.620164
20260707,688758.SH,21.106182
20260707,688766.SH,2932.584
20260707,920438.BJ,147.82184
20260707,920699.BJ,124.396857
20260707,920725.BJ,251.31964
20260708,000017.SZ,16.258979999999998
20260708,000048.SZ,222.77386000000004
20260708,000300.SH,4755.5338
20260708,000571.SZ,50.55032
20260708,000608.SZ,66.5275
20260708,000636.SZ,1091.6409400000002
20260708,000691.SZ,44.95362
20260708,000703.SZ,136.158652
20260708,000725.SZ,41.783406
20260708,000739.SZ,244.608942
20260708,000811.SZ,1063.56288
20260708,000938.SZ,240.611616
20260708,001229.SZ,63.38815
20260708,001258.SZ,6.747132000000001
20260708,001331.SZ,203.303232
20260708,002084.SZ,12.55144
20260708,002141.SZ,45.1304
20260708,002156.SZ,185.0202
20260708,002167.SZ,157.9659
20260708,002185.SZ,228.456498
20260708,002303.SZ,52.597568
20260708,002317.SZ,299.46007000000003
20260708,002346.SZ,44.766687
20260708,002371.SZ,5185.554624
20260708,002396.SZ,128.77914
20260708,002409.SZ,620.4069999999999
20260708,002412.SZ,47.33694
20260708,002415.SZ,836.934315
20260708,002422.SZ,307.814152
20260708,002440.SZ,56.762233
20260708,002484.SZ,417.43768000000006
20260708,002528.SZ,28.54692
20260708,002552.SZ,188.289631
20260708,002636.SZ,256.090688
20260708,002674.SZ,41.617455
20260708,002747.SZ,273.99330000000003
20260708,002768.SZ,285.46757
20260708,002774.SZ,17.61345
20260708,002821.SZ,453.958127
20260708,002832.SZ,120.747064
20260708,002860.SZ,60.3648
20260708,002971.SZ,76.80500099999999
20260708,003004.SZ,83.22188
20260708,003032.SZ,5.23605
20260708,003036.SZ,84.95170299999998
20260708,300083.SZ,106.3316
20260708,300192.SZ,62.299708
20260708,300209.SZ,102.8014
20260708,300234.SZ,58.828896
20260708,300285.SZ,997.29394
20260708,300313.SZ,16.216
20260708,300404.SZ,43.121862
20260708,300408.SZ,581.300424
20260708,300419.SZ,53.45245
20260708,300420.SZ,80.883
20260708,300483.SZ,32.579609999999995
20260708,300489.SZ,806.3187999999999
20260708,300506.SZ,36.096698
20260708,300534.SZ,26.88404
20260708,300540.SZ,94.101147
20260708,300566.SZ,99.133203
20260708,300567.SZ,926.6549
20260708,300604.SZ,2214.0052680000003
20260708,300666.SZ,340.971218
20260708,300671.SZ,170.67335
20260708,300677.SZ,262.971072
20260708,300684.SZ,224.084394
20260708,300716.SZ,33.84225
20260708,300721.SZ,59.48799
20260708,300759.SZ,71.143632
20260708,300835.SZ,308.47993499999995
20260708,300843.SZ,150.7165
20260708,300862.SZ,25.75496
20260708,300903.SZ,152.81830000000002
20260708,300907.SZ,53.14774200000001
20260708,300929.SZ,21.423639
20260708,300951.SZ,103.28511600000002
20260708,300985.SZ,71.12133
20260708,301008.SZ,58.904577
20260708,301013.SZ,94.90964
20260708,301045.SZ,92.33228
20260708,301047.SZ,152.1975
20260708,301072.SZ,40.192152
20260708,301080.SZ,107.763075
20260708,301092.SZ,53.581374
20260708,301108.SZ,42.18536
20260708,301122.SZ,38.223144
20260708,301165.SZ,216.4438
20260708,301217.SZ,137.43040000000002
20260708,301218.SZ,55.9662
20260708,301273.SZ,43.75057
20260708,301282.SZ,38.889477
20260708,301307.SZ,82.45285400000002
20260708,301310.SZ,107.81706
20260708,301319.SZ,415.596076
20260708,301321.SZ,75.41234
20260708,301345.SZ,294.2023
20260708,301365.SZ,57.72291200000001
20260708,301377.SZ,492.23974
20260708,301379.SZ,88.63420799999999
20260708,301511.SZ,166.064301
20260708,301520.SZ,61.477216
20260708,301526.SZ,37.516736
20260708,301536.SZ,116.199094
20260708,301580.SZ,108.65652
20260708,301588.SZ,49.779457
20260708,600127.SH,27.41893
20260708,600160.SH,523.087092
20260708,600162.SH,22.602529
20260708,600172.SH,164.37855000000002
20260708,600183.SH,2011.988174
20260708,600206.SH,234.888572
20260708,600227.SH,13.8
20260708,600228.SH,13.8816
20260708,600246.SH,243.0285
20260708,600272.SH,13.896816
20260708,600353.SH,399.009216
20260708,600367.SH,188.825958
20260708,600378.SH,244.182813
20260708,600397.SH,76.27289999999999
20260708,600428.SH,58.54471999999999
20260708,600584.SH,461.120178
20260708,600613.SH,140.334837
20260708,600664.SH,30.92163
20260708,600667.SH,129.74959199999998
20260708,600671.SH,60.28036000000001
20260708,600721.SH,9.760041
20260708,600722.SH,46.01652
20260708,600815.SH,16.1671
20260708,600857.SH,111.64678
20260708,600909.SH,11.756825999999998
20260708,600988.SH,173.991996
20260708,601101.SH,59.585783
20260708,601168.SH,40.48057
20260708,601233.SH,69.60475
20260708,601678.SH,26.41548
20260708,601700.SH,27.86784
20260708,601872.SH,27.083435
20260708,601886.SH,24.463296
20260708,601918.SH,16.437698
20260708,603012.SH,18.47853
20260708,603065.SH,23.198308
20260708,603078.SH,258.87246
20260708,603118.SH,37.047264
20260708,603127.SH,297.46194
20260708,603129.SH,288.201408
20260708,603137.SH,32.704025
20260708,603156.SH,174.90157200000002
20260708,603162.SH,30.846636
20260708,603186.SH,188.752205
20260708,603221.SH,12.181002
20260708,603259.SH,298.37824
20260708,603261.SH,55.045
20260708,603268.SH,239.24002
20260708,603330.SH,42.025039
20260708,603608.SH,40.9658
20260708,603663.SH,220.487652
20260708,603678.SH,167.104848
20260708,603679.SH,27.07754
20260708,603682.SH,10.644
20260708,603757.SH,178.815555
20260708,603823.SH,144.19311900000002
20260708,603838.SH,18.348000000000003
20260708,603986.SH,3411.589837
20260708,603989.SH,94.268344
20260708,605111.SH,307.118945
20260708,605179.SH,13.348103999999998
20260708,688002.SH,157.3055
20260708,688011.SH,62.08026
20260708,688012.SH,634.3731
20260708,688017.SH,552.9522
20260708,688037.SH,880.3298
20260708,688046.SH,24.175203
20260708,688082.SH,421.6815
20260708,688120.SH,1376.234
20260708,688131.SH,231.558432
20260708,688137.SH,37.833104
20260708,688141.SH,177.0
20260708,688143.SH,199.359572
20260708,688146.SH,337.1235
20260708,688147.SH,142.2641
20260708,688200.SH,1664.960632
20260708,688202.SH,149.48440000000002
20260708,688222.SH,31.264002
20260708,688233.SH,178.43584
20260708,688237.SH,54.291394
20260708,688249.SH,58.808401
20260708,688260.SH,95.72625
20260708,688296.SH,11.9544
20260708,688300.SH,539.98996
20260708,688328.SH,87.264528
20260708,688347.SH,359.8336
20260708,688359.SH,186.6436
20260708,688361.SH,409.1832
20260708,688362.SH,98.29399999999998
20260708,688371.SH,35.055513
20260708,688403.SH,35.4816
20260708,688409.SH,398.91384
20260708,688432.SH,45.383568
20260708,688485.SH,51.388874
20260708,688498.SH,3299.1651
20260708,688507.SH,446.0554
20260708,688519.SH,331.09785
20260708,688530.SH,81.75375
20260708,688535.SH,234.8563
20260708,688545.SH,112.377705
20260708,688548.SH,47.82024
20260708,688549.SH,33.16313
20260708,688584.SH,34.586936
20260708,688596.SH,78.094192
20260708,688627.SH,595.1148
20260708,688630.SH,484.665566
20260708,688652.SH,224.292285
20260708,688662.SH,152.70850000000002
20260708,688669.SH,115.030188
20260708,688689.SH,70.78796
20260708,688702.SH,401.5
20260708,688710.SH,64.793358
20260708,688758.SH,19.98159
20260708,688766.SH,2866.4976
20260708,920438.BJ,153.43207000000004
20260708,920699.BJ,142.3305
20260708,920725.BJ,217.6954
20260709,000017.SZ,17.573649999999997
20260709,000048.SZ,223.385596
20260709,000300.SH,4876.3125
20260709,000571.SZ,49.408370000000005
20260709,000608.SZ,67.19500000000001
20260709,000636.SZ,1160.88011
20260709,000691.SZ,45.74228
20260709,000703.SZ,134.868519
20260709,000725.SZ,44.63103
20260709,000739.SZ,245.296432
20260709,000811.SZ,1169.919168
20260709,000938.SZ,255.354624
20260709,001229.SZ,67.500215
20260709,001258.SZ,6.6753540000000005
20260709,001331.SZ,207.3456
20260709,002084.SZ,12.45076
20260709,002141.SZ,43.11565
20260709,002156.SZ,203.5194
20260709,002167.SZ,154.42935
20260709,002185.SZ,251.333922
20260709,002303.SZ,56.373136
20260709,002317.SZ,309.60735000000005
20260709,002346.SZ,49.23590699999999
20260709,002371.SZ,5677.468776
20260709,002396.SZ,128.159584
20260709,002409.SZ,682.4476999999999
20260709,002412.SZ,50.39612999999999
20260709,002415.SZ,862.273811
20260709,002422.SZ,313.09348
20260709,002440.SZ,57.121867
20260709,002484.SZ,451.65879000000007
20260709,002528.SZ,28.61136
20260709,002552.SZ,207.128222
20260709,002636.SZ,272.07756800000004
20260709,002674.SZ,43.987437
20260709,002747.SZ,258.02589
20260709,002768.SZ,283.27935
20260709,002774.SZ,18.852915
20260709,002821.SZ,489.478157
20260709,002832.SZ,122.190256
20260709,002860.SZ,64.0512
20260709,002971.SZ,78.720772
20260709,003004.SZ,87.53164
20260709,003032.SZ,5.125499999999999
20260709,003036.SZ,86.808099
20260709,300083.SZ,111.1873
20260709,300192.SZ,60.660242
20260709,300209.SZ,104.145726
20260709,300234.SZ,60.42384
20260709,300285.SZ,1026.6448
20260709,300313.SZ,16.216
20260709,300404.SZ,43.503894
20260709,300408.SZ,596.364408
20260709,300419.SZ,54.68301
20260709,300420.SZ,78.0615
20260709,300483.SZ,31.80002
20260709,300489.SZ,806.68
20260709,300506.SZ,41.170789
20260709,300534.SZ,26.314312
20260709,300540.SZ,100.514721
20260709,300566.SZ,104.65947
20260709,300604.SZ,2610.2956
20260709,300666.SZ,372.24342400000006
20260709,300671.SZ,177.628
20260709,300677.SZ,260.74944
20260709,300684.SZ,233.476744
20260709,300716.SZ,27.0738
20260709,300721.SZ,61.510189
20260709,300759.SZ,72.716256
20260709,300835.SZ,316.101308
20260709,300843.SZ,152.055975
20260709,300862.SZ,26.538435
20260709,300903.SZ,156.384
20260709,300907.SZ,56.724468
20260709,300929.SZ,21.456173
20260709,300951.SZ,112.62725
20260709,300985.SZ,66.99152000000001
20260709,301008.SZ,59.294791
20260709,301013.SZ,90.98026000000002
20260709,301045.SZ,93.9486
20260709,301047.SZ,153.2902
20260709,301072.SZ,41.567358
20260709,301080.SZ,109.587635
20260709,301092.SZ,49.0105
20260709,301108.SZ,45.245284000000005
20260709,301122.SZ,39.411216
20260709,301165.SZ,223.993688
20260709,301217.SZ,143.25580800000003
20260709,301218.SZ,57.206532
20260709,301273.SZ,42.282717000000005
20260709,301282.SZ,37.39093
20260709,301307.SZ,93.341336
20260709,301310.SZ,109.31278799999998
20260709,301319.SZ,451.364858
20260709,301321.SZ,79.83322
20260709,301345.SZ,298.85107
20260709,301365.SZ,60.999614
20260709,301377.SZ,503.68524
20260709,301379.SZ,106.355296
20260709,301511.SZ,170.027247
20260709,301520.SZ,59.83744
20260709,301526.SZ,39.22296
20260709,301536.SZ,123.81374
20260709,301580.SZ,112.115136
20260709,301588.SZ,49.05831
20260709,600127.SH,27.16458
20260709,600160.SH,526.2906
20260709,600162.SH,23.490838
20260709,600172.SH,174.7515
20260709,600183.SH,2177.14106
20260709,600206.SH,258.38613200000003
20260709,600227.SH,13.9725
20260709,600228.SH,15.26976
20260709,600246.SH,259.10576999999995
20260709,600272.SH,13.701636
20260709,600353.SH,438.953088
20260709,600367.SH,191.52600100000004
20260709,600378.SH,258.59706
20260709,600397.SH,79.1421
20260709,600428.SH,58.330532
20260709,600584.SH,507.227296
20260709,600613.SH,137.910045
20260709,600664.SH,30.62142
20260709,600667.SH,142.73541799999998
20260709,600671.SH,63.05901
20260709,600721.SH,9.555795
20260709,600722.SH,45.839760000000005
20260709,600815.SH,16.23075
20260709,600857.SH,112.9274
20260709,600909.SH,12.93507
20260709,600988.SH,174.158655
20260709,601101.SH,55.05473
20260709,601168.SH,41.644135
20260709,601233.SH,67.955558
20260709,601678.SH,26.41548
20260709,601700.SH,28.057848
20260709,601872.SH,28.041370000000004
20260709,601886.SH,24.308856
20260709,601918.SH,15.751399
20260709,603012.SH,18.752286
20260709,603065.SH,22.213624
20260709,603078.SH,275.392788
20260709,603118.SH,34.430352
20260709,603127.SH,308.371494
20260709,603129.SH,288.491776
20260709,603137.SH,35.973
20260709,603156.SH,192.399629
20260709,603162.SH,30.91384
20260709,603186.SH,200.224858
20260709,603221.SH,12.317749
20260709,603259.SH,313.038592
20260709,603261.SH,56.2065
20260709,603268.SH,223.882
20260709,603330.SH,42.290684
20260709,603608.SH,40.53542
20260709,603663.SH,230.321812
20260709,603678.SH,170.2689
20260709,603679.SH,26.0997
20260709,603682.SH,10.577475
20260709,603757.SH,196.69456
20260709,603823.SH,142.80883200000002
20260709,603838.SH,17.930999999999997
20260709,603986.SH,3752.765789000001
20260709,603989.SH,98.0977
20260709,605111.SH,313.139342
20260709,605179.SH,13.0713
20260709,688002.SH,167.1956
20260709,688011.SH,62.9253
20260709,688012.SH,707.243523
20260709,688017.SH,577.3895759999999
20260709,688037.SH,935.881646
20260709,688046.SH,25.172547
20260709,688082.SH,439.56486
20260709,688120.SH,1604.8287999999998
20260709,688131.SH,236.92272
20260709,688137.SH,38.253928
20260709,688141.SH,174.23
20260709,688143.SH,207.75948
20260709,688146.SH,370.3266
20260709,688147.SH,157.8478
20260709,688200.SH,1812.6426
20260709,688202.SH,152.44840000000002
20260709,688222.SH,34.108965000000005
20260709,688233.SH,200.99552
20260709,688237.SH,54.291394
20260709,688249.SH,65.542571
20260709,688260.SH,100.7613
20260709,688296.SH,12.801
20260709,688300.SH,581.81056
20260709,688328.SH,104.713328
20260709,688347.SH,402.102
20260709,688359.SH,194.64548
20260709,688361.SH,447.79485
20260709,688362.SH,115.1444
20260709,688371.SH,42.064613
20260709,688403.SH,40.6016
20260709,688409.SH,431.193972
20260709,688432.SH,54.458256
20260709,688485.SH,53.271064
20260709,688498.SH,3562.384203
20260709,688507.SH,459.5352160000001
20260709,688519.SH,363.979649
20260709,688530.SH,88.69653000000001
20260709,688535.SH,268.06528
20260709,688545.SH,120.845695
20260709,688548.SH,52.00962
20260709,688549.SH,35.41538
20260709,688584.SH,41.502262
20260709,688596.SH,82.892527
20260709,688627.SH,655.719348
20260709,688630.SH,530.2789799999999
20260709,688652.SH,231.356925
20260709,688662.SH,155.825
20260709,688669.SH,123.9056
20260709,688689.SH,71.36019800000001
20260709,688702.SH,422.0
20260709,688710.SH,65.428587
20260709,688758.SH,20.533845
20260709,688766.SH,3147.653928
20260709,920438.BJ,161.48197800000003
20260709,920699.BJ,146.5477
20260709,920725.BJ,230.972664
20260710,000017.SZ,16.07117
20260710,000048.SZ,245.71396000000004
20260710,000300.SH,4780.7867
20260710,000571.SZ,48.723200000000006
20260710,000608.SZ,67.19500000000001
20260710,000636.SZ,1080.906121
20260710,000691.SZ,44.874754
20260710,000703.SZ,136.257893
20260710,000725.SZ,41.564358000000006
20260710,000739.SZ,247.4964
20260710,000811.SZ,1135.103936
20260710,000938.SZ,274.892688
20260710,001229.SZ,70.60282
20260710,001258.SZ,6.849672
20260710,001331.SZ,215.047008
20260710,002084.SZ,12.7528
20260710,002141.SZ,41.50385
20260710,002156.SZ,200.079
20260710,002167.SZ,154.42935
20260710,002185.SZ,268.068334
20260710,002303.SZ,58.976976
20260710,002317.SZ,340.62574
20260710,002346.SZ,54.15204899999999
20260710,002371.SZ,5177.0232
20260710,002396.SZ,121.56573799999998
20260710,002409.SZ,676.4722009999999
20260710,002412.SZ,48.303
20260710,002415.SZ,839.370805
20260710,002422.SZ,323.138868
20260710,002440.SZ,58.620342
20260710,002484.SZ,432.50295000000006
20260710,002528.SZ,28.54692
20260710,002552.SZ,193.649162
20260710,002636.SZ,264.097792
20260710,002674.SZ,43.97316
20260710,002747.SZ,265.79214
20260710,002768.SZ,270.43545
20260710,002774.SZ,20.74473
20260710,002821.SZ,502.168219
20260710,002832.SZ,124.415177
20260710,002860.SZ,62.6688
20260710,002971.SZ,71.660553
20260710,003004.SZ,85.99836
20260710,003032.SZ,5.226
20260710,003036.SZ,85.40500899999999
20260710,300083.SZ,109.5413
20260710,300192.SZ,59.972724
20260710,300209.SZ,99.084734
20260710,300234.SZ,60.485184
20260710,300285.SZ,941.5146
20260710,300313.SZ,17.04707
20260710,300404.SZ,45.27079200000001
20260710,300408.SZ,566.23644
20260710,300419.SZ,56.06739
20260710,300420.SZ,78.53174999999999
20260710,300483.SZ,31.96319
20260710,300489.SZ,767.55
20260710,300506.SZ,42.198453
20260710,300534.SZ,26.706
20260710,300540.SZ,95.439078
20260710,300566.SZ,94.810983
20260710,300604.SZ,2458.912414
20260710,300666.SZ,347.69137200000006
20260710,300671.SZ,161.48
20260710,300677.SZ,268.9344
20260710,300684.SZ,237.745994
20260710,300716.SZ,26.6175
20260710,300721.SZ,55.404326
20260710,300759.SZ,79.663968
20260710,300835.SZ,299.815265
20260710,300843.SZ,145.982325
20260710,300862.SZ,26.851825000000005
20260710,300903.SZ,152.96310000000005
20260710,300907.SZ,56.47289400000001
20260710,300929.SZ,20.512687
20260710,300951.SZ,106.580945
20260710,300985.SZ,65.8769
20260710,301008.SZ,57.99999
20260710,301013.SZ,84.17941
20260710,301045.SZ,93.9486
20260710,301047.SZ,156.25609999999998
20260710,301072.SZ,41.537244
20260710,301080.SZ,115.40342
20260710,301092.SZ,56.749
20260710,301108.SZ,45.364116
20260710,301122.SZ,38.414328
20260710,301165.SZ,212.566276
20260710,301217.SZ,135.471504
20260710,301218.SZ,64.164492
20260710,301273.SZ,41.256645
20260710,301282.SZ,37.070852
20260710,301307.SZ,94.547816
20260710,301310.SZ,121.818736
20260710,301319.SZ,428.11678000000006
20260710,301321.SZ,72.21780000000001
20260710,301345.SZ,283.542
20260710,301365.SZ,59.957027
20260710,301377.SZ,485.85107
20260710,301379.SZ,102.41408
20260710,301511.SZ,163.745556
20260710,301520.SZ,64.98691199999999
20260710,301526.SZ,38.132592
20260710,301536.SZ,119.178299
20260710,301580.SZ,107.75688
20260710,301588.SZ,56.300251
20260710,600127.SH,27.72415
20260710,600160.SH,496.7725620000001
20260710,600162.SH,23.786941
20260710,600172.SH,158.865
20260710,600183.SH,2066.347541
20260710,600206.SH,261.084
20260710,600227.SH,14.72
20260710,600228.SH,14.77089
20260710,600246.SH,246.7674
20260710,600272.SH,14.039947999999995
20260710,600353.SH,453.12672
20260710,600367.SH,182.275034
20260710,600378.SH,236.643654
20260710,600397.SH,75.0774
20260710,600428.SH,64.18500399999999
20260710,600584.SH,495.418778
20260710,600613.SH,143.365827
20260710,600664.SH,33.72359
20260710,600667.SH,137.247684
20260710,600671.SH,62.79749
20260710,600721.SH,9.92052
20260710,600722.SH,47.37168
20260710,600815.SH,16.73995
20260710,600857.SH,117.52599
20260710,600909.SH,12.077001
20260710,600988.SH,182.436052
20260710,601101.SH,51.546818
20260710,601168.SH,43.72706000000001
20260710,601233.SH,66.791714
20260710,601678.SH,25.034880000000005
20260710,601700.SH,28.311192
20260710,601872.SH,27.369524
20260710,601886.SH,24.24708
20260710,601918.SH,15.751399
20260710,603012.SH,18.843538
20260710,603065.SH,20.59366
20260710,603078.SH,251.476104
20260710,603118.SH,36.43152
20260710,603127.SH,339.216492
20260710,603129.SH,281.444768
20260710,603137.SH,38.185625
20260710,603156.SH,180.90542
20260710,603162.SH,34.005224
20260710,603186.SH,189.76044
20260710,603221.SH,12.675395000000002
20260710,603259.SH,318.80448
20260710,603261.SH,56.4287
20260710,603268.SH,227.70368
20260710,603330.SH,41.600007
20260710,603608.SH,41.53964
20260710,603663.SH,213.979752
20260710,603678.SH,159.40923
20260710,603679.SH,27.14944
20260710,603682.SH,11.54874
20260710,603757.SH,197.740265
20260710,603823.SH,136.693176
20260710,603838.SH,17.82675
20260710,603986.SH,3461.5332000000003
20260710,603989.SH,90.53354
20260710,605111.SH,288.58556600000003
20260710,605179.SH,13.37886
20260710,688002.SH,151.60750000000002
20260710,688011.SH,63.378
20260710,688012.SH,651.634647
20260710,688017.SH,573.0345
20260710,688037.SH,830.957609
20260710,688046.SH,26.450394
20260710,688082.SH,399.215529
20260710,688120.SH,1514.32392
20260710,688131.SH,245.360298
20260710,688137.SH,40.0296
20260710,688141.SH,152.65
20260710,688143.SH,206.17956
20260710,688146.SH,299.428815
20260710,688147.SH,139.720438
20260710,688200.SH,1685.791
20260710,688202.SH,171.912
20260710,688222.SH,36.576639
20260710,688233.SH,176.60860799999998
20260710,688237.SH,55.223524000000005
20260710,688249.SH,54.396012000000006
20260710,688260.SH,99.37439999999998
20260710,688296.SH,13.311000000000002
20260710,688300.SH,543.28222
20260710,688328.SH,121.351272
20260710,688347.SH,371.34948
20260710,688359.SH,190.8604
20260710,688361.SH,423.965946
20260710,688362.SH,107.5216
20260710,688371.SH,45.108565
20260710,688403.SH,36.4544
20260710,688409.SH,391.092
20260710,688432.SH,57.32448
20260710,688485.SH,53.037062000000006
20260710,688498.SH,3282.8427
20260710,688507.SH,453.6896
20260710,688519.SH,344.0516
20260710,688530.SH,77.17554
20260710,688535.SH,253.689681
20260710,688545.SH,112.1655
20260710,688548.SH,44.55048
20260710,688549.SH,29.35933
20260710,688584.SH,44.707428
20260710,688596.SH,70.200157
20260710,688627.SH,607.249879
20260710,688630.SH,476.226982
20260710,688652.SH,208.728
20260710,688662.SH,147.0988
20260710,688669.SH,117.023452
20260710,688689.SH,61.79110700000001
20260710,688702.SH,378.68
20260710,688710.SH,78.516321
20260710,688758.SH,21.307002
20260710,688766.SH,2903.6712
20260710,920438.BJ,145.03808
20260710,920699.BJ,133.06099
20260710,920725.BJ,212.69487200000003
20260713,000017.SZ,15.26627
20260713,000048.SZ,234.090976
20260713,000300.SH,4695.383
20260713,000571.SZ,45.37348
20260713,000608.SZ,67.41749999999999
20260713,000636.SZ,972.833521
20260713,000691.SZ,41.56238199999999
20260713,000703.SZ,131.19660199999998
20260713,000725.SZ,37.402446000000005
20260713,000739.SZ,250.108862
20260713,000811.SZ,1021.529856
20260713,000938.SZ,274.82111999999995
20260713,001229.SZ,69.38553
20260713,001258.SZ,6.654846000000001
20260713,001331.SZ,193.545792
20260713,002084.SZ,12.4172
20260713,002141.SZ,37.39375999999999
20260713,002156.SZ,207.4674
20260713,002167.SZ,139.02571
20260713,002185.SZ,255.570482
20260713,002303.SZ,56.763712000000005
20260713,002317.SZ,364.3796
20260713,002346.SZ,50.47735699999999
20260713,002371.SZ,4939.823759999999
20260713,002396.SZ,128.29234599999998
20260713,002409.SZ,617.207006
20260713,002412.SZ,49.027545
20260713,002415.SZ,808.6710309999999
20260713,002422.SZ,328.49152
20260713,002440.SZ,59.33961
20260713,002484.SZ,390.848975
20260713,002528.SZ,28.86912
20260713,002552.SZ,174.297083
20260713,002636.SZ,237.698944
20260713,002674.SZ,47.056992
20260713,002747.SZ,239.2005
20260713,002768.SZ,248.45811
20260713,002774.SZ,19.909722
20260713,002821.SZ,501.925347
20260713,002832.SZ,125.136773
20260713,002860.SZ,62.1312
20260713,002971.SZ,64.66731899999999
20260713,003004.SZ,81.84400000000001
20260713,003032.SZ,5.0049
20260713,003036.SZ,78.799693
20260713,300083.SZ,94.0689
20260713,300192.SZ,56.429362
20260713,300209.SZ,100.03367
20260713,300214.SZ,41.90487
20260713,300234.SZ,60.11712000000001
20260713,300285.SZ,813.31106
20260713,300313.SZ,16.25654
20260713,300404.SZ,45.27079200000001
20260713,300408.SZ,498.27024
20260713,300419.SZ,53.76009
20260713,300420.SZ,75.42809999999999
20260713,300483.SZ,31.69124
20260713,300489.SZ,692.3
20260713,300506.SZ,41.941537
20260713,300534.SZ,32.0472
20260713,300540.SZ,88.643238
20260713,300566.SZ,85.91955899999999
20260713,300604.SZ,2269.980056
20260713,300666.SZ,325.12064200000003
20260713,300671.SZ,150.2498
20260713,300677.SZ,260.74944
20260713,300684.SZ,215.921588
20260713,300716.SZ,24.45768
20260713,300721.SZ,54.77607
20260713,300759.SZ,79.992576
20260713,300835.SZ,290.018883
20260713,300843.SZ,131.698
20260713,300862.SZ,24.373195000000003
20260713,300903.SZ,144.1665
20260713,300907.SZ,53.410254
20260713,300929.SZ,22.44846
20260713,300951.SZ,97.357366
20260713,300985.SZ,61.07546000000001
20260713,301008.SZ,51.898462
20260713,301013.SZ,78.013306
20260713,301045.SZ,78.553152
20260713,301047.SZ,157.5718
20260713,301072.SZ,39.85086
20260713,301080.SZ,114.559561
20260713,301092.SZ,63.22870400000001
20260713,301108.SZ,45.468094
20260713,301122.SZ,39.12443999999999
20260713,301165.SZ,215.171808
20260713,301217.SZ,122.8156
20260713,301218.SZ,64.224996
20260713,301273.SZ,42.838506
20260713,301282.SZ,31.789565000000003
20260713,301307.SZ,75.63624200000001
20260713,301310.SZ,143.008216
20260713,301319.SZ,385.4029200000001
20260713,301321.SZ,69.3412
20260713,301345.SZ,263.97979999999995
20260713,301365.SZ,57.42503000000001
20260713,301377.SZ,455.42685
20260713,301379.SZ,107.59232
20260713,301511.SZ,145.251808
20260713,301520.SZ,77.99004799999999
20260713,301526.SZ,34.286016000000004
20260713,301536.SZ,112.250385
20260713,301580.SZ,102.71889600000002
20260713,301588.SZ,45.330691
20260713,600127.SH,28.43633
20260713,600160.SH,480.06855600000006
20260713,600162.SH,21.911622000000005
20260713,600172.SH,142.97850000000005
20260713,600183.SH,1859.698955
20260713,600206.SH,234.9756
20260713,600227.SH,13.857500000000002
20260713,600228.SH,13.8816
20260713,600246.SH,248.13833
20260713,600272.SH,14.065972
20260713,600353.SH,410.068944
20260713,600367.SH,166.87151000000003
20260713,600378.SH,213.244917
20260713,600397.SH,69.7375
20260713,600428.SH,70.110872
20260713,600584.SH,485.32519
20260713,600613.SH,145.790619
20260713,600664.SH,37.12597
20260713,600667.SH,123.501182
20260713,600671.SH,69.07397
20260713,600721.SH,9.847575
20260713,600722.SH,45.9576
20260713,600815.SH,15.466950000000002
20260713,600857.SH,115.2558
20260713,600909.SH,11.347001999999998
20260713,600988.SH,179.602849
20260713,601101.SH,52.375075
20260713,601168.SH,44.08618500000001
20260713,601233.SH,62.42729899999999
20260713,601678.SH,23.4702
20260713,601700.SH,27.487824
20260713,601872.SH,26.237236000000003
20260713,601886.SH,23.62932
20260713,601918.SH,15.667704
20260713,603012.SH,17.862579
20260713,603065.SH,22.65832
20260713,603078.SH,226.317696
20260713,603118.SH,37.97088
20260713,603127.SH,337.568286
20260713,603129.SH,296.7896
20260713,603137.SH,42.011325
20260713,603156.SH,170.833175
20260713,603162.SH,34.005224
20260713,603186.SH,170.78439599999996
20260713,603221.SH,12.380863
20260713,603259.SH,310.892544
20260713,603261.SH,55.4894
20260713,603268.SH,232.33818
20260713,603330.SH,37.987235
20260713,603608.SH,38.7342
20260713,603663.SH,205.331476
20260713,603678.SH,143.48171399999998
20260713,603679.SH,27.35076
20260713,603682.SH,11.68179
20260713,603757.SH,189.884725
20260713,603823.SH,136.3626
20260713,603838.SH,17.0553
20260713,603986.SH,3115.37988
20260713,603989.SH,81.48018599999999
20260713,605111.SH,264.779421
20260713,605179.SH,13.184072
20260713,688002.SH,144.03730000000002
20260713,688011.SH,57.85506
20260713,688012.SH,612.77742
20260713,688017.SH,536.968699
20260713,688037.SH,819.6174
20260713,688046.SH,25.224492
20260713,688072.SH,1858.4085
20260713,688082.SH,405.484866
20260713,688120.SH,1518.5692519999998
20260713,688131.SH,230.61288
20260713,688137.SH,40.0296
20260713,688141.SH,138.35
20260713,688143.SH,164.943648
20260713,688146.SH,249.02325
20260713,688147.SH,133.7182
20260713,688200.SH,1632.3798
20260713,688202.SH,166.26064
20260713,688222.SH,36.229941
20260713,688233.SH,157.519648
20260713,688237.SH,53.84604300000001
20260713,688249.SH,51.35055900000001
20260713,688260.SH,84.219
20260713,688296.SH,12.6888
20260713,688300.SH,491.4662
20260713,688328.SH,104.6928
20260713,688347.SH,351.4
20260713,688359.SH,182.80832
20260713,688361.SH,391.120971
20260713,688362.SH,96.28799999999998
20260713,688371.SH,43.506485000000005
20260713,688403.SH,32.0512
20260713,688409.SH,381.510246
20260713,688432.SH,49.72848
20260713,688485.SH,50.076428
20260713,688498.SH,3244.4850599999995
20260713,688507.SH,416.39108
20260713,688519.SH,321.04574
20260713,688530.SH,73.75446
20260713,688535.SH,225.28254
20260713,688545.SH,106.537015
20260713,688548.SH,45.235086
20260713,688549.SH,28.028
20260713,688584.SH,47.66525
20260713,688596.SH,66.020962
20260713,688627.SH,576.239135
20260713,688630.SH,457.342578
20260713,688652.SH,191.56815
20260713,688662.SH,132.79
20260713,688669.SH,110.275984
20260713,688689.SH,56.344249000000005
20260713,688702.SH,393.0
20260713,688710.SH,84.717366
20260713,688758.SH,22.642455
20260713,688766.SH,2490.6312
20260713,920438.BJ,123.612
20260713,920699.BJ,125.734495
20260713,920725.BJ,174.5874
20260714,000017.SZ,15.5614
20260714,000048.SZ,225.32276
20260714,000300.SH,4796.502
20260714,000571.SZ,45.06896
20260714,000608.SZ,72.20125
20260714,000636.SZ,1070.098861
20260714,000691.SZ,43.415733
20260714,000703.SZ,144.29641399999997
20260714,000725.SZ,38.442924
20260714,000739.SZ,262.483682
20260714,000811.SZ,1103.8976
20260714,000938.SZ,264.658464
20260714,001229.SZ,62.452915
20260714,001258.SZ,6.71637
20260714,001331.SZ,182.882304
20260714,002084.SZ,12.61856
20260714,002141.SZ,41.1009
20260714,002156.SZ,219.5934
20260714,002167.SZ,142.09071999999998
20260714,002185.SZ,271.987152
20260714,002303.SZ,59.23736
20260714,002317.SZ,359.19065
20260714,002346.SZ,50.502186
20260714,002371.SZ,5003.80944
20260714,002396.SZ,126.654948
20260714,002409.SZ,612.211097
20260714,002412.SZ,50.07411
20260714,002415.SZ,818.1733419999999
20260714,002422.SZ,355.6214
20260714,002440.SZ,64.13472999999999
20260714,002484.SZ,429.958815
20260714,002528.SZ,29.06244
20260714,002552.SZ,186.78126
20260714,002636.SZ,261.474304
20260714,002674.SZ,45.54363
20260714,002747.SZ,238.5792
20260714,002768.SZ,269.29377
20260714,002774.SZ,21.123093
20260714,002821.SZ,540.238405
20260714,002832.SZ,127.181295
20260714,002860.SZ,63.5136
20260714,002971.SZ,65.819461
20260714,003004.SZ,84.57904
20260714,003032.SZ,5.1054
20260714,003036.SZ,81.54111499999999
20260714,300083.SZ,95.468
20260714,300192.SZ,60.660242
20260714,300209.SZ,120.040404
20260714,300214.SZ,45.65246
20260714,300234.SZ,61.65072000000001
20260714,300285.SZ,889.54706
20260714,300313.SZ,16.17546
20260714,300404.SZ,47.467476
20260714,300408.SZ,543.194784
20260714,300419.SZ,55.22138
20260714,300420.SZ,70.1613
20260714,300483.SZ,35.26285
20260714,300489.SZ,791.63
20260714,300506.SZ,39.693522
20260714,300534.SZ,37.281576
20260714,300540.SZ,82.951722
20260714,300566.SZ,103.11582
20260714,300604.SZ,2342.4262280000003
20260714,300666.SZ,318.022607
20260714,300671.SZ,157.82835
20260714,300677.SZ,263.731104
20260714,300684.SZ,229.309956
20260714,300716.SZ,26.3133
20260714,300721.SZ,55.914784
20260714,300759.SZ,86.682096
20260714,300835.SZ,310.937872
20260714,300843.SZ,136.104975
20260714,300862.SZ,24.059805
20260714,300903.SZ,153.6328
20260714,300907.SZ,53.0493
20260714,300929.SZ,23.684752
20260714,300951.SZ,97.238811
20260714,300985.SZ,62.27582
20260714,301008.SZ,53.441581
20260714,301013.SZ,83.24240400000001
20260714,301045.SZ,85.09924799999999
20260714,301047.SZ,161.675
20260714,301072.SZ,41.185914
20260714,301080.SZ,121.584117
20260714,301092.SZ,60.432526
20260714,301108.SZ,44.829372
20260714,301122.SZ,39.9438
20260714,301165.SZ,202.739112
20260714,301217.SZ,137.645776
20260714,301218.SZ,61.850214
20260714,301273.SZ,42.89551
20260714,301282.SZ,32.473368
20260714,301307.SZ,78.46141600000001
20260714,301310.SZ,140.43223999999998
20260714,301319.SZ,414.194018
20260714,301321.SZ,69.29578000000001
20260714,301345.SZ,282.443
20260714,301365.SZ,61.26439800000001
20260714,301377.SZ,515.931925
20260714,301379.SZ,106.614208
20260714,301511.SZ,161.6095
20260714,301520.SZ,70.467216
20260714,301526.SZ,39.455168
20260714,301536.SZ,113.633948
20260714,301580.SZ,105.55776
20260714,301588.SZ,44.111851
20260714,600127.SH,28.79242
20260714,600160.SH,490.251135
20260714,600162.SH,22.70123
20260714,600172.SH,142.32435
20260714,600183.SH,2045.73801
20260714,600206.SH,229.014182
20260714,600227.SH,15.2375
20260714,600228.SH,14.66244
20260714,600246.SH,238.91571
20260714,600272.SH,14.70356
20260714,600353.SH,443.248128
20260714,600367.SH,176.255266
20260714,600378.SH,217.58091
20260714,600397.SH,72.76610000000001
20260714,600428.SH,75.536968
20260714,600584.SH,503.20946
20260714,600613.SH,151.246401
20260714,600664.SH,40.82856
20260714,600667.SH,122.957842
20260714,600671.SH,63.90895
20260714,600721.SH,10.037232
20260714,600722.SH,48.07872
20260714,600815.SH,15.9125
20260714,600857.SH,111.29752
20260714,600909.SH,11.94436
20260714,600988.SH,194.157735
20260714,601101.SH,57.636943
20260714,601168.SH,47.64870500000001
20260714,601233.SH,66.468424
20260714,601678.SH,23.83836
20260714,601700.SH,28.881215999999995
20260714,601872.SH,26.608768
20260714,601886.SH,24.185304
20260714,601918.SH,16.236829999999998
20260714,603012.SH,19.641993
20260714,603065.SH,24.924152
20260714,603078.SH,225.453888
20260714,603118.SH,36.585456
20260714,603127.SH,361.192572
20260714,603129.SH,298.889184
20260714,603137.SH,46.208175
20260714,603156.SH,175.257063
20260714,603162.SH,36.088548
20260714,603186.SH,187.860713
20260714,603221.SH,12.328268
20260714,603259.SH,329.689856
20260714,603261.SH,54.6511
20260714,603268.SH,232.78024
20260714,603330.SH,38.624783
20260714,603580.SH,69.460875
20260714,603608.SH,38.256
20260714,603663.SH,210.537796
20260714,603678.SH,150.185214
20260714,603679.SH,26.3154
20260714,603682.SH,11.881365
20260714,603757.SH,199.65314
20260714,603823.SH,137.354328
20260714,603838.SH,16.9302
20260714,603986.SH,3303.1058390000003
20260714,603989.SH,89.635296
20260714,605111.SH,276.07258399999995
20260714,605179.SH,13.409615999999998
20260714,688002.SH,147.23225
20260714,688011.SH,57.93554
20260714,688012.SH,607.8284100000001
20260714,688017.SH,547.382363
20260714,688037.SH,829.37475
20260714,688046.SH,25.577718
20260714,688072.SH,1869.426993
20260714,688082.SH,394.124868
20260714,688120.SH,1441.5467999999998
20260714,688131.SH,241.80768000000003
20260714,688137.SH,41.086792
20260714,688141.SH,147.1
20260714,688143.SH,167.99815999999998
20260714,688146.SH,252.93429
20260714,688147.SH,137.82023200000003
20260714,688200.SH,1672.4382
20260714,688202.SH,164.4032
20260714,688222.SH,36.219744000000006
20260714,688233.SH,157.7136
20260714,688237.SH,54.892100000000006
20260714,688249.SH,51.56163
20260714,688260.SH,91.97759999999998
20260714,688296.SH,13.0458
20260714,688300.SH,534.82912
20260714,688328.SH,109.3116
20260714,688347.SH,354.00036
20260714,688359.SH,196.81412
20260714,688361.SH,393.016452
20260714,688362.SH,94.73335
20260714,688371.SH,42.745497
20260714,688403.SH,33.36192
20260714,688409.SH,377.569242
20260714,688432.SH,48.999264
20260714,688485.SH,53.128628000000006
20260714,688498.SH,3670.29567
20260714,688507.SH,429.6964
20260714,688519.SH,380.21847
20260714,688530.SH,75.41469000000001
20260714,688535.SH,228.8727
20260714,688545.SH,106.80985
20260714,688548.SH,43.52868
20260714,688549.SH,29.41939
20260714,688584.SH,43.69744
20260714,688596.SH,65.133528
20260714,688627.SH,616.338537
20260714,688630.SH,466.57996
20260714,688652.SH,191.50794
20260714,688662.SH,139.9173
20260714,688669.SH,119.030184
20260714,688689.SH,56.37604000000001
20260714,688702.SH,376.61
20260714,688710.SH,81.75296399999999
20260714,688758.SH,23.154546
20260714,688766.SH,2664.108
20260714,920438.BJ,131.8528
20260714,920699.BJ,132.61695999999998
20260714,920725.BJ,181.42001800000003
20260715,000017.SZ,15.80287
20260715,000048.SZ,215.229116
20260715,000300.SH,4786.7828
20260715,000571.SZ,49.56063
20260715,000608.SZ,74.42625000000001
20260715,000636.SZ,981.65945
20260715,000691.SZ,44.007228
20260715,000703.SZ,143.700968
20260715,000725.SZ,34.938156
20260715,000739.SZ,281.458406
20260715,000811.SZ,1068.87008
20260715,000938.SZ,254.281104
20260715,001229.SZ,59.49876
20260715,001258.SZ,7.013736000000001
20260715,001331.SZ,181.90656
20260715,002084.SZ,12.31652
20260715,002141.SZ,45.21099
20260715,002156.SZ,221.9622
20260715,002167.SZ,137.68968
20260715,002185.SZ,244.767254
20260715,002303.SZ,65.226192
20260715,002317.SZ,383.86699
20260715,002346.SZ,50.055264
20260715,002371.SZ,4799.960112
20260715,002396.SZ,121.787008
20260715,002409.SZ,559.34589
20260715,002412.SZ,54.823905
20260715,002415.SZ,830.84309
20260715,002422.SZ,359.800868
20260715,002440.SZ,67.67113099999999
20260715,002484.SZ,438.28961
20260715,002528.SZ,28.74024
20260715,002552.SZ,178.62963799999997
20260715,002636.SZ,259.04211200000003
20260715,002674.SZ,40.989267
20260715,002747.SZ,254.1117
20260715,002768.SZ,280.66299999999995
20260715,002774.SZ,21.357939
20260715,002821.SZ,594.277425
20260715,002832.SZ,132.954063
20260715,002860.SZ,63.4752
20260715,002971.SZ,63.354413
20260715,003004.SZ,78.29052
20260715,003032.SZ,5.39685
20260715,003036.SZ,76.03668499999999
20260715,300083.SZ,95.468
20260715,300192.SZ,59.972724
20260715,300209.SZ,113.437391
20260715,300214.SZ,39.451902
20260715,300234.SZ,58.399488
20260715,300285.SZ,862.61034
20260715,300313.SZ,16.47951
20260715,300404.SZ,48.94785
20260715,300408.SZ,510.74928
20260715,300419.SZ,55.45211
20260715,300420.SZ,75.0519
20260715,300483.SZ,31.80002
20260715,300489.SZ,751.6270999999999
20260715,300506.SZ,38.473171
20260715,300534.SZ,38.45664
20260715,300540.SZ,78.895455
20260715,300566.SZ,92.495508
20260715,300604.SZ,2124.808536
20260715,300666.SZ,288.149582
20260715,300671.SZ,147.167
20260715,300677.SZ,271.506816
20260715,300684.SZ,231.52996600000003
20260715,300716.SZ,25.61364
20260715,300721.SZ,51.202864
20260715,300759.SZ,94.59216
20260715,300835.SZ,290.70852
20260715,300843.SZ,130.154025
20260715,300862.SZ,24.145275
20260715,300903.SZ,144.9448
20260715,300907.SZ,56.44008000000001
20260715,300929.SZ,24.4005
20260715,300951.SZ,96.764591
20260715,300985.SZ,59.86081
20260715,301008.SZ,54.434853
20260715,301013.SZ,77.0763
20260715,301045.SZ,78.94713
20260715,301047.SZ,162.9238
20260715,301072.SZ,40.433064
20260715,301080.SZ,122.884116
20260715,301092.SZ,58.45147
20260715,301108.SZ,45.958276000000005
20260715,301122.SZ,40.01208
20260715,301165.SZ,206.59612
20260715,301217.SZ,130.66144000000003
20260715,301218.SZ,60.095598
20260715,301273.SZ,43.693566
20260715,301282.SZ,31.13486
20260715,301307.SZ,74.91235400000001
20260715,301310.SZ,139.954438
20260715,301319.SZ,391.206788
20260715,301321.SZ,67.50926000000001
20260715,301345.SZ,292.46588
20260715,301365.SZ,62.704161
20260715,301377.SZ,486.82914
20260715,301379.SZ,104.773056
20260715,301511.SZ,157.11254
20260715,301520.SZ,84.563536
20260715,301526.SZ,37.3552
20260715,301536.SZ,108.129993
20260715,301580.SZ,105.877632
20260715,301588.SZ,43.949339
20260715,600127.SH,28.74155
20260715,600160.SH,482.81442
20260715,600162.SH,24.971353
20260715,600172.SH,131.48415
20260715,600183.SH,2108.396517
20260715,600206.SH,207.34421
20260715,600227.SH,16.79
20260715,600228.SH,15.09624
20260715,600246.SH,224.08474
20260715,600272.SH,14.846692
20260715,600353.SH,398.90184
20260715,600367.SH,162.091106
20260715,600378.SH,203.244789
20260715,600397.SH,70.01644999999999
20260715,600428.SH,75.465572
20260715,600584.SH,453.035508
20260715,600613.SH,154.883589
20260715,600664.SH,44.93143
20260715,600667.SH,113.069054
20260715,600671.SH,64.66082
20260715,600721.SH,11.043873
20260715,600722.SH,47.489520000000006
20260715,600815.SH,16.35805
20260715,600857.SH,122.41563
20260715,600909.SH,12.33385
20260715,600988.SH,185.54702
20260715,601101.SH,58.562642
20260715,601168.SH,47.663070000000005
20260715,601233.SH,66.985688
20260715,601678.SH,23.4702
20260715,601700.SH,29.197896
20260715,601872.SH,26.997992
20260715,601886.SH,25.420824
20260715,601918.SH,17.090519
20260715,603012.SH,19.322611
20260715,603065.SH,22.435972
20260715,603078.SH,216.76182
20260715,603118.SH,33.019271999999994
20260715,603127.SH,397.296132
20260715,603129.SH,302.384768
20260715,603137.SH,50.833275
20260715,603156.SH,166.68578000000002
20260715,603162.SH,37.768648
20260715,603186.SH,183.636739
20260715,603221.SH,12.002179
20260715,603259.SH,340.0064
20260715,603261.SH,53.2573
20260715,603268.SH,228.81596
20260715,603330.SH,39.581105
20260715,603580.SH,76.417253
20260715,603608.SH,38.6545
20260715,603663.SH,198.447564
20260715,603678.SH,148.227792
20260715,603679.SH,25.58202
20260715,603682.SH,12.067635
20260715,603757.SH,196.3885
20260715,603823.SH,134.792364
20260715,603838.SH,16.86765
20260715,603986.SH,3234.101419
20260715,603989.SH,82.638448
20260715,605111.SH,254.902822
20260715,605179.SH,13.819696
20260715,688002.SH,143.97625000000002
20260715,688011.SH,59.41436
20260715,688012.SH,586.817613
20260715,688017.SH,546.264592
20260715,688037.SH,808.472338
20260715,688046.SH,29.930709
20260715,688072.SH,1702.2582
20260715,688082.SH,358.043157
20260715,688120.SH,1352.814696
20260715,688131.SH,255.80118000000004
20260715,688137.SH,41.056
20260715,688141.SH,133.0
20260715,688143.SH,167.33986
20260715,688146.SH,254.981475
20260715,688147.SH,126.559752
20260715,688200.SH,1492.1754
20260715,688202.SH,172.6036
20260715,688222.SH,37.300626
20260715,688233.SH,147.89350399999998
20260715,688237.SH,55.40995
20260715,688249.SH,50.59673400000001
20260715,688260.SH,96.35939999999998
20260715,688296.SH,12.903
20260715,688300.SH,493.27546000000007
20260715,688328.SH,101.192776
20260715,688347.SH,332.74568
20260715,688359.SH,168.672
20260715,688361.SH,382.1049
20260715,688362.SH,85.85679999999998
20260715,688371.SH,37.94927
20260715,688403.SH,30.58688
20260715,688409.SH,347.69583
20260715,688432.SH,41.990688
20260715,688485.SH,56.954052
20260715,688498.SH,3690.9027
20260715,688507.SH,423.349108
20260715,688519.SH,365.8139
20260715,688530.SH,68.834142
20260715,688535.SH,204.758792
20260715,688545.SH,99.463515
20260715,688548.SH,41.79162
20260715,688549.SH,26.53651
20260715,688584.SH,40.585028
20260715,688596.SH,62.564097
20260715,688627.SH,606.2479
20260715,688630.SH,441.151557
20260715,688652.SH,177.61950000000002
20260715,688662.SH,135.5
20260715,688669.SH,113.93928
20260715,688689.SH,50.187392
20260715,688702.SH,352.5
20260715,688710.SH,81.67229999999999
20260715,688758.SH,23.19471
20260715,688766.SH,2387.3712
20260715,920438.BJ,114.495615
20260715,920699.BJ,131.7289
20260715,920725.BJ,166.375326
20260716,000017.SZ,15.695549999999995
20260716,000048.SZ,210.94696400000004
20260716,000300.SH,4698.4344
20260716,000571.SZ,47.58125
20260716,000608.SZ,74.9825
20260716,000636.SZ,931.22557
20260716,000691.SZ,44.046661
20260716,000703.SZ,139.63208699999998
20260716,000725.SZ,33.13101
20260716,000739.SZ,288.74580000000003
20260716,000811.SZ,997.7536
20260716,000938.SZ,276.18091200000003
20260716,001229.SZ,58.75650999999999
20260716,001258.SZ,7.711008
20260716,001331.SZ,185.670144
20260716,002084.SZ,12.38364
20260716,002141.SZ,47.62869
20260716,002156.SZ,214.179
20260716,002167.SZ,135.9607
20260716,002185.SZ,220.30112
20260716,002303.SZ,65.616768
20260716,002317.SZ,345.46876000000003
20260716,002346.SZ,50.87462099999999
20260716,002371.SZ,4542.078431999999
20260716,002396.SZ,126.168154
20260716,002409.SZ,509.3868
20260716,002412.SZ,54.09936
20260716,002415.SZ,831.3303879999999
20260716,002422.SZ,365.88676
20260716,002440.SZ,65.273571
20260716,002484.SZ,406.16367
20260716,002528.SZ,28.74024
20260716,002552.SZ,174.104525
20260716,002636.SZ,244.72224
20260716,002674.SZ,36.891768
20260716,002747.SZ,263.61759
20260716,002768.SZ,264.44163
20260716,002774.SZ,21.13614
20260716,002821.SZ,546.431641
20260716,002832.SZ,130.42847700000002
20260716,002860.SZ,62.9376
20260716,002971.SZ,59.723826
20260716,003004.SZ,73.50420000000001
20260716,003032.SZ,5.678249999999999
20260716,003036.SZ,71.514418
20260716,300083.SZ,97.7724
20260716,300192.SZ,58.597688
20260716,300209.SZ,105.371435
20260716,300214.SZ,36.487899
20260716,300234.SZ,57.04992000000001
20260716,300285.SZ,804.2897999999999
20260716,300313.SZ,16.86464
20260716,300404.SZ,51.526566
20260716,300408.SZ,476.25364800000006
20260716,300419.SZ,56.68267
20260716,300420.SZ,72.32445
20260716,300483.SZ,31.21986
20260716,300489.SZ,702.6845
20260716,300506.SZ,38.280484
20260716,300534.SZ,41.234064
20260716,300540.SZ,74.074656
20260716,300566.SZ,93.576063
20260716,300567.SZ,820.297
20260716,300604.SZ,2045.871522
20260716,300666.SZ,245.112
20260716,300671.SZ,136.0469
20260716,300677.SZ,260.866368
20260716,300684.SZ,228.217028
20260716,300716.SZ,27.48447
20260716,300721.SZ,46.942503
20260716,300759.SZ,90.60192
20260716,300835.SZ,274.121866
20260716,300843.SZ,125.25625
20260716,300862.SZ,23.90311
20260716,300903.SZ,137.27040000000002
20260716,300907.SZ,55.78380000000001
20260716,300929.SZ,25.099981
20260716,300951.SZ,92.188368
20260716,300985.SZ,58.38894
20260716,301008.SZ,54.825067
20260716,301013.SZ,73.14692000000001
20260716,301045.SZ,71.198896
20260716,301047.SZ,167.7406
20260716,301072.SZ,39.208428000000005
20260716,301080.SZ,122.496397
20260716,301092.SZ,57.39903400000001
20260716,301108.SZ,43.74503
20260716,301122.SZ,39.001536
20260716,301165.SZ,213.407432
20260716,301217.SZ,130.466576
20260716,301218.SZ,61.910718
20260716,301273.SZ,41.89794
20260716,301282.SZ,31.178507
20260716,301307.SZ,71.222536
20260716,301310.SZ,135.031
20260716,301319.SZ,365.285018
20260716,301321.SZ,63.588
20260716,301345.SZ,292.31202
20260716,301365.SZ,62.191142
20260716,301377.SZ,481.949195
20260716,301379.SZ,89.12326399999999
20260716,301511.SZ,150.3671
20260716,301520.SZ,95.86936
20260716,301526.SZ,35.13408
20260716,301536.SZ,105.0296
20260716,301580.SZ,105.677712
20260716,301588.SZ,40.57431
20260716,600127.SH,29.04677
20260716,600160.SH,457.415178
20260716,600162.SH,27.438878
20260716,600172.SH,120.36360000000002
20260716,600183.SH,2033.150981
20260716,600206.SH,190.547806
20260716,600227.SH,15.985
20260716,600228.SH,14.20695
20260716,600246.SH,242.77924
20260716,600272.SH,15.080908
20260716,600353.SH,359.065344
20260716,600367.SH,153.415558
20260716,600378.SH,190.158684
20260716,600397.SH,66.19085
20260716,600428.SH,74.25184
20260716,600584.SH,407.712358
20260716,600613.SH,157.005282
20260716,600664.SH,49.43458
20260716,600667.SH,101.767582
20260716,600671.SH,66.19725
20260716,600721.SH,12.123459000000002
20260716,600722.SH,45.663
20260716,600815.SH,16.2944
20260716,600857.SH,123.57983
20260716,600909.SH,11.100465000000002
20260716,600988.SH,192.324486
20260716,601101.SH,53.836705
20260716,601168.SH,48.611160000000005
20260716,601233.SH,65.72485699999999
20260716,601678.SH,23.332140000000003
20260716,601700.SH,29.261232
20260716,601872.SH,25.051872000000003
20260716,601886.SH,25.420824
20260716,601918.SH,16.320525
20260716,603012.SH,18.93479
20260716,603065.SH,20.191316
20260716,603078.SH,199.971552
20260716,603118.SH,34.866504
20260716,603127.SH,417.93795
20260716,603129.SH,307.443872
20260716,603137.SH,45.751375
20260716,603156.SH,155.03357499999998
20260716,603162.SH,34.710866
20260716,603186.SH,187.8501
20260716,603221.SH,11.707647
20260716,603259.SH,328.3712
20260716,603261.SH,49.591
20260716,603268.SH,221.87134
20260716,603330.SH,38.571654
20260716,603580.SH,84.05280400000001
20260716,603608.SH,38.0966
20260716,603663.SH,183.6674
20260716,603678.SH,136.644144
20260716,603679.SH,25.56764
20260716,603682.SH,11.54874
20260716,603757.SH,202.76475
20260716,603823.SH,143.924526
20260716,603838.SH,16.9719
20260716,603986.SH,2910.685621
20260716,603989.SH,83.20576
20260716,605111.SH,232.591939
20260716,605179.SH,14.322043999999998
20260716,688002.SH,138.2579
20260716,688011.SH,57.13074
20260716,688012.SH,542.021574
20260716,688017.SH,535.695289
20260716,688037.SH,756.7366999999999
20260716,688046.SH,30.1281
20260716,688072.SH,1587.8946
20260716,688082.SH,327.66176700000005
20260716,688120.SH,1205.627636
20260716,688131.SH,239.28885
20260716,688137.SH,40.984152
20260716,688141.SH,121.85
20260716,688143.SH,153.3839
20260716,688146.SH,259.7175
20260716,688147.SH,121.864534
20260716,688200.SH,1408.7204
20260716,688202.SH,161.20208
20260716,688222.SH,33.629706
20260716,688233.SH,130.4072
20260716,688249.SH,48.968472000000006
20260716,688260.SH,92.8821
20260716,688296.SH,12.7398
20260716,688300.SH,469.8144
20260716,688328.SH,89.789472
20260716,688347.SH,329.1614
20260716,688359.SH,151.604
20260716,688361.SH,351.707001
20260716,688362.SH,79.237
20260716,688371.SH,34.224434
20260716,688403.SH,28.32384
20260716,688409.SH,325.869888
20260716,688432.SH,37.433088
20260716,688485.SH,53.912026
20260716,688498.SH,3725.546994
20260716,688507.SH,401.515296
20260716,688519.SH,354.497504
20260716,688530.SH,63.863514
20260716,688535.SH,183.128078
20260716,688545.SH,91.864555
20260716,688548.SH,40.218048
20260716,688549.SH,24.634609999999995
20260716,688584.SH,37.25619
20260716,688596.SH,58.09597
20260716,688627.SH,591.0664
20260716,688630.SH,393.2544
20260716,688652.SH,165.87855000000002
20260716,688662.SH,125.67625
20260716,688669.SH,110.558812
20260716,688689.SH,47.421575
20260716,688702.SH,373.5
20260716,688710.SH,77.205531
20260716,688758.SH,22.772988
20260716,688766.SH,2172.5904
20260716,920438.BJ,99.81669
20260716,920699.BJ,122.078648
20260716,920725.BJ,150.878
20260717,000017.SZ,14.70284
20260717,000048.SZ,189.84207200000003
20260717,000300.SH,4529.0953
20260717,000571.SZ,46.819950000000006
20260717,000608.SZ,72.3125
20260717,000636.SZ,838.103013
20260717,000691.SZ,43.179135
20260717,000703.SZ,145.38806499999998
20260717,000725.SZ,33.240534000000004
20260717,000739.SZ,270.18357
20260717,000811.SZ,918.357888
20260717,000938.SZ,251.418384
20260717,001229.SZ,53.23417
20260717,001258.SZ,8.480058
20260717,001331.SZ,167.09616
20260717,002084.SZ,11.44396
20260717,002141.SZ,48.67636
20260717,002156.SZ,192.7752
20260717,002167.SZ,133.76018
20260717,002185.SZ,198.271008
20260717,002303.SZ,59.107168
20260717,002317.SZ,326.67323
20260717,002346.SZ,45.784676000000005
20260717,002371.SZ,4375.5864
20260717,002396.SZ,132.54073
20260717,002409.SZ,473.4685
20260717,002412.SZ,51.764715
20260717,002415.SZ,807.696435
20260717,002422.SZ,329.298084
20260717,002440.SZ,64.194669
20260717,002484.SZ,365.55728
20260717,002528.SZ,28.61136
20260717,002552.SZ,156.710119
20260717,002636.SZ,220.26368
20260717,002674.SZ,33.208302
20260717,002747.SZ,237.27447
20260717,002768.SZ,241.41775
20260717,002774.SZ,19.505265
20260717,002821.SZ,491.785441
20260717,002832.SZ,126.339433
20260717,002860.SZ,62.1312
20260717,002971.SZ,56.28079699999999
20260717,003004.SZ,66.15896000000001
20260717,003032.SZ,5.61795
20260717,003036.SZ,64.358659
20260717,300083.SZ,89.13090000000001
20260717,300192.SZ,54.36680799999999
20260717,300209.SZ,88.44874300000001
20260717,300214.SZ,32.740309
20260717,300234.SZ,50.547456
20260717,300285.SZ,719.4137199999999
20260717,300313.SZ,15.93222
20260717,300404.SZ,46.464642000000005
20260717,300408.SZ,441.2677680000001
20260717,300419.SZ,57.29795
20260717,300420.SZ,61.97895
20260717,300483.SZ,31.29238
20260717,300489.SZ,575.0002999999999
20260717,300506.SZ,35.839782
20260717,300534.SZ,35.714824
20260717,300540.SZ,70.740447
20260717,300566.SZ,83.634957
20260717,300567.SZ,739.26538
20260717,300604.SZ,1945.577544
20260717,300666.SZ,222.684252
20260717,300671.SZ,122.4679
20260717,300677.SZ,250.45977600000003
20260717,300684.SZ,186.1393
20260717,300716.SZ,27.6822
20260717,300721.SZ,43.899388
20260717,300759.SZ,83.278656
20260717,300835.SZ,244.007717
20260717,300843.SZ,107.802175
20260717,300862.SZ,22.207955
20260717,300903.SZ,114.8264
20260717,300907.SZ,52.06488000000001
20260717,300929.SZ,22.952737
20260717,300951.SZ,83.79467400000001
20260717,300985.SZ,50.80095
20260717,301008.SZ,51.880725
20260717,301013.SZ,63.61061700000001
20260717,301045.SZ,65.794326
20260717,301047.SZ,155.56480000000002
20260717,301072.SZ,37.461816
20260717,301080.SZ,110.271845
20260717,301092.SZ,63.785876
20260717,301108.SZ,41.903134
20260717,301122.SZ,35.98356
20260717,301165.SZ,197.138244
20260717,301217.SZ,132.35368000000005
20260717,301218.SZ,54.4536
20260717,301273.SZ,39.632031
20260717,301282.SZ,28.414197
20260717,301307.SZ,61.490264
20260717,301310.SZ,118.536444
20260717,301319.SZ,323.25588400000004
20260717,301321.SZ,58.22844
20260717,301345.SZ,266.29869
20260717,301365.SZ,57.557422
20260717,301377.SZ,442.2125
20260717,301379.SZ,76.436576
20260717,301511.SZ,135.217966
20260717,301520.SZ,95.826208
20260717,301526.SZ,31.893264
20260717,301536.SZ,92.759315
20260717,301580.SZ,96.481392
20260717,301588.SZ,33.15094
20260717,600127.SH,28.283719999999995
20260717,600160.SH,447.69024300000007
20260717,600162.SH,30.202506000000003
20260717,600172.SH,111.11205
20260717,600183.SH,1829.822051
20260717,600206.SH,173.40329
20260717,600227.SH,17.595
20260717,600228.SH,13.40442
20260717,600246.SH,218.47639
20260717,600272.SH,14.469343999999998
20260717,600353.SH,323.20176000000004
20260717,600367.SH,145.53674400000003
20260717,600378.SH,183.127344
20260717,600397.SH,62.44495
20260717,600428.SH,75.394176
20260717,600584.SH,418.883902
20260717,600613.SH,148.51851
20260717,600664.SH,53.33731
20260717,600667.SH,91.607124
20260717,600671.SH,67.89713
20260717,600721.SH,10.912572
20260717,600722.SH,50.25876
20260717,600815.SH,15.6579
20260717,600857.SH,111.23931
20260717,600909.SH,10.607111
20260717,600988.SH,176.325222
20260717,601101.SH,51.059608
20260717,601168.SH,45.465225
20260717,601233.SH,66.759385
20260717,601678.SH,23.884380000000004
20260717,601700.SH,28.564536
20260717,601872.SH,24.609572
20260717,601886.SH,24.154416
20260717,601918.SH,16.504654
20260717,603012.SH,18.775099
20260717,603065.SH,18.169008
20260717,603078.SH,189.983772
20260717,603118.SH,38.35572
20260717,603127.SH,376.183398
20260717,603129.SH,300.20700800000003
20260717,603137.SH,41.183375000000005
20260717,603156.SH,139.86595899999998
20260717,603162.SH,35.382906
20260717,603186.SH,169.06509
20260717,603221.SH,10.845089000000002
20260717,603259.SH,304.816384
20260717,603261.SH,47.8235
20260717,603268.SH,201.066
20260717,603330.SH,35.755817
20260717,603580.SH,92.449852
20260717,603608.SH,35.19552
20260717,603663.SH,169.556274
20260717,603678.SH,126.642522
20260717,603679.SH,23.008
20260717,603682.SH,10.737135
20260717,603757.SH,194.730675
20260717,603823.SH,144.99889800000005
20260717,603838.SH,16.6383
20260717,603986.SH,2619.622715
20260717,603989.SH,74.885184
20260717,605111.SH,210.831942
20260717,605179.SH,14.998676
20260717,688002.SH,127.64537500000002
20260717,688011.SH,55.97384
20260717,688012.SH,525.929793
20260717,688017.SH,461.3988900000001
20260717,688037.SH,673.4522969999999
20260717,688046.SH,24.10248
20260717,688072.SH,1537.486644
20260717,688082.SH,305.33805
20260717,688120.SH,1127.438884
20260717,688131.SH,199.015557
20260717,688137.SH,37.7202
20260717,688141.SH,116.83
20260717,688143.SH,133.998756
20260717,688146.SH,255.6435
20260717,688147.SH,113.167824
20260717,688200.SH,1244.848162
20260717,688202.SH,143.63544
20260717,688222.SH,30.28509
20260717,688233.SH,116.636608
20260717,688249.SH,45.33001000000001
20260717,688260.SH,81.83715
20260717,688296.SH,12.5256
20260717,688300.SH,418.206
20260717,688328.SH,78.62223999999999
20260717,688347.SH,310.236
20260717,688359.SH,132.80912
20260717,688361.SH,312.092451
20260717,688362.SH,73.02843
20260717,688371.SH,27.375542000000003
20260717,688403.SH,26.0608
20260717,688409.SH,291.799758
20260717,688432.SH,39.377664
20260717,688485.SH,48.041628
20260717,688498.SH,3378.7368
20260717,688507.SH,359.57082
20260717,688519.SH,297.241929
20260717,688530.SH,57.514392
20260717,688535.SH,167.017235
20260717,688545.SH,84.103915
20260717,688548.SH,38.583168
20260717,688549.SH,25.67565
20260717,688584.SH,33.329604
20260717,688596.SH,49.716942
20260717,688627.SH,518.1749580000001
20260717,688630.SH,368.450698
20260717,688652.SH,153.926865
20260717,688662.SH,110.14795
20260717,688669.SH,107.757468
20260717,688689.SH,42.324418
20260717,688702.SH,312.0
20260717,688710.SH,65.94282
20260717,688758.SH,23.656596
20260717,688766.SH,1767.8112
20260717,920438.BJ,101.9799
20260717,920699.BJ,99.1667
20260717,920725.BJ,153.615358
20260720,000017.SZ,13.9516
20260720,000048.SZ,187.395128
20260720,000300.SH,4598.3208
20260720,000571.SZ,42.480540000000005
20260720,000608.SZ,66.19375000000001
20260720,000636.SZ,754.346748
20260720,000691.SZ,38.88093799999999
20260720,000703.SZ,149.953151
20260720,000725.SZ,31.707198
20260720,000739.SZ,275.270996
20260720,000811.SZ,853.3977600000001
20260720,000938.SZ,269.739792
20260720,001229.SZ,50.02765
20260720,001258.SZ,9.33114
20260720,001331.SZ,150.403968
20260720,002084.SZ,11.30972
20260720,002141.SZ,43.84096
20260720,002156.SZ,177.66
20260720,002167.SZ,120.39988
20260720,002185.SZ,178.46509
20260720,002303.SZ,53.248528
20260720,002317.SZ,310.06859000000003
20260720,002346.SZ,42.830025
20260720,002371.SZ,4375.004712
20260720,002396.SZ,127.185996
20260720,002409.SZ,426.12165
20260720,002412.SZ,50.637645
20260720,002415.SZ,835.2287719999999
20260720,002422.SZ,350.48871999999994
20260720,002440.SZ,70.608142
20260720,002484.SZ,328.991575
20260720,002528.SZ,28.6758
20260720,002552.SZ,141.048735
20260720,002636.SZ,198.23731200000003
20260720,002674.SZ,29.881761
20260720,002747.SZ,213.54081
20260720,002768.SZ,217.29976
20260720,002774.SZ,19.035573
20260720,002821.SZ,493.3641089999999
20260720,002832.SZ,132.954063
20260720,002860.SZ,62.89919999999999
20260720,002971.SZ,50.654057
20260720,003004.SZ,59.53892
20260720,003032.SZ,5.6079
20260720,003036.SZ,57.926031
20260720,300083.SZ,84.1106
20260720,300192.SZ,53.785062
20260720,300209.SZ,102.168776
20260720,300214.SZ,29.060856999999995
20260720,300234.SZ,42.327360000000006
20260720,300285.SZ,634.28352
20260720,300313.SZ,15.36466
20260720,300404.SZ,46.79892000000001
20260720,300408.SZ,405.657936
20260720,300419.SZ,56.52885
20260720,300420.SZ,57.37049999999999
20260720,300483.SZ,34.0844
20260720,300489.SZ,520.73
20260720,300506.SZ,32.628332
20260720,300534.SZ,42.872032
20260720,300540.SZ,63.944607
20260720,300566.SZ,83.017497
20260720,300567.SZ,657.51639
20260720,300604.SZ,1849.541
20260720,300666.SZ,203.2387
20260720,300671.SZ,112.1919
20260720,300677.SZ,261.04176
20260720,300684.SZ,164.383202
20260720,300716.SZ,27.02817
20260720,300721.SZ,40.620677
20260720,300759.SZ,87.503616
20260720,300835.SZ,223.86678
20260720,300843.SZ,100.051625
20260720,300862.SZ,21.695135
20260720,300903.SZ,119.46
20260720,300907.SZ,41.78316000000001
20260720,300929.SZ,20.382551
20260720,300951.SZ,87.87296600000002
20260720,300985.SZ,45.02779
20260720,301008.SZ,46.683784
20260720,301013.SZ,53.379116
20260720,301045.SZ,66.612588
20260720,301047.SZ,159.445
20260720,301072.SZ,34.309884000000004
20260720,301080.SZ,119.873592
20260720,301092.SZ,51.032828
20260720,301108.SZ,41.115872
20260720,301122.SZ,34.863768
20260720,301165.SZ,211.21222
20260720,301217.SZ,105.882944
20260720,301218.SZ,58.734258
20260720,301273.SZ,42.18296
20260720,301282.SZ,25.257064
20260720,301307.SZ,55.528242
20260720,301310.SZ,110.912386
20260720,301319.SZ,281.61802200000005
20260720,301321.SZ,51.11264
20260720,301345.SZ,263.58416
20260720,301365.SZ,55.025425
20260720,301377.SZ,387.066
20260720,301379.SZ,70.22268799999999
20260720,301511.SZ,108.179994
20260720,301520.SZ,76.66671999999998
20260720,301526.SZ,26.95632
20260720,301536.SZ,107.705835
20260720,301580.SZ,91.9632
20260720,301588.SZ,28.198637
20260720,600127.SH,28.283719999999995
20260720,600160.SH,433.61769
20260720,600162.SH,27.142775
20260720,600172.SH,99.9915
20260720,600183.SH,1706.026546
20260720,600206.SH,156.08471799999998
20260720,600227.SH,19.3775
20260720,600228.SH,12.51513
20260720,600246.SH,196.66614
20260720,600272.SH,14.118019999999998
20260720,600353.SH,290.88158400000003
20260720,600367.SH,130.974217
20260720,600378.SH,164.806797
20260720,600397.SH,56.1885
20260720,600428.SH,79.749332
20260720,600584.SH,377.235602
20260720,600613.SH,149.124708
20260720,600664.SH,53.13717
20260720,600667.SH,82.424678
20260720,600671.SH,65.80497
20260720,600721.SH,10.591614
20260720,600722.SH,55.266960000000005
20260720,600815.SH,15.21235
20260720,600857.SH,100.1212
20260720,600909.SH,10.490264
20260720,600988.SH,179.158425
20260720,601101.SH,54.275194
20260720,601168.SH,45.910540000000005
20260720,601233.SH,67.24432
20260720,601678.SH,25.58712
20260720,601700.SH,29.45124
20260720,601872.SH,25.281868
20260720,601886.SH,24.586848
20260720,601918.SH,17.492254999999997
20260720,603012.SH,18.113522
20260720,603065.SH,16.347872
20260720,603078.SH,170.979996
20260720,603118.SH,34.815192
20260720,603127.SH,368.8842
20260720,603129.SH,320.5216
20260720,603137.SH,37.072175
20260720,603156.SH,133.032632
20260720,603162.SH,34.27404
20260720,603186.SH,152.158581
20260720,603221.SH,10.056164
20260720,603259.SH,321.183232
20260720,603261.SH,43.0462
20260720,603268.SH,210.1924
20260720,603330.SH,32.196174
20260720,603580.SH,83.208983
20260720,603608.SH,32.0394
20260720,603663.SH,154.835172
20260720,603678.SH,113.986314
20260720,603679.SH,20.7072
20260720,603682.SH,9.992055
20260720,603757.SH,175.27035999999998
20260720,603823.SH,159.50292000000002
20260720,603838.SH,14.9703
20260720,603986.SH,2445.13203
20260720,603989.SH,67.391938
20260720,605111.SH,192.613355
20260720,605179.SH,16.095639999999996
20260720,688002.SH,127.7573
20260720,688011.SH,57.10056
20260720,688012.SH,513.64725
20260720,688017.SH,425.715112
20260720,688037.SH,647.779625
20260720,688046.SH,23.396028
20260720,688072.SH,1401.064065
20260720,688082.SH,286.997445
20260720,688120.SH,1063.5256439999998
20260720,688131.SH,205.98432
20260720,688137.SH,37.61756
20260720,688141.SH,114.47
20260720,688143.SH,135.67159999999998
20260720,688146.SH,204.5148
20260720,688147.SH,105.436298
20260720,688200.SH,1178.584892
20260720,688202.SH,145.27552
20260720,688222.SH,28.990071
20260720,688233.SH,111.06304
20260720,688249.SH,43.62134
20260720,688260.SH,65.4657
20260720,688296.SH,12.597
20260720,688300.SH,361.22914
20260720,688328.SH,67.516592
20260720,688347.SH,332.80592
20260720,688359.SH,106.24328
20260720,688361.SH,306.26560199999994
20260720,688362.SH,71.63426
20260720,688371.SH,22.889718
20260720,688403.SH,24.12544
20260720,688409.SH,256.76694
20260720,688432.SH,42.811056
20260720,688485.SH,45.57952
20260720,688498.SH,2863.397826
20260720,688507.SH,321.72700000000003
20260720,688519.SH,240.141799
20260720,688530.SH,48.770514
20260720,688535.SH,145.40148
20260720,688545.SH,70.644055
20260720,688548.SH,35.763
20260720,688549.SH,21.30128
20260720,688584.SH,31.546666
20260720,688596.SH,43.174696
20260720,688627.SH,463.045871
20260720,688630.SH,352.2904
20260720,688652.SH,140.87133
20260720,688662.SH,96.205
20260720,688669.SH,86.208668
20260720,688689.SH,39.240691000000005
20260720,688702.SH,334.67
20260720,688710.SH,69.87518999999999
20260720,688758.SH,24.90168
20260720,688766.SH,1652.16
20260720,920438.BJ,104.0401
20260720,920699.BJ,105.945558
20260720,920725.BJ,144.62734
20260721,000017.SZ,13.683299999999996
20260721,000048.SZ,206.155032
20260721,000300.SH,4739.2287
20260721,000571.SZ,43.3941
20260721,000608.SZ,64.08
20260721,000636.SZ,798.296272
20260721,000691.SZ,38.052845
20260721,000703.SZ,145.288824
20260721,000725.SZ,34.554822
20260721,000739.SZ,276.783474
20260721,000811.SZ,936.19008
20260721,000938.SZ,296.720928
20260721,001229.SZ,51.051955
20260721,001258.SZ,10.264254
20260721,001331.SZ,157.37356799999998
20260721,002084.SZ,10.83988
20260721,002141.SZ,39.4891
20260721,002156.SZ,195.426
20260721,002167.SZ,132.42415
20260721,002185.SZ,194.35219
20260721,002303.SZ,53.769296
20260721,002317.SZ,312.14417000000003
20260721,002346.SZ,43.301776
20260721,002371.SZ,4812.49872
20260721,002396.SZ,139.88689399999998
20260721,002409.SZ,468.733815
20260721,002412.SZ,49.10804999999999
20260721,002415.SZ,855.4516389999999
20260721,002422.SZ,347.262464
20260721,002440.SZ,73.665031
20260721,002484.SZ,361.915675
20260721,002528.SZ,27.83808
20260721,002552.SZ,141.85106
20260721,002636.SZ,197.827392
20260721,002674.SZ,28.539723
20260721,002747.SZ,207.70059
20260721,002768.SZ,223.1033
20260721,002774.SZ,19.883628
20260721,002821.SZ,514.58505
20260721,002832.SZ,129.586615
20260721,002860.SZ,64.9344
20260721,002971.SZ,50.520087
20260721,003004.SZ,62.02532
20260721,003032.SZ,5.447099999999999
20260721,003036.SZ,57.79651499999999
20260721,300083.SZ,94.7273
20260721,300192.SZ,55.900502
20260721,300209.SZ,106.715761
20260721,300214.SZ,29.946651
20260721,300234.SZ,42.695424
20260721,300285.SZ,761.0894
20260721,300313.SZ,15.080880000000002
20260721,300404.SZ,45.27079200000001
20260721,300408.SZ,479.284272
20260721,300419.SZ,55.06756
20260721,300420.SZ,63.0135
20260721,300483.SZ,33.83058
20260721,300489.SZ,571.9300999999999
20260721,300506.SZ,35.647095
20260721,300534.SZ,49.13904
20260721,300540.SZ,66.02583299999999
20260721,300566.SZ,88.235034
20260721,300567.SZ,766.6502
20260721,300604.SZ,2219.4492
20260721,300666.SZ,241.80298800000003
20260721,300671.SZ,126.11955
20260721,300677.SZ,277.704
20260721,300684.SZ,174.595248
20260721,300716.SZ,26.54145
20260721,300721.SZ,42.230583
20260721,300759.SZ,92.385792
20260721,300835.SZ,253.662635
20260721,300843.SZ,114.49955
20260721,300862.SZ,21.82334
20260721,300903.SZ,123.4782
20260721,300907.SZ,44.386404000000006
20260721,300929.SZ,20.252415
20260721,300951.SZ,99.63362200000002
20260721,300985.SZ,49.45769
20260721,301008.SZ,48.883172
20260721,301013.SZ,60.028836
20260721,301045.SZ,70.845326
20260721,301047.SZ,156.90279999999998
20260721,301072.SZ,33.245856
20260721,301080.SZ,118.14026
20260721,301092.SZ,49.37163
20260721,301108.SZ,40.69996
20260721,301122.SZ,35.546568
20260721,301165.SZ,227.440376
20260721,301217.SZ,110.29302400000002
20260721,301218.SZ,62.213238
20260721,301273.SZ,50.619552000000006
20260721,301282.SZ,30.305567
20260721,301307.SZ,62.18399000000001
20260721,301310.SZ,133.09901799999997
20260721,301319.SZ,312.20245
20260721,301321.SZ,54.6554
20260721,301345.SZ,275.849
20260721,301365.SZ,57.540873000000005
20260721,301377.SZ,433.36825
20260721,301379.SZ,75.976288
20260721,301511.SZ,118.719744
20260721,301520.SZ,67.46096
20260721,301526.SZ,30.086080000000003
20260721,301536.SZ,123.389582
20260721,301580.SZ,110.35584
20260721,301588.SZ,33.842431999999995
20260721,600127.SH,27.92763
20260721,600160.SH,461.9916180000001
20260721,600162.SH,25.760961
20260721,600172.SH,107.37405
20260721,600183.SH,1876.573873
20260721,600206.SH,171.706244
20260721,600227.SH,17.4225
20260721,600228.SH,12.7971
20260721,600246.SH,187.56815
20260721,600272.SH,13.610552
20260721,600353.SH,307.310112
20260721,600367.SH,138.410401
20260721,600378.SH,175.70537399999998
20260721,600397.SH,59.97425
20260721,600428.SH,77.82164
20260721,600584.SH,414.964062
20260721,600613.SH,144.57822299999998
20260721,600664.SH,58.44088
20260721,600667.SH,90.683446
20260721,600671.SH,66.6876
20260721,600721.SH,10.008054
20260721,600722.SH,53.08692
20260721,600815.SH,15.4033
20260721,600857.SH,100.47046
20260721,600909.SH,10.970635
20260721,600988.SH,197.102044
20260721,601101.SH,52.472517
20260721,601168.SH,48.654255
20260721,601233.SH,68.440493
20260721,601678.SH,27.151800000000005
20260721,601700.SH,28.564536
20260721,601872.SH,26.042624000000004
20260721,601886.SH,26.223912
20260721,601918.SH,17.107258
20260721,603012.SH,19.299798000000003
20260721,603065.SH,14.71732
20260721,603078.SH,184.207056
20260721,603118.SH,38.304408
20260721,603127.SH,385.523232
20260721,603129.SH,306.78496
20260721,603137.SH,33.4035
20260721,603156.SH,140.063454
20260721,603162.SH,34.44205
20260721,603186.SH,157.0724
20260721,603221.SH,11.065988
20260721,603259.SH,326.94912
20260721,603261.SH,41.581700000000005
20260721,603268.SH,222.01394
20260721,603330.SH,32.514948
20260721,603580.SH,74.894259
20260721,603608.SH,30.31788
20260721,603663.SH,170.3268
20260721,603678.SH,125.382264
20260721,603679.SH,22.51908
20260721,603682.SH,10.284765
20260721,603757.SH,166.165075
20260721,603823.SH,169.275573
20260721,603838.SH,14.5533
20260721,603986.SH,2689.645233
20260721,603989.SH,69.661186
20260721,605111.SH,211.894365
20260721,605179.SH,14.711619999999998
20260721,688002.SH,153.306725
20260721,688011.SH,58.21722
20260721,688012.SH,611.712633
20260721,688017.SH,462.19123400000007
20260721,688037.SH,777.33555
20260721,688046.SH,25.34916
20260721,688072.SH,1681.276878
20260721,688082.SH,331.2486
20260721,688120.SH,1276.212112
20260721,688131.SH,203.969256
20260721,688137.SH,36.64248
20260721,688141.SH,137.36
20260721,688143.SH,144.892
20260721,688146.SH,215.922
20260721,688147.SH,126.51953600000002
20260721,688200.SH,1358.513872
20260721,688202.SH,158.73208
20260721,688222.SH,29.489724
20260721,688233.SH,125.86464
20260721,688249.SH,50.05398
20260721,688260.SH,76.18905
20260721,688296.SH,13.005
20260721,688300.SH,401.29980000000006
20260721,688328.SH,81.02401599999999
20260721,688347.SH,399.37112
20260721,688359.SH,124.496
20260721,688361.SH,367.522734
20260721,688362.SH,83.44959999999999
20260721,688371.SH,27.465659
20260721,688403.SH,28.23168
20260721,688409.SH,307.00722
20260721,688432.SH,47.10532799999999
20260721,688485.SH,50.340952
20260721,688498.SH,3080.853
20260721,688507.SH,348.33764
20260721,688519.SH,264.2565
20260721,688530.SH,56.54844
20260721,688535.SH,167.5408
20260721,688545.SH,80.60758499999999
20260721,688548.SH,38.01096
20260721,688549.SH,23.87385
20260721,688584.SH,34.051024
20260721,688596.SH,51.811699
20260721,688627.SH,555.653021
20260721,688630.SH,413.173145
20260721,688652.SH,163.5705
20260721,688662.SH,114.633
20260721,688669.SH,87.568936
20260721,688689.SH,42.981432000000005
20260721,688702.SH,395.04
20260721,688710.SH,75.66283200000001
20260721,688758.SH,25.584468
20260721,688766.SH,1941.370608
20260721,920438.BJ,130.420961
20260721,920699.BJ,120.080513
20260721,920725.BJ,168.12120000000002
20260722,000017.SZ,13.84428
20260722,000048.SZ,195.24574
20260722,000300.SH,4717.2442
20260722,000571.SZ,46.896080000000005
20260722,000608.SZ,64.97
20260722,000636.SZ,743.89973
20260722,000691.SZ,36.830422
20260722,000703.SZ,150.449356
20260722,000725.SZ,33.076248
20260722,000739.SZ,286.545832
20260722,000811.SZ,911.989248
20260722,000938.SZ,321.34032
20260722,001229.SZ,54.733515
20260722,001258.SZ,11.289654
20260722,001331.SZ,160.684128
20260722,002084.SZ,10.80632
20260722,002141.SZ,41.66503
20260722,002156.SZ,211.218
20260722,002167.SZ,134.3889
20260722,002185.SZ,195.093588
20260722,002303.SZ,53.248528
20260722,002317.SZ,320.5618
20260722,002346.SZ,42.035497
20260722,002371.SZ,4937.8848
20260722,002396.SZ,153.074586
20260722,002409.SZ,489.337858
20260722,002412.SZ,54.018855
20260722,002415.SZ,868.121387
20260722,002422.SZ,360.900728
20260722,002440.SZ,75.223445
20260722,002484.SZ,354.23338500000006
20260722,002528.SZ,26.87148
20260722,002552.SZ,131.741765
20260722,002636.SZ,181.59456000000003
20260722,002674.SZ,28.796709000000003
20260722,002747.SZ,204.96687000000003
20260722,002768.SZ,238.3257
20260722,002774.SZ,20.027145
20260722,002821.SZ,498.737652
20260722,002832.SZ,130.00754600000002
20260722,002860.SZ,63.09119999999999
20260722,002971.SZ,49.97080999999999
20260722,003004.SZ,59.45604
20260722,003032.SZ,5.366699999999999
20260722,003036.SZ,54.839233
20260722,300083.SZ,89.54240000000001
20260722,300192.SZ,55.318756
20260722,300209.SZ,113.47693
20260722,300214.SZ,29.128995
20260722,300234.SZ,41.345856000000005
20260722,300285.SZ,765.2823799999999
20260722,300313.SZ,14.999800000000002
20260722,300404.SZ,46.32138
20260722,300408.SZ,458.961264
20260722,300419.SZ,57.6825
20260722,300420.SZ,63.0135
20260722,300483.SZ,36.16935
20260722,300489.SZ,541.3786
20260722,300506.SZ,36.738988
20260722,300534.SZ,47.216208
20260722,300540.SZ,64.178214
20260722,300566.SZ,80.208054
20260722,300567.SZ,703.45926
20260722,300604.SZ,2156.98357
20260722,300666.SZ,240.08720400000004
20260722,300671.SZ,132.35854999999998
20260722,300677.SZ,274.48848000000004
20260722,300684.SZ,170.12107400000002
20260722,300716.SZ,25.17255
20260722,300721.SZ,40.64031
20260722,300759.SZ,93.324672
20260722,300835.SZ,240.241238
20260722,300843.SZ,123.109
20260722,300862.SZ,22.934450000000005
20260722,300903.SZ,117.6138
20260722,300907.SZ,42.88789800000001
20260722,300929.SZ,19.585468
20260722,300951.SZ,105.72734900000002
20260722,300985.SZ,49.8721
20260722,301008.SZ,53.991428000000006
20260722,301013.SZ,56.779541
20260722,301045.SZ,66.259018
20260722,301047.SZ,160.9168
20260722,301072.SZ,34.269732000000005
20260722,301080.SZ,121.447275
20260722,301092.SZ,47.132624
20260722,301108.SZ,42.838936
20260722,301122.SZ,32.73343199999999
20260722,301165.SZ,258.5016
20260722,301217.SZ,97.801216
20260722,301218.SZ,62.84853
20260722,301234.SZ,43.044
20260722,301273.SZ,55.393637
20260722,301282.SZ,31.527683000000003
20260722,301307.SZ,60.484864
20260722,301310.SZ,139.351992
20260722,301319.SZ,309.26791
20260722,301321.SZ,52.88402
20260722,301345.SZ,269.255
20260722,301365.SZ,60.08941900000001
20260722,301377.SZ,417.63589
20260722,301379.SZ,70.33775999999999
20260722,301511.SZ,112.56453
20260722,301520.SZ,76.220816
20260722,301526.SZ,27.551984
20260722,301536.SZ,138.3563
20260722,301580.SZ,107.616936
20260722,301588.SZ,34.584768999999994
20260722,600127.SH,28.08024
20260722,600160.SH,443.68585800000005
20260722,600162.SH,25.168755
20260722,600172.SH,105.7854
20260722,600183.SH,1742.8194
20260722,600206.SH,176.840896
20260722,600227.SH,18.1125
20260722,600228.SH,12.62358
20260722,600246.SH,195.17058
20260722,600272.SH,13.40236
20260722,600353.SH,291.52584
20260722,600367.SH,133.807049
20260722,600378.SH,172.931901
20260722,600397.SH,57.58324999999999
20260722,600428.SH,79.39235199999999
20260722,600584.SH,420.304844
20260722,600613.SH,143.668926
20260722,600664.SH,59.84186
20260722,600667.SH,90.683446
20260722,600671.SH,70.34888000000001
20260722,600721.SH,9.935109
20260722,600722.SH,58.38972
20260722,600815.SH,15.33965
20260722,600857.SH,95.63903
20260722,600909.SH,11.178363
20260722,600988.SH,212.323566
20260722,601101.SH,55.05473
20260722,601168.SH,52.43225
20260722,601233.SH,73.192856
20260722,601678.SH,26.001300000000004
20260722,601700.SH,28.5012
20260722,601872.SH,27.882592
20260722,601886.SH,25.297272
20260722,601918.SH,16.504654
20260722,603012.SH,18.683847
20260722,603065.SH,14.696144
20260722,603078.SH,182.47944
20260722,603118.SH,42.127152
20260722,603127.SH,377.203716
20260722,603129.SH,301.58067200000005
20260722,603137.SH,35.216425
20260722,603156.SH,138.16750199999998
20260722,603162.SH,37.903056
20260722,603186.SH,147.30844
20260722,603221.SH,12.170483
20260722,603259.SH,325.52704
20260722,603261.SH,42.3089
20260722,603268.SH,223.22604
20260722,603330.SH,31.8774
20260722,603580.SH,82.385743
20260722,603608.SH,27.52838
20260722,603663.SH,170.570124
20260722,603678.SH,117.954786
20260722,603679.SH,22.74916
20260722,603682.SH,9.95214
20260722,603757.SH,160.22241
20260722,603823.SH,169.275573
20260722,603838.SH,13.9695
20260722,603986.SH,2658.367
20260722,603989.SH,65.71364
20260722,605111.SH,220.74789
20260722,605179.SH,14.711619999999998
20260722,688002.SH,152.0959
20260722,688011.SH,59.354
20260722,688012.SH,589.367103
20260722,688017.SH,448.09883
20260722,688037.SH,754.5684
20260722,688046.SH,28.0503
20260722,688072.SH,1739.8222440000002
20260722,688082.SH,315.620982
20260722,688120.SH,1273.5995999999998
20260722,688131.SH,198.7077
20260722,688137.SH,36.560368
20260722,688141.SH,143.75
20260722,688143.SH,131.72
20260722,688146.SH,213.885
20260722,688147.SH,120.557514
20260722,688200.SH,1231.7958
20260722,688202.SH,168.27616
20260722,688222.SH,28.75554
20260722,688233.SH,117.59616
20260722,688249.SH,48.74735
20260722,688260.SH,69.79724999999999
20260722,688296.SH,12.6378
20260722,688300.SH,380.59712
20260722,688328.SH,84.021104
20260722,688347.SH,391.62024
20260722,688359.SH,113.27128
20260722,688361.SH,358.03529999999995
20260722,688362.SH,85.28509
20260722,688371.SH,27.455646000000005
20260722,688403.SH,28.006400000000003
20260722,688409.SH,289.152366
20260722,688432.SH,43.864368
20260722,688485.SH,45.304822
20260722,688498.SH,2887.0244999999995
20260722,688507.SH,331.97864
20260722,688519.SH,234.877395
20260722,688530.SH,56.588688
20260722,688535.SH,158.086712
20260722,688545.SH,77.818605
20260722,688548.SH,37.357008
20260722,688549.SH,23.04302
20260722,688584.SH,31.773398
20260722,688596.SH,48.922379
20260722,688627.SH,533.660088
20260722,688630.SH,410.6641
20260722,688652.SH,155.72313000000003
20260722,688662.SH,108.671
20260722,688669.SH,96.9696
20260722,688689.SH,40.141436000000006
20260722,688702.SH,430.15
20260722,688710.SH,81.26898
20260722,688758.SH,26.149193
20260722,688766.SH,1796.724
20260722,920438.BJ,133.892398
20260722,920699.BJ,111.954764
20260722,920725.BJ,163.81040000000002
20260723,000017.SZ,15.239439999999998
20260723,000048.SZ,192.492928
20260723,000300.SH,4728.0018
20260723,000571.SZ,45.44961
20260723,000608.SZ,71.4225
20260723,000636.SZ,778.3028410000001
20260723,000691.SZ,38.210577
20260723,000703.SZ,156.999262
20260723,000725.SZ,33.185772
20260723,000739.SZ,283.108382
20260723,000811.SZ,909.65408
20260723,000938.SZ,303.80616
20260723,001229.SZ,52.87789
20260723,001258.SZ,12.417594
20260723,001331.SZ,161.93865599999998
20260723,002084.SZ,11.2426
20260723,002141.SZ,44.64686
20260723,002156.SZ,196.8924
20260723,002167.SZ,134.86044
20260723,002185.SZ,187.361866
20260723,002303.SZ,54.029680000000006
20260723,002317.SZ,312.25948
20260723,002346.SZ,42.681051
20260723,002371.SZ,4782.768
20260723,002396.SZ,150.153822
20260723,002409.SZ,486.758271
20260723,002412.SZ,59.41269
20260723,002415.SZ,871.532473
20260723,002422.SZ,376.51874
20260723,002440.SZ,78.939663
20260723,002484.SZ,331.33617000000004
20260723,002528.SZ,26.80704
20260723,002552.SZ,128.05106999999998
20260723,002636.SZ,172.43968
20260723,002674.SZ,31.680663000000003
20260723,002747.SZ,194.52903
20260723,002768.SZ,235.04337
20260723,002774.SZ,22.036383
20260723,002821.SZ,496.491086
20260723,002832.SZ,135.840447
20260723,002860.SZ,64.9344
20260723,002971.SZ,49.944016
20260723,003004.SZ,59.68396
20260723,003032.SZ,5.627999999999999
20260723,003036.SZ,55.594743
20260723,300083.SZ,89.04860000000001
20260723,300192.SZ,56.217818
20260723,300209.SZ,110.906895
20260723,300214.SZ,34.954794
20260723,300234.SZ,42.02064
20260723,300285.SZ,773.1600999999999
20260723,300313.SZ,15.56736
20260723,300404.SZ,46.034856000000005
20260723,300408.SZ,470.41524
20260723,300419.SZ,57.37486
20260723,300420.SZ,62.73134999999999
20260723,300483.SZ,38.03674
20260723,300489.SZ,529.76
20260723,300506.SZ,35.069034
20260723,300534.SZ,45.75628
20260723,300540.SZ,63.711
20260723,300566.SZ,77.676468
20260723,300567.SZ,669.3374
20260723,300604.SZ,2032.680456
20260723,300666.SZ,232.641927
20260723,300671.SZ,126.0645
20260723,300677.SZ,279.1656
20260723,300684.SZ,164.79305
20260723,300716.SZ,24.6402
20260723,300721.SZ,42.525078
20260723,300759.SZ,91.5408
20260723,300835.SZ,251.0986
20260723,300843.SZ,118.3237
20260723,300862.SZ,25.47006
20260723,300903.SZ,114.4463
20260723,300907.SZ,43.35823200000001
20260723,300929.SZ,23.034072
20260723,300951.SZ,108.12216
20260723,300985.SZ,49.55772
20260723,301008.SZ,54.754119
20260723,301013.SZ,58.789570000000005
20260723,301045.SZ,63.258724
20260723,301047.SZ,158.0624
20260723,301072.SZ,33.506844
20260723,301080.SZ,119.96482
20260723,301092.SZ,44.532488
20260723,301108.SZ,42.452732
20260723,301122.SZ,34.8228
20260723,301165.SZ,260.14288
20260723,301217.SZ,95.56540800000002
20260723,301218.SZ,63.30231
20260723,301234.SZ,51.6528
20260723,301273.SZ,51.01858
20260723,301282.SZ,31.978702
20260723,301307.SZ,58.604766000000005
20260723,301310.SZ,126.077406
20260723,301319.SZ,294.10612000000003
20260723,301321.SZ,52.12702
20260723,301345.SZ,259.35301
20260723,301365.SZ,60.90032
20260723,301377.SZ,418.38505
20260723,301379.SZ,66.051328
20260723,301511.SZ,110.73764
20260723,301520.SZ,74.00568
20260723,301526.SZ,26.966416
20260723,301536.SZ,132.751355
20260723,301580.SZ,104.75808
20260723,301588.SZ,34.452572
20260723,600127.SH,28.63981
20260723,600160.SH,467.140113
20260723,600162.SH,26.155765
20260723,600172.SH,110.92515
20260723,600183.SH,1730.3706899999995
20260723,600206.SH,180.887698
20260723,600227.SH,19.205
20260723,600228.SH,12.64527
20260723,600246.SH,180.33961
20260723,600272.SH,13.6626
20260723,600353.SH,285.512784
20260723,600367.SH,136.949722
20260723,600378.SH,173.16627899999995
20260723,600397.SH,58.14115
20260723,600428.SH,78.82118399999999
20260723,600584.SH,395.952838
20260723,600613.SH,147.306114
20260723,600664.SH,60.042
20260723,600667.SH,88.184082
20260723,600671.SH,65.96842
20260723,600721.SH,10.139355
20260723,600722.SH,64.2228
20260723,600815.SH,16.803600000000003
20260723,600857.SH,97.90922
20260723,600909.SH,11.866462
20260723,600988.SH,215.712299
20260723,601101.SH,57.052291
20260723,601168.SH,54.35716000000001
20260723,601233.SH,73.095869
20260723,601678.SH,28.62444
20260723,601700.SH,31.35132
20260723,601872.SH,28.077204
20260723,601886.SH,25.667928
20260723,601918.SH,17.174214
20260723,603012.SH,19.026042
20260723,603065.SH,14.34674
20260723,603078.SH,172.383684
20260723,603118.SH,42.58896
20260723,603127.SH,380.578614
20260723,603129.SH,300.19584000000003
20260723,603137.SH,36.8295
20260723,603156.SH,139.470969
20260723,603162.SH,38.675902
20260723,603186.SH,141.736615
20260723,603221.SH,13.390687000000002
20260723,603259.SH,329.53472
20260723,603261.SH,43.127
20260723,603268.SH,216.5381
20260723,603330.SH,32.355561
20260723,603580.SH,86.62542900000001
20260723,603608.SH,27.9747
20260723,603663.SH,166.43361599999997
20260723,603678.SH,120.207162
20260723,603679.SH,22.95048
20260723,603682.SH,10.53756
20260723,603757.SH,156.85575
20260723,603823.SH,152.35421399999998
20260723,603838.SH,14.7618
20260723,603986.SH,2556.330956
20260723,603989.SH,66.446418
20260723,605111.SH,218.78044
20260723,605179.SH,14.14776
20260723,688002.SH,156.78657500000003
20260723,688011.SH,63.08626
20260723,688012.SH,562.68744
20260723,688017.SH,436.19952100000006
20260723,688037.SH,717.7072999999999
20260723,688046.SH,27.925632
20260723,688072.SH,1634.0799
20260723,688082.SH,296.853615
20260723,688120.SH,1206.18746
20260723,688131.SH,195.769065
20260723,688137.SH,36.160072
20260723,688141.SH,135.33
20260723,688143.SH,133.024028
20260723,688146.SH,218.9775
20260723,688147.SH,116.143808
20260723,688200.SH,1200.91745
20260723,688202.SH,163.79064
20260723,688222.SH,28.85751
20260723,688233.SH,109.521632
20260723,688237.SH,56.487078
20260723,688249.SH,45.65164200000001
20260723,688260.SH,76.33979999999998
20260723,688296.SH,13.617
20260723,688300.SH,377.80908
20260723,688328.SH,79.0328
20260723,688347.SH,342.364
20260723,688359.SH,107.0264
20260723,688361.SH,335.309586
20260723,688362.SH,77.231
20260723,688371.SH,25.392968
20260723,688403.SH,25.38496
20260723,688409.SH,280.999602
20260723,688432.SH,41.37288
20260723,688485.SH,51.07348
20260723,688498.SH,2948.2335
20260723,688507.SH,327.638052
20260723,688519.SH,237.737583
20260723,688530.SH,54.878148
20260723,688535.SH,152.088153
20260723,688545.SH,75.534875
20260723,688548.SH,37.2957
20260723,688549.SH,22.7227
20260723,688584.SH,29.918318
20260723,688596.SH,46.342629
20260723,688627.SH,486.556954
20260723,688630.SH,393.2544
20260723,688652.SH,146.91240000000002
20260723,688662.SH,105.69
20260723,688669.SH,94.6127
20260723,688689.SH,38.541289
20260723,688702.SH,393.0
20260723,688710.SH,80.73458099999999
20260723,688758.SH,27.105748
20260723,688766.SH,1682.7249599999998
20260723,920438.BJ,128.7625
20260723,920699.BJ,107.425658
20260723,920725.BJ,177.30320400000002
20260724,000017.SZ,15.5614
20260724,000048.SZ,183.928624
20260724,000300.SH,4649.1917
20260724,000571.SZ,45.37348
20260724,000608.SZ,72.535
20260724,000636.SZ,724.446662
20260724,000691.SZ,37.06702
20260724,000703.SZ,149.357705
20260724,000725.SZ,31.707198
20260724,000739.SZ,270.596064
20260724,000811.SZ,918.1456
20260724,000938.SZ,296.64936
20260724,001229.SZ,58.16271
20260724,001258.SZ,13.360962
20260724,001331.SZ,145.769184
20260724,002084.SZ,10.94056
20260724,002141.SZ,41.98739
20260724,002156.SZ,216.1248
20260724,002167.SZ,122.28604
20260724,002185.SZ,196.894126
20260724,002303.SZ,59.497744
20260724,002317.SZ,307.64708
20260724,002346.SZ,41.365114
20260724,002371.SZ,4892.6424
20260724,002396.SZ,145.684168
20260724,002409.SZ,502.6929349999999
20260724,002412.SZ,57.078045
20260724,002415.SZ,864.710301
20260724,002422.SZ,342.05646
20260724,002440.SZ,71.027715
20260724,002484.SZ,317.21871500000003
20260724,002528.SZ,26.29152
20260724,002552.SZ,120.477122
20260724,002636.SZ,158.22912
20260724,002674.SZ,32.009034
20260724,002747.SZ,186.63852
20260724,002768.SZ,221.2005
20260724,002774.SZ,23.014908
20260724,002821.SZ,480.340098
20260724,002832.SZ,137.163373
20260724,002860.SZ,68.3136
20260724,002971.SZ,50.144971
20260724,003004.SZ,59.052
20260724,003032.SZ,5.497349999999999
20260724,003036.SZ,53.392971
20260724,300083.SZ,90.4477
20260724,300192.SZ,53.732176
20260724,300209.SZ,101.931542
20260724,300214.SZ,40.405834
20260724,300234.SZ,40.241664
20260724,300285.SZ,726.91026
20260724,300313.SZ,15.161960000000002
20260724,300404.SZ,44.029188000000005
20260724,300408.SZ,449.423712
20260724,300419.SZ,57.75941
20260724,300420.SZ,59.53365
20260724,300483.SZ,35.33537
20260724,300489.SZ,538.79
20260724,300506.SZ,35.582866
20260724,300534.SZ,39.809744
20260724,300540.SZ,64.13574
20260724,300566.SZ,75.453612
20260724,300567.SZ,700.5585900000001
20260724,300604.SZ,2118.2479
20260724,300666.SZ,234.357711
20260724,300671.SZ,124.1194
20260724,300677.SZ,278.405568
20260724,300684.SZ,158.47456
20260724,300716.SZ,23.86449
20260724,300721.SZ,41.052603
20260724,300759.SZ,90.437616
20260724,300835.SZ,238.243059
20260724,300843.SZ,116.05375
20260724,300862.SZ,27.079745000000003
20260724,300903.SZ,110.0118
20260724,300907.SZ,42.001920000000005
20260724,300929.SZ,24.058893
20260724,300951.SZ,119.95394900000002
20260724,300985.SZ,48.428810000000006
20260724,301008.SZ,52.466046
20260724,301013.SZ,56.61329800000001
20260724,301045.SZ,62.036382
20260724,301047.SZ,152.309
20260724,301072.SZ,34.65117600000001
20260724,301080.SZ,119.098154
20260724,301092.SZ,45.08966
20260724,301108.SZ,41.368390000000005
20260724,301122.SZ,39.138096
20260724,301165.SZ,270.8112
20260724,301217.SZ,92.416816
20260724,301218.SZ,61.94097
20260724,301234.SZ,61.98125
20260724,301273.SZ,55.122868
20260724,301282.SZ,31.003919
20260724,301307.SZ,59.489518
20260724,301310.SZ,105.137214
20260724,301319.SZ,295.149512
20260724,301321.SZ,53.70158
20260724,301345.SZ,282.33309999999994
20260724,301365.SZ,60.668634
20260724,301377.SZ,412.6623
20260724,301379.SZ,65.217056
20260724,301511.SZ,106.072044
20260724,301520.SZ,77.083856
20260724,301526.SZ,25.94672
20260724,301536.SZ,133.10482000000002
20260724,301580.SZ,99.120336
20260724,301588.SZ,33.323813
20260724,600127.SH,27.72415
20260724,600160.SH,455.12695800000006
20260724,600162.SH,26.846672000000005
20260724,600172.SH,103.07535
20260724,600183.SH,1641.9848489999997
20260724,600206.SH,191.4616
20260724,600227.SH,17.9975
20260724,600228.SH,12.34161
20260724,600246.SH,168.49975999999998
20260724,600272.SH,13.051035999999998
20260724,600353.SH,284.33164800000003
20260724,600367.SH,131.01848
20260724,600378.SH,170.70531
20260724,600397.SH,55.19225
20260724,600428.SH,76.322324
20260724,600584.SH,406.19342
20260724,600613.SH,142.45653
20260724,600664.SH,54.0378
20260724,600667.SH,88.51008599999999
20260724,600671.SH,63.18977
20260724,600721.SH,9.62874
20260724,600722.SH,67.34556
20260724,600815.SH,17.24915
20260724,600857.SH,97.90922
20260724,600909.SH,11.697683
20260724,600988.SH,202.712897
20260724,601101.SH,53.69054199999999
20260724,601168.SH,52.05876000000001
20260724,601233.SH,68.311177
20260724,601678.SH,30.09708
20260724,601700.SH,30.781296
20260724,601872.SH,27.77644
20260724,601886.SH,25.976808
20260724,601918.SH,16.303786
20260724,603012.SH,18.318839
20260724,603065.SH,15.56436
20260724,603078.SH,174.057312
20260724,603118.SH,40.459512
20260724,603127.SH,355.227636
20260724,603129.SH,315.99856
20260724,603137.SH,37.843025
20260724,603156.SH,145.158825
20260724,603162.SH,37.197414
20260724,603186.SH,132.13185
20260724,603221.SH,14.7266
20260724,603259.SH,323.2
20260724,603261.SH,45.45
20260724,603268.SH,216.8233
20260724,603330.SH,31.930529
20260724,603580.SH,95.29003
20260724,603608.SH,26.58792
20260724,603663.SH,156.94398
20260724,603678.SH,112.672428
20260724,603679.SH,23.09428
20260724,603682.SH,10.258155
20260724,603757.SH,150.12243
20260724,603823.SH,156.837651
20260724,603838.SH,14.74095
20260724,603986.SH,2584.8377
20260724,603989.SH,62.02611199999999
20260724,605111.SH,217.049084
20260724,605179.SH,13.3276
20260724,688002.SH,152.72675
20260724,688011.SH,62.58326
20260724,688012.SH,582.63345
20260724,688017.SH,417.81997
20260724,688037.SH,741.5586
20260724,688046.SH,27.21918
20260724,688072.SH,1739.6463
20260724,688082.SH,304.819839
20260724,688120.SH,1231.1462799999997
20260724,688131.SH,190.731405
20260724,688137.SH,34.907864
20260724,688141.SH,134.03
20260724,688143.SH,127.557648
20260724,688146.SH,250.214895
20260724,688147.SH,118.607038
20260724,688200.SH,1228.4576
20260724,688202.SH,162.9212
20260724,688222.SH,28.174311
20260724,688233.SH,106.46944
20260724,688237.SH,67.78656500000001
20260724,688249.SH,47.028629
20260724,688260.SH,72.57104999999999
20260724,688296.SH,13.9332
20260724,688300.SH,366.301
20260724,688328.SH,79.64863999999999
20260724,688347.SH,331.2196
20260724,688359.SH,102.46824
20260724,688361.SH,358.456518
20260724,688362.SH,78.72546999999999
20260724,688371.SH,25.312864000000005
20260724,688403.SH,25.651200000000003
20260724,688409.SH,281.2854
20260724,688432.SH,37.291296
20260724,688485.SH,49.12007200000001
20260724,688498.SH,2836.017
20260724,688507.SH,315.1834
20260724,688519.SH,231.778858
20260724,688530.SH,51.577812
20260724,688535.SH,154.82565
20260724,688545.SH,75.84813
20260724,688548.SH,39.28821000000001
20260724,688549.SH,23.63361
20260724,688584.SH,29.980154
20260724,688596.SH,49.923322000000006
20260724,688627.SH,502.254625
20260724,688630.SH,418.65208
20260724,688652.SH,151.16724
20260724,688662.SH,102.98
20260724,688669.SH,92.269268
20260724,688689.SH,38.986363
20260724,688702.SH,390.78
20260724,688710.SH,77.53827
20260724,688758.SH,25.001327
20260724,688766.SH,1609.3690559999998
20260724,920438.BJ,123.09695
20260724,920699.BJ,106.5672
20260724,920725.BJ,164.99587
20260727,000017.SZ,15.80287
20260727,000048.SZ,190.14794
20260727,000300.SH,4702.4272
20260727,000571.SZ,46.819950000000006
20260727,000608.SZ,73.86999999999999
20260727,000636.SZ,796.855304
20260727,000691.SZ,37.46135
20260727,000703.SZ,156.90002099999998
20260727,000725.SZ,32.692914
20260727,000739.SZ,280.49592
20260727,000811.SZ,921.966784
20260727,000938.SZ,296.792496
20260727,001229.SZ,56.811815
20260727,001258.SZ,14.693982000000002
20260727,001331.SZ,154.55088
20260727,002084.SZ,11.14192
20260727,002141.SZ,46.17807
20260727,002156.SZ,216.2094
20260727,002167.SZ,126.45131
20260727,002185.SZ,196.894126
20260727,002303.SZ,60.929856
20260727,002317.SZ,322.40676
20260727,002346.SZ,42.333445
20260727,002371.SZ,4976.664
20260727,002396.SZ,138.51502
20260727,002409.SZ,552.9785549999999
20260727,002412.SZ,58.76865
20260727,002415.SZ,901.257651
20260727,002422.SZ,348.362324
20260727,002440.SZ,71.387349
20260727,002484.SZ,348.945575
20260727,002528.SZ,28.93356
20260727,002552.SZ,127.280838
20260727,002636.SZ,174.052032
20260727,002674.SZ,33.736551
20260727,002747.SZ,196.02015
20260727,002768.SZ,233.37842
20260727,002774.SZ,20.718636
20260727,002821.SZ,494.699905
20260727,002832.SZ,144.138801
20260727,002860.SZ,70.92479999999999
20260727,002971.SZ,53.07891399999999
20260727,003004.SZ,61.7456
20260727,003032.SZ,6.050099999999999
20260727,003036.SZ,56.87911
20260727,300083.SZ,94.2335
20260727,300192.SZ,55.74184399999999
20260727,300209.SZ,114.307249
20260727,300214.SZ,48.480187
20260727,300234.SZ,43.922304
20260727,300285.SZ,793.3626399999999
20260727,300313.SZ,15.48628
20260727,300404.SZ,45.939348
20260727,300408.SZ,497.245176
20260727,300419.SZ,58.22087
20260727,300420.SZ,64.8945
20260727,300483.SZ,36.45943
20260727,300489.SZ,515.8237
20260727,300506.SZ,36.674759
20260727,300534.SZ,47.785936
20260727,300540.SZ,64.093266
20260727,300566.SZ,77.275119
20260727,300567.SZ,723.45205
20260727,300604.SZ,2126.62318
20260727,300666.SZ,245.980105
20260727,300671.SZ,126.5783
20260727,300677.SZ,270.98064
20260727,300684.SZ,175.8931
20260727,300716.SZ,25.08129
20260727,300721.SZ,42.152051
20260727,300759.SZ,91.000944
20260727,300835.SZ,251.0986
20260727,300843.SZ,130.88
20260727,300903.SZ,113.9757
20260727,300907.SZ,43.752
20260727,300929.SZ,24.498102000000003
20260727,300951.SZ,122.41989300000002
20260727,300985.SZ,49.0147
20260727,301008.SZ,56.22629
20260727,301013.SZ,60.48222600000001
20260727,301045.SZ,65.96606
20260727,301047.SZ,153.87
20260727,301072.SZ,34.27977
20260727,301080.SZ,121.926222
20260727,301092.SZ,45.29602
20260727,301108.SZ,47.651632
20260727,301122.SZ,45.33792
20260727,301165.SZ,268.021024
20260727,301217.SZ,99.360128
20260727,301218.SZ,61.56282
20260727,301234.SZ,74.3775
20260727,301273.SZ,57.260518
20260727,301282.SZ,33.593641000000005
20260727,301307.SZ,59.328654
20260727,301310.SZ,123.18981999999998
20260727,301319.SZ,322.408128
20260727,301321.SZ,52.3844
20260727,301345.SZ,285.74
20260727,301365.SZ,62.853102
20260727,301377.SZ,431.16239
20260727,301379.SZ,66.31024
20260727,301511.SZ,114.53195
20260727,301520.SZ,87.785552
20260727,301526.SZ,31.136064
20260727,301536.SZ,131.287
20260727,301580.SZ,105.117936
20260727,301588.SZ,36.65924499999999
20260727,600127.SH,27.9785
20260727,600160.SH,459.474576
20260727,600162.SH,27.63628
20260727,600172.SH,107.00025
20260727,600183.SH,1742.6810809999995
20260727,600206.SH,204.73337
20260727,600227.SH,18.1125
20260727,600228.SH,12.81879
20260727,600246.SH,171.24161999999998
20260727,600272.SH,13.324288
20260727,600353.SH,296.572512
20260727,600367.SH,138.05629700000003
20260727,600378.SH,179.494485
20260727,600397.SH,58.7389
20260727,600428.SH,77.10768
20260727,600584.SH,403.49853
20260727,600613.SH,146.093718
20260727,600664.SH,56.43948
20260727,600667.SH,97.366528
20260727,600671.SH,64.88965
20260727,600721.SH,10.2123
20260727,600722.SH,60.62868
20260727,600815.SH,18.26755
20260727,600857.SH,97.32712
20260727,600909.SH,10.594128
20260727,600988.SH,211.879142
20260727,601101.SH,53.398216
20260727,601168.SH,54.18478
20260727,601233.SH,69.21638899999999
20260727,601678.SH,32.49012
20260727,601700.SH,31.161312
20260727,601872.SH,28.130280000000003
20260727,601886.SH,25.915032
20260727,601918.SH,16.605088
20260727,603012.SH,18.341652
20260727,603065.SH,16.46434
20260727,603078.SH,180.58986
20260727,603118.SH,41.56272
20260727,603127.SH,390.07542
20260727,603129.SH,329.34432
20260727,603137.SH,40.4268
20260727,603156.SH,148.87173099999998
20260727,603162.SH,35.92053799999999
20260727,603186.SH,143.48775999999998
20260727,603221.SH,16.199260000000002
20260727,603259.SH,322.320896
20260727,603261.SH,46.5105
20260727,603268.SH,216.85182
20260727,603330.SH,35.118269
20260727,603580.SH,98.603571
20260727,603608.SH,29.249900000000004
20260727,603663.SH,164.89256399999996
20260727,603678.SH,120.93114
20260727,603679.SH,24.8774
20260727,603682.SH,10.96332
20260727,603757.SH,160.502965
20260727,603823.SH,141.15595199999998
20260727,603838.SH,14.9286
20260727,603986.SH,2454.917083
20260727,603989.SH,68.219268
20260727,605111.SH,221.377474
20260727,605179.SH,13.563396
20260727,688002.SH,156.46097500000002
20260727,688011.SH,64.83670000000001
20260727,688012.SH,599.535069
20260727,688017.SH,440.74135
20260727,688037.SH,757.38719
20260727,688046.SH,28.424304
20260727,688072.SH,1741.62567
20260727,688082.SH,311.9427
20260727,688120.SH,1266.6018
20260727,688131.SH,206.711982
20260727,688137.SH,35.421063999999994
20260727,688141.SH,132.7
20260727,688143.SH,135.763804
20260727,688146.SH,290.21139
20260727,688147.SH,118.858388
20260727,688200.SH,1287.143156
20260727,688202.SH,167.16959999999995
20260727,688222.SH,30.244302
20260727,688233.SH,111.57344
20260727,688237.SH,73.74184000000001
20260727,688249.SH,44.60633800000001
20260727,688260.SH,79.44524999999999
20260727,688296.SH,14.79
20260727,688300.SH,390.85948
20260727,688328.SH,79.49468
20260727,688347.SH,309.6336
20260727,688359.SH,112.2974
20260727,688361.SH,390.559347
20260727,688362.SH,77.49177999999999
20260727,688371.SH,25.863579
20260727,688403.SH,25.559040000000003
20260727,688409.SH,299.3358
20260727,688432.SH,40.501872
20260727,688485.SH,51.714442000000005
20260727,688498.SH,3005.382303
20260727,688507.SH,330.42998800000004
20260727,688519.SH,248.50474
20260727,688530.SH,53.117298
20260727,688535.SH,161.90125700000002
20260727,688545.SH,79.455615
20260727,688548.SH,40.810692
20260727,688549.SH,25.295269999999995
20260727,688584.SH,30.619126
20260727,688596.SH,56.290145
20260727,688627.SH,516.171
20260727,688630.SH,431.04369
20260727,688652.SH,153.926865
20260727,688662.SH,108.4
20260727,688669.SH,93.73728
20260727,688689.SH,39.728153000000006
20260727,688702.SH,381.48
20260727,688710.SH,79.48428899999999
20260727,688758.SH,25.242983
20260727,688766.SH,1535.600112
20260727,920438.BJ,133.913
20260727,920699.BJ,106.5672
20260727,920725.BJ,168.98336000000003
20260728,000017.SZ,16.017509999999998
20260728,000048.SZ,184.846228
20260728,000300.SH,4569.5235
20260728,000571.SZ,44.23153
20260728,000608.SZ,69.08624999999999
20260728,000636.SZ,777.942599
20260728,000691.SZ,35.726298
20260728,000703.SZ,151.83873
20260728,000725.SZ,30.557196
20260728,000739.SZ,268.80859000000004
20260728,000811.SZ,829.833792
20260728,000938.SZ,296.864064
20260728,001229.SZ,55.698440000000005
20260728,001258.SZ,13.227660000000002
20260728,001331.SZ,149.67216000000002
20260728,002084.SZ,11.27616
20260728,002141.SZ,46.17807
20260728,002156.SZ,194.58
20260728,002167.SZ,120.95001
20260728,002185.SZ,185.031758
20260728,002303.SZ,59.627936
20260728,002317.SZ,305.45619
20260728,002346.SZ,41.588575
20260728,002371.SZ,4621.188
20260728,002396.SZ,125.371582
20260728,002409.SZ,543.443879
20260728,002412.SZ,56.3535
20260728,002415.SZ,880.5474859999999
20260728,002422.SZ,331.497804
20260728,002440.SZ,74.32436
20260728,002484.SZ,314.07596
20260728,002528.SZ,29.38464
20260728,002552.SZ,117.29991499999998
20260728,002636.SZ,156.64409600000002
20260728,002674.SZ,35.12142
20260728,002747.SZ,188.50242
20260728,002768.SZ,225.86236
20260728,002774.SZ,20.105427
20260728,002821.SZ,477.729224
20260728,002832.SZ,152.43715500000002
20260728,002860.SZ,75.9168
20260728,002971.SZ,49.193784
20260728,003004.SZ,62.0046
20260728,003032.SZ,6.653099999999999
20260728,003036.SZ,52.000674
20260728,300083.SZ,87.15570000000001
20260728,300192.SZ,55.900502
20260728,300209.SZ,106.280832
20260728,300214.SZ,47.6966
20260728,300234.SZ,46.62144
20260728,300285.SZ,716.87252
20260728,300313.SZ,15.83087
20260728,300404.SZ,45.939348
20260728,300408.SZ,449.379144
20260728,300419.SZ,59.9898
20260728,300420.SZ,58.96934999999999
20260728,300483.SZ,35.87927
20260728,300489.SZ,443.9148
20260728,300506.SZ,34.68366
20260728,300534.SZ,50.7414
20260728,300540.SZ,60.759057
20260728,300566.SZ,74.805279
20260728,300567.SZ,653.1186
20260728,300604.SZ,1929.10616
20260728,300666.SZ,227.77032600000004
20260728,300671.SZ,116.65095
20260728,300677.SZ,268.34976
20260728,300684.SZ,161.37765
20260728,300716.SZ,26.6175
20260728,300721.SZ,40.306549
20260728,300759.SZ,88.536384
20260728,300835.SZ,227.31496500000003
20260728,300843.SZ,119.20305
20260728,300903.SZ,104.4008
20260728,300907.SZ,40.678422000000005
20260728,300929.SZ,22.188188
20260728,300951.SZ,129.604326
20260728,300985.SZ,45.25643
20260728,301008.SZ,55.179807
20260728,301013.SZ,55.29846700000001
20260728,301045.SZ,60.672612
20260728,301047.SZ,151.06019999999998
20260728,301072.SZ,33.87825
20260728,301080.SZ,119.006926
20260728,301092.SZ,41.963306
20260728,301108.SZ,48.64685
20260728,301122.SZ,44.778024
20260728,301165.SZ,236.75464
20260728,301217.SZ,89.904096
20260728,301218.SZ,59.414928
20260728,301234.SZ,82.02624999999999
20260728,301273.SZ,56.14894
20260728,301282.SZ,32.29878
20260728,301307.SZ,54.19106
20260728,301310.SZ,121.42403
20260728,301319.SZ,297.268902
20260728,301321.SZ,51.21862
20260728,301345.SZ,264.56227
20260728,301365.SZ,58.318676
20260728,301377.SZ,387.908805
20260728,301379.SZ,60.64294399999999
20260728,301511.SZ,101.813985
20260728,301520.SZ,87.771168
20260728,301526.SZ,29.147152
20260728,301536.SZ,119.97612
20260728,301580.SZ,102.938808
20260728,301588.SZ,33.954291
20260728,600127.SH,28.02937
20260728,600160.SH,439.795884
20260728,600162.SH,26.451868000000005
20260728,600172.SH,100.64565
20260728,600183.SH,1568.399141
20260728,600206.SH,189.2859
20260728,600227.SH,17.6525
20260728,600228.SH,13.12245
20260728,600246.SH,155.91213
20260728,600272.SH,13.324288
20260728,600353.SH,268.54737600000004
20260728,600367.SH,127.831544
20260728,600378.SH,165.588057
20260728,600397.SH,55.35165
20260728,600428.SH,79.96351999999999
20260728,600584.SH,376.451634
20260728,600613.SH,147.00301499999998
20260728,600664.SH,57.44018
20260728,600667.SH,99.811558
20260728,600671.SH,67.30871
20260728,600721.SH,10.314423
20260728,600722.SH,54.559920000000005
20260728,600815.SH,19.28595
20260728,600857.SH,92.5539
20260728,600909.SH,9.633386
20260728,600988.SH,207.157137
20260728,601101.SH,52.375075
20260728,601168.SH,52.94939
20260728,601233.SH,68.53748
20260728,601678.SH,29.913000000000004
20260728,601700.SH,30.464616
20260728,601872.SH,28.643348000000003
20260728,601886.SH,26.285688
20260728,601918.SH,16.203352
20260728,603012.SH,18.02227
20260728,603065.SH,17.004327999999997
20260728,603078.SH,173.30148
20260728,603118.SH,44.41053599999999
20260728,603127.SH,357.660702
20260728,603129.SH,335.54256
20260728,603137.SH,36.386975
20260728,603156.SH,145.198324
20260728,603162.SH,36.424568
20260728,603186.SH,129.138984
20260728,603221.SH,17.819186000000002
20260728,603259.SH,318.080512
20260728,603261.SH,44.7329
20260728,603268.SH,210.2637
20260728,603330.SH,37.349687
20260728,603580.SH,108.46187
20260728,603608.SH,27.432740000000003
20260728,603663.SH,154.06464599999998
20260728,603678.SH,109.052538
20260728,603679.SH,25.84086
20260728,603682.SH,11.4423
20260728,603757.SH,144.46032
20260728,603823.SH,127.044489
20260728,603838.SH,14.78265
20260728,603986.SH,2209.442343
20260728,603989.SH,62.262492
20260728,605111.SH,199.223987
20260728,605179.SH,14.916659999999998
20260728,688002.SH,144.50535000000002
20260728,688011.SH,64.13250000000001
20260728,688012.SH,574.3851
20260728,688017.SH,414.608147
20260728,688037.SH,720.829652
20260728,688046.SH,26.689341
20260728,688072.SH,1561.503
20260728,688082.SH,291.630861
20260728,688120.SH,1203.6216
20260728,688131.SH,196.888545
20260728,688137.SH,35.092616
20260728,688141.SH,115.08
20260728,688143.SH,119.786168
20260728,688146.SH,280.9023
20260728,688147.SH,108.070446
20260728,688200.SH,1188.06538
20260728,688202.SH,154.91840000000002
20260728,688222.SH,28.816722
20260728,688233.SH,104.744288
20260728,688237.SH,70.64509699999999
20260728,688249.SH,41.19904900000001
20260728,688260.SH,74.1288
20260728,688296.SH,15.402
20260728,688300.SH,352.24216
20260728,688328.SH,70.996088
20260728,688347.SH,282.124
20260728,688359.SH,97.45828
20260728,688361.SH,370.0701
20260728,688362.SH,68.69546999999999
20260728,688371.SH,25.753436
20260728,688403.SH,22.95808
20260728,688409.SH,272.215074
20260728,688432.SH,40.501872
20260728,688485.SH,50.045906
20260728,688498.SH,2501.4078
20260728,688507.SH,317.604532
20260728,688519.SH,221.934008
20260728,688530.SH,47.54295
20260728,688535.SH,148.0941
20260728,688545.SH,72.94799499999999
20260728,688548.SH,36.621312
20260728,688549.SH,22.55253
20260728,688584.SH,28.485784
20260728,688596.SH,50.738523
20260728,688627.SH,478.784026
20260728,688630.SH,387.1098
20260728,688652.SH,143.289765
20260728,688662.SH,96.21855
20260728,688669.SH,84.44436
20260728,688689.SH,36.718605
20260728,688702.SH,361.0
20260728,688710.SH,78.113001
20260728,688758.SH,23.440632
20260728,688766.SH,1280.382696
20260728,920438.BJ,130.936011
20260728,920699.BJ,94.652395
20260728,920725.BJ,149.11057200000002
20260729,000017.SZ,16.07117
20260729,000048.SZ,184.642316
20260729,000300.SH,4600.2624
20260729,000571.SZ,43.013450000000006
20260729,000608.SZ,67.08375000000001
20260729,000636.SZ,855.754871
20260729,000691.SZ,37.421917
20260729,000703.SZ,154.81596
20260729,000725.SZ,31.269102000000004
20260729,000739.SZ,284.070868
20260729,000811.SZ,789.286784
20260729,000938.SZ,267.163344
20260729,001229.SZ,51.942655
20260729,001258.SZ,11.904894
20260729,001331.SZ,134.86176
20260729,002084.SZ,11.54464
20260729,002141.SZ,50.7717
20260729,002156.SZ,175.122
20260729,002167.SZ,121.34296
20260729,002185.SZ,175.49949800000002
20260729,002303.SZ,57.805248000000006
20260729,002317.SZ,301.99689
20260729,002346.SZ,40.96785
20260729,002371.SZ,4565.539847999999
20260729,002396.SZ,116.476528
20260729,002409.SZ,496.913354
20260729,002412.SZ,55.628955
20260729,002415.SZ,870.801526
20260729,002422.SZ,315.586496
20260729,002440.SZ,81.75679600000001
20260729,002484.SZ,306.2939
20260729,002528.SZ,30.02904
20260729,002552.SZ,112.999453
20260729,002636.SZ,149.101568
20260729,002674.SZ,31.609278
20260729,002747.SZ,192.97578
20260729,002768.SZ,227.19432
20260729,002774.SZ,19.531359
20260729,002821.SZ,470.59485899999993
20260729,002832.SZ,146.002924
20260729,002860.SZ,74.2272
20260729,002971.SZ,48.564125
20260729,003004.SZ,60.71996
20260729,003032.SZ,7.3164
20260729,003036.SZ,49.10815
20260729,300083.SZ,89.78930000000001
20260729,300192.SZ,57.698626
20260729,300209.SZ,112.68615
20260729,300214.SZ,45.99315
20260729,300234.SZ,49.013856
20260729,300285.SZ,751.1787199999999
20260729,300313.SZ,15.85114
20260729,300404.SZ,45.223038
20260729,300408.SZ,485.30095200000005
20260729,300419.SZ,59.14379
20260729,300420.SZ,56.71215
20260729,300483.SZ,38.99763
20260729,300489.SZ,450.5066999999999
20260729,300506.SZ,33.399080000000005
20260729,300534.SZ,47.038168000000006
20260729,300540.SZ,59.44236299999999
20260729,300566.SZ,71.594487
20260729,300567.SZ,620.681
20260729,300604.SZ,1891.4174
20260729,300666.SZ,224.338758
20260729,300671.SZ,113.036
20260729,300677.SZ,293.48928
20260729,300684.SZ,159.225948
20260729,300716.SZ,26.48061
20260729,300721.SZ,39.560495
20260729,300759.SZ,87.36278399999999
20260729,300835.SZ,233.716211
20260729,300843.SZ,110.69585
20260729,300903.SZ,97.4866
20260729,300907.SZ,39.354924
20260729,300929.SZ,22.058052
20260729,300951.SZ,137.334112
20260729,300985.SZ,41.94115
20260729,301008.SZ,55.960235
20260729,301013.SZ,56.507507
20260729,301045.SZ,58.298642
20260729,301047.SZ,153.2679
20260729,301072.SZ,32.031258
20260729,301080.SZ,115.517455
20260729,301092.SZ,39.394124000000005
20260729,301108.SZ,50.919512000000005
20260729,301122.SZ,42.306288
20260729,301165.SZ,215.418
20260729,301217.SZ,89.186176
20260729,301218.SZ,58.84014
20260729,301234.SZ,71.62395
20260729,301273.SZ,55.450641
20260729,301282.SZ,32.706152
20260729,301307.SZ,49.97843400000001
20260729,301310.SZ,121.5279
20260729,301319.SZ,288.72613
20260729,301321.SZ,48.750800000000005
20260729,301345.SZ,266.28770000000003
20260729,301365.SZ,58.434519
20260729,301377.SZ,375.91184
20260729,301379.SZ,57.363392
20260729,301511.SZ,98.82069599999998
20260729,301520.SZ,74.50912
20260729,301526.SZ,30.48992
20260729,301536.SZ,127.075717
20260729,301580.SZ,102.71889600000002
20260729,301588.SZ,33.63905199999999
20260729,600127.SH,28.283719999999995
20260729,600160.SH,447.461421
20260729,600162.SH,25.958363
20260729,600172.SH,96.90765
20260729,600183.SH,1496.334942
20260729,600206.SH,173.446804
20260729,600227.SH,19.435
20260729,600228.SH,14.44554
20260729,600246.SH,145.44321
20260729,600272.SH,13.545492
20260729,600353.SH,257.272896
20260729,600367.SH,126.680706
20260729,600378.SH,168.59590799999998
20260729,600397.SH,53.27945
20260729,600428.SH,80.249104
20260729,600584.SH,351.217664
20260729,600613.SH,147.912312
20260729,600664.SH,53.63752
20260729,600667.SH,94.54116
20260729,600671.SH,67.53754
20260729,600721.SH,10.299834
20260729,600722.SH,60.03948
20260729,600815.SH,19.41325
20260729,600857.SH,90.16729
20260729,600909.SH,10.022876
20260729,600988.SH,210.323658
20260729,601101.SH,55.20089299999999
20260729,601168.SH,53.021215
20260729,601233.SH,72.061341
20260729,601678.SH,30.235140000000005
20260729,601700.SH,30.781296
20260729,601872.SH,28.820268
20260729,601886.SH,26.718120000000003
20260729,601918.SH,16.454437
20260729,603012.SH,18.204774
20260729,603065.SH,15.29966
20260729,603078.SH,165.09530399999997
20260729,603118.SH,42.691584
20260729,603127.SH,344.867484
20260729,603129.SH,338.3904
20260729,603137.SH,34.017325
20260729,603156.SH,147.528765
20260729,603162.SH,37.096608
20260729,603186.SH,119.311346
20260729,603221.SH,19.596897
20260729,603259.SH,327.0784
20260729,603261.SH,45.0157
20260729,603268.SH,212.45974
20260729,603330.SH,35.490172
20260729,603580.SH,119.308057
20260729,603608.SH,26.68356
20260729,603663.SH,150.04979999999998
20260729,603678.SH,113.15508
20260729,603679.SH,26.22912
20260729,603682.SH,11.362469999999998
20260729,603757.SH,143.28709
20260729,603823.SH,114.337974
20260729,603838.SH,14.9286
20260729,603986.SH,2058.990083
20260729,603989.SH,61.482438
20260729,605111.SH,209.257982
20260729,605179.SH,16.413452
20260729,688002.SH,148.54482500000003
20260729,688011.SH,62.99572
20260729,688012.SH,539.892
20260729,688017.SH,401.350534
20260729,688037.SH,726.4021829999999
20260729,688046.SH,26.367282
20260729,688072.SH,1541.423391
20260729,688082.SH,282.17097
20260729,688120.SH,1253.5392399999998
20260729,688131.SH,218.2986
20260729,688137.SH,35.677664
20260729,688141.SH,113.63
20260729,688143.SH,116.519512
20260729,688146.SH,306.741645
20260729,688147.SH,96.136348
20260729,688200.SH,1204.489324
20260729,688202.SH,156.06448
20260729,688222.SH,29.306178
20260729,688233.SH,102.365824
20260729,688237.SH,70.32403000000001
20260729,688249.SH,39.892419
20260729,688260.SH,88.95255
20260729,688296.SH,14.9022
20260729,688300.SH,343.70008
20260729,688328.SH,68.2556
20260729,688347.SH,271.2808
20260729,688359.SH,93.372
20260729,688361.SH,361.74603
20260729,688362.SH,64.53302
20260729,688371.SH,23.180095
20260729,688403.SH,21.57568
20260729,688409.SH,265.701888
20260729,688432.SH,36.531696
20260729,688485.SH,53.454196
20260729,688498.SH,2505.4884
20260729,688507.SH,302.20526
20260729,688519.SH,221.011701
20260729,688530.SH,44.504226
20260729,688535.SH,141.542058
20260729,688545.SH,69.05757
20260729,688548.SH,34.935342
20260729,688549.SH,21.89187
20260729,688584.SH,26.64101
20260729,688596.SH,56.455249
20260729,688627.SH,445.637751
20260729,688630.SH,358.353072
20260729,688652.SH,138.79408500000002
20260729,688662.SH,94.3351
20260729,688669.SH,79.892176
20260729,688689.SH,36.718605
20260729,688702.SH,351.42
20260729,688710.SH,78.54657
20260729,688758.SH,24.437463
20260729,688766.SH,1398.1404
20260729,920438.BJ,119.058958
20260729,920699.BJ,93.660728
20260729,920725.BJ,149.433882
20260730,000017.SZ,15.61506
20260730,000048.SZ,174.34476000000004
20260730,000300.SH,4549.7201
20260730,000571.SZ,41.186330000000005
20260730,000608.SZ,62.745
20260730,000636.SZ,909.61105
20260730,000691.SZ,35.88403
20260730,000703.SZ,159.281805
20260730,000725.SZ,29.352432000000004
20260730,000739.SZ,275.270996
20260730,000811.SZ,710.315648
20260730,000938.SZ,240.46848
20260730,001229.SZ,46.746905
20260730,001258.SZ,12.66369
20260730,001331.SZ,129.28608
20260730,002084.SZ,11.30972
20260730,002141.SZ,45.69452999999999
20260730,002156.SZ,157.60979999999998
20260730,002167.SZ,111.83357
20260730,002185.SZ,157.917774
20260730,002303.SZ,55.852368
20260730,002317.SZ,288.15969
20260730,002346.SZ,38.658753
20260730,002371.SZ,4317.870024
20260730,002396.SZ,108.112522
20260730,002409.SZ,447.215488
20260730,002412.SZ,52.81128
20260730,002415.SZ,867.8777379999999
20260730,002422.SZ,313.753396
20260730,002440.SZ,81.75679600000001
20260730,002484.SZ,276.86175000000003
20260730,002528.SZ,29.83572
20260730,002552.SZ,102.248298
20260730,002636.SZ,134.18048000000002
20260730,002674.SZ,30.881151
20260730,002747.SZ,173.65335
20260730,002768.SZ,209.73613
20260730,002774.SZ,17.574309
20260730,002821.SZ,443.089605
20260730,002832.SZ,155.14314000000002
20260730,002860.SZ,66.81599999999999
20260730,002971.SZ,43.80819
20260730,003004.SZ,55.426
20260730,003032.SZ,8.050049999999999
20260730,003036.SZ,44.197335
20260730,300083.SZ,81.8062
20260730,300192.SZ,60.501584
20260730,300209.SZ,103.19679
20260730,300214.SZ,42.415905
20260730,300234.SZ,48.093696
20260730,300285.SZ,778.62368
20260730,300313.SZ,15.36466
20260730,300404.SZ,42.83533800000001
20260730,300408.SZ,469.30104
20260730,300419.SZ,54.75992
20260730,300420.SZ,50.0346
20260730,300483.SZ,39.03389
20260730,300489.SZ,378.0861
20260730,300506.SZ,32.178729
20260730,300534.SZ,47.607896
20260730,300540.SZ,53.347344
20260730,300566.SZ,65.697744
20260730,300567.SZ,562.01261
20260730,300604.SZ,1713.4427
20260730,300666.SZ,201.257378
20260730,300671.SZ,98.8331
20260730,300677.SZ,292.787712
20260730,300684.SZ,143.890802
20260730,300716.SZ,26.35893
20260730,300721.SZ,37.165269
20260730,300759.SZ,84.522672
20260730,300835.SZ,209.773429
20260730,300843.SZ,99.192725
20260730,300903.SZ,81.93870000000001
20260730,300907.SZ,36.379788
20260730,300929.SZ,21.63511
20260730,300951.SZ,118.43644500000002
20260730,300985.SZ,38.81164
20260730,301008.SZ,52.962682
20260730,301013.SZ,53.379116
20260730,301045.SZ,52.904174
20260730,301047.SZ,149.4546
20260730,301072.SZ,29.702442
20260730,301080.SZ,108.378864
20260730,301092.SZ,36.6289
20260730,301108.SZ,50.340206
20260730,301122.SZ,39.834552
20260730,301165.SZ,209.2632
20260730,301217.SZ,81.54545600000002
20260730,301218.SZ,53.969568
20260730,301234.SZ,73.006
20260730,301273.SZ,52.657445
20260730,301282.SZ,30.320116
20260730,301307.SZ,43.63436
20260730,301310.SZ,111.431736
20260730,301319.SZ,258.989458
20260730,301321.SZ,44.16338
20260730,301345.SZ,248.7037
20260730,301365.SZ,52.989898
20260730,301377.SZ,346.4865
20260730,301379.SZ,52.30022399999999
20260730,301511.SZ,89.826776
20260730,301520.SZ,64.670464
20260730,301526.SZ,33.246128
20260730,301536.SZ,105.0296
20260730,301580.SZ,95.781672
20260730,301588.SZ,29.652804
20260730,600127.SH,28.02937
20260730,600160.SH,453.181971
20260730,600162.SH,28.524589
20260730,600172.SH,88.9644
20260730,600183.SH,1384.2965519999998
20260730,600206.SH,156.08471799999998
20260730,600227.SH,18.8025
20260730,600228.SH,15.89877
20260730,600246.SH,130.86149999999998
20260730,600272.SH,13.40236
20260730,600353.SH,231.502656
20260730,600367.SH,119.288785
20260730,600378.SH,157.26763799999998
20260730,600397.SH,49.1749
20260730,600428.SH,80.689824
20260730,600584.SH,316.086098
20260730,600613.SH,147.306114
20260730,600664.SH,55.63891999999999
20260730,600667.SH,85.08704399999999
20260730,600671.SH,64.66082
20260730,600721.SH,9.993465
20260730,600722.SH,64.10496
20260730,600815.SH,19.095
20260730,600857.SH,85.51048999999999
20260730,600909.SH,9.841114
20260730,600988.SH,206.490501
20260730,601101.SH,54.713683
20260730,601168.SH,52.647725
20260730,601233.SH,71.285445
20260730,601678.SH,28.94658
20260730,601700.SH,30.40128
20260730,601872.SH,29.138724
20260730,601886.SH,26.656344
20260730,601918.SH,16.387480999999998
20260730,603012.SH,17.976644
20260730,603065.SH,13.774988
20260730,603078.SH,149.492772
20260730,603118.SH,38.432688
20260730,603127.SH,314.33643
20260730,603129.SH,343.170304
20260730,603137.SH,37.414775
20260730,603156.SH,147.528765
20260730,603162.SH,35.685323999999994
20260730,603186.SH,108.050953
20260730,603221.SH,21.553431
20260730,603259.SH,324.441088
20260730,603261.SH,41.6726
20260730,603268.SH,209.622
20260730,603330.SH,35.171398
20260730,603580.SH,115.66522
20260730,603608.SH,24.59542
20260730,603663.SH,136.545318
20260730,603678.SH,107.577768
20260730,603679.SH,25.25128
20260730,603682.SH,11.615265
20260730,603757.SH,128.95328
20260730,603823.SH,102.912441
20260730,603838.SH,14.86605
20260730,603986.SH,2098.9787100000003
20260730,603989.SH,57.062132
20260730,605111.SH,188.324314
20260730,605179.SH,18.053772
20260730,688002.SH,137.973
20260730,688011.SH,61.05414
20260730,688012.SH,519.6460500000001
20260730,688017.SH,369.2889
20260730,688037.SH,619.70014
20260730,688046.SH,24.164814
20260730,688072.SH,1411.9506
20260730,688082.SH,266.350293
20260730,688120.SH,1251.5798559999998
20260730,688131.SH,213.680745
20260730,688137.SH,35.46212
20260730,688141.SH,98.47
20260730,688143.SH,105.165248
20260730,688146.SH,289.90584
20260730,688147.SH,81.53794
20260730,688200.SH,1121.6352
20260730,688202.SH,141.34328
20260730,688222.SH,26.81811
20260730,688233.SH,91.678048
20260730,688237.SH,56.91171500000001
20260730,688249.SH,36.10319200000001
20260730,688260.SH,103.32405
20260730,688296.SH,14.8818
20260730,688300.SH,310.71816
20260730,688328.SH,61.584
20260730,688347.SH,230.92
20260730,688359.SH,82.328
20260730,688361.SH,324.08713499999993
20260730,688362.SH,55.86709999999999
20260730,688371.SH,20.897131
20260730,688403.SH,19.12832
20260730,688409.SH,246.6888
20260730,688432.SH,29.249664
20260730,688485.SH,49.8526
20260730,688498.SH,2074.57704
20260730,688507.SH,281.3748
20260730,688519.SH,206.53459
20260730,688530.SH,39.49335
20260730,688535.SH,126.224042
20260730,688545.SH,63.74234
20260730,688548.SH,31.553184
20260730,688549.SH,19.7197
20260730,688584.SH,24.136652
20260730,688596.SH,50.397996000000006
20260730,688627.SH,401.459586
20260730,688630.SH,307.12759
20260730,688652.SH,125.09802
20260730,688662.SH,84.9314
20260730,688669.SH,75.69016
20260730,688689.SH,33.285177000000004
20260730,688702.SH,303.99
20260730,688710.SH,71.38763999999999
20260730,688758.SH,23.1587
20260730,688766.SH,1458.526848
20260730,920438.BJ,106.30632
20260730,920699.BJ,86.58585
20260730,920725.BJ,131.565616
20260731,000017.SZ,16.258979999999998
20260731,000048.SZ,191.779236
20260731,000300.SH,4588.1968
20260731,000571.SZ,44.61218
20260731,000608.SZ,67.8625
20260731,000636.SZ,888.897135
20260731,000691.SZ,36.554391
20260731,000703.SZ,159.678769
20260731,000725.SZ,30.173862
20260731,000739.SZ,278.020956
20260731,000811.SZ,749.37664
20260731,000938.SZ,249.700752
20260731,001229.SZ,47.2071
20260731,001258.SZ,12.653436
20260731,001331.SZ,135.62841600000002
20260731,002084.SZ,11.71244
20260731,002141.SZ,45.1304
20260731,002156.SZ,159.97859999999997
20260731,002167.SZ,113.40537
20260731,002185.SZ,163.848958
20260731,002303.SZ,59.627936
20260731,002317.SZ,302.34282
20260731,002346.SZ,42.532077
20260731,002371.SZ,4440.2184
20260731,002396.SZ,115.325924
20260731,002409.SZ,436.89714
20260731,002412.SZ,54.340875
20260731,002415.SZ,917.338485
20260731,002422.SZ,318.519456
20260731,002440.SZ,82.17636900000001
20260731,002484.SZ,292.874835
20260731,002528.SZ,30.02904
20260731,002552.SZ,112.48596499999998
20260731,002636.SZ,138.908224
20260731,002674.SZ,32.494452
20260731,002747.SZ,184.77462
20260731,002768.SZ,223.34115
20260731,002774.SZ,19.335654
20260731,002821.SZ,463.430135
20260731,002832.SZ,156.285667
20260731,002860.SZ,64.0512
20260731,002971.SZ,44.531628
20260731,003004.SZ,57.8088
20260731,003032.SZ,8.854049999999999
20260731,003036.SZ,48.62246499999999
20260731,300083.SZ,85.6743
20260731,300192.SZ,66.160386
20260731,300209.SZ,110.31381
20260731,300214.SZ,39.826661
20260731,300234.SZ,51.344928
20260731,300285.SZ,788.2802399999999
20260731,300313.SZ,15.91195
20260731,300404.SZ,43.69491000000001
20260731,300408.SZ,497.7354240000001
20260731,300419.SZ,59.75907
20260731,300420.SZ,53.13825
20260731,300483.SZ,40.4299
20260731,300489.SZ,422.905
20260731,300506.SZ,36.931675
20260731,300534.SZ,48.889784
20260731,300540.SZ,53.963217
20260731,300566.SZ,67.087029
20260731,300567.SZ,595.729
20260731,300604.SZ,1812.131416
20260731,300666.SZ,207.752846
20260731,300671.SZ,99.6772
20260731,300677.SZ,294.95088000000004
20260731,300684.SZ,147.920974
20260731,300716.SZ,26.48061
20260731,300721.SZ,38.87334
20260731,300759.SZ,86.37696
20260731,300835.SZ,219.534445
20260731,300843.SZ,104.611975
20260731,300903.SZ,84.6718
20260731,300907.SZ,39.529932
20260731,300929.SZ,21.96045
20260731,300951.SZ,129.22495
20260731,300985.SZ,40.11203
20260731,301008.SZ,57.024455
20260731,301013.SZ,59.69635
20260731,301045.SZ,55.318552
20260731,301047.SZ,150.525
20260731,301072.SZ,29.411340000000003
20260731,301080.SZ,110.340266
20260731,301092.SZ,37.23766200000001
20260731,301108.SZ,52.88024
20260731,301122.SZ,40.83143999999999
20260731,301165.SZ,242.0888
20260731,301217.SZ,84.73507200000002
20260731,301218.SZ,62.818278
20260731,301234.SZ,69.51395
20260731,301273.SZ,50.562548
20260731,301282.SZ,30.698390000000003
20260731,301307.SZ,46.2484
20260731,301310.SZ,109.188144
20260731,301319.SZ,281.128932
20260731,301321.SZ,45.88934
20260731,301345.SZ,278.047
20260731,301365.SZ,60.635536
20260731,301377.SZ,364.27905
20260731,301379.SZ,55.09071999999999
20260731,301511.SZ,93.17139
20260731,301520.SZ,66.03694399999999
20260731,301526.SZ,32.297104
20260731,301536.SZ,114.189393
20260731,301580.SZ,99.86004
20260731,301588.SZ,30.598521
20260731,600127.SH,28.23285
20260731,600160.SH,452.152272
20260731,600162.SH,31.386918000000005
20260731,600172.SH,90.8334
20260731,600183.SH,1461.201916
20260731,600206.SH,153.996046
20260731,600227.SH,18.8025
20260731,600228.SH,16.78806
20260731,600246.SH,133.3541
20260731,600272.SH,13.623564
20260731,600353.SH,237.408336
20260731,600367.SH,119.465837
20260731,600378.SH,155.666055
20260731,600397.SH,50.25084999999999
20260731,600428.SH,83.114928
20260731,600584.SH,321.965858
20260731,600613.SH,148.821609
20260731,600664.SH,58.94123
20260731,600667.SH,93.617482
20260731,600671.SH,66.36070000000001
20260731,600721.SH,10.256067000000002
20260731,600722.SH,63.280080000000005
20260731,600815.SH,18.52215
20260731,600857.SH,87.48962999999999
20260731,600909.SH,9.919012
20260731,600988.SH,219.767668
20260731,601101.SH,57.39333799999999
20260731,601168.SH,55.21906
20260731,601233.SH,72.41695999999999
20260731,601678.SH,28.94658
20260731,601700.SH,30.971304
20260731,601872.SH,29.704868
20260731,601886.SH,26.687232
20260731,601918.SH,16.387480999999998
20260731,603012.SH,18.410091
20260731,603065.SH,13.510288
20260731,603078.SH,151.16639999999998
20260731,603118.SH,37.226856
20260731,603127.SH,326.030844
20260731,603129.SH,341.98649600000005
20260731,603137.SH,35.6875
20260731,603156.SH,152.979627
20260731,603162.SH,36.558976
20260731,603186.SH,114.60978699999998
20260731,603221.SH,23.709826
20260731,603259.SH,332.068608
20260731,603261.SH,45.8439
20260731,603268.SH,217.6076
20260731,603330.SH,36.818397
20260731,603580.SH,108.87349
20260731,603608.SH,27.05018
20260731,603663.SH,136.66698
20260731,603678.SH,108.918468
20260731,603679.SH,27.7534
20260731,603682.SH,12.7728
20260731,603757.SH,132.93206
20260731,603823.SH,96.69348
20260731,603838.SH,15.28305
20260731,603986.SH,2141.39946
20260731,603989.SH,57.582168
20260731,605111.SH,191.62963
20260731,605179.SH,19.858124
20260731,688002.SH,144.12887500000002
20260731,688011.SH,62.9756
20260731,688012.SH,515.8968
20260731,688017.SH,429.634385
20260731,688037.SH,636.1575369999999
20260731,688046.SH,25.089435
20260731,688072.SH,1462.468521
20260731,688082.SH,276.919965
20260731,688120.SH,1198.863096
20260731,688131.SH,217.514964
20260731,688137.SH,36.160072
20260731,688141.SH,114.11
20260731,688143.SH,111.3034
20260731,688146.SH,270.921
20260731,688147.SH,86.796182
20260731,688200.SH,1193.9739940000002
20260731,688202.SH,144.68272
20260731,688222.SH,28.153917
20260731,688233.SH,95.373344
20260731,688237.SH,54.16711
20260731,688249.SH,37.439975
20260731,688260.SH,100.58039999999998
20260731,688296.SH,15.3
20260731,688300.SH,318.31112
20260731,688328.SH,64.04736
20260731,688347.SH,238.8516
20260731,688359.SH,86.846
20260731,688361.SH,347.60514
20260731,688362.SH,58.23418
20260731,688371.SH,21.978535
20260731,688403.SH,20.24448
20260731,688409.SH,248.208042
20260731,688432.SH,29.553504
20260731,688485.SH,51.88740000000001
20260731,688498.SH,2228.21163
20260731,688507.SH,322.119616
20260731,688519.SH,225.9134
20260731,688530.SH,41.566122
20260731,688535.SH,133.28468999999998
20260731,688545.SH,67.31951000000001
20260731,688548.SH,32.145828
20260731,688549.SH,19.54953
20260731,688584.SH,24.52828
20260731,688596.SH,51.295749
20260731,688627.SH,416.68157
20260731,688630.SH,333.06804300000005
20260731,688652.SH,128.944872
20260731,688662.SH,89.60615
20260731,688669.SH,78.92248000000001
20260731,688689.SH,34.75816
20260731,688702.SH,342.29
20260731,688710.SH,71.80104299999999
20260731,688758.SH,22.302835
20260731,688766.SH,1465.8789599999998
20260731,920438.BJ,114.526518
20260731,920699.BJ,88.65799
20260731,920725.BJ,138.44134200000002
20260803,000017.SZ,16.20532
20260803,000048.SZ,183.724712
20260803,000300.SH,4543.1781
20260803,000571.SZ,49.10385
20260803,000608.SZ,74.64874999999999
20260803,000636.SZ,935.908716
20260803,000691.SZ,34.464442
20260803,000703.SZ,160.77041999999997
20260803,000725.SZ,29.681004
20260803,000739.SZ,276.508478
20260803,000811.SZ,692.4834559999999
20260803,000938.SZ,236.89008
20260803,001229.SZ,51.92781
20260803,001258.SZ,13.053342000000002
20260803,001331.SZ,149.184288
20260803,002084.SZ,11.71244
20260803,002141.SZ,41.1009
20260803,002156.SZ,144.7788
20260803,002167.SZ,116.78474
20260803,002185.SZ,156.434978
20260803,002303.SZ,58.065632
20260803,002317.SZ,307.99301
20260803,002346.SZ,43.326605
20260803,002371.SZ,4144.850159999999
20260803,002396.SZ,110.457984
20260803,002409.SZ,394.807423
20260803,002412.SZ,54.501885
20260803,002415.SZ,924.647955
20260803,002422.SZ,303.048092
20260803,002440.SZ,77.860761
20260803,002484.SZ,268.97992
20260803,002528.SZ,30.09348
20260803,002552.SZ,104.334343
20260803,002636.SZ,129.31609600000002
20260803,002674.SZ,31.766325
20260803,002747.SZ,191.04975
20260803,002768.SZ,242.1313
20260803,002774.SZ,18.344082
20260803,002821.SZ,446.03442799999993
20260803,002832.SZ,153.579682
20260803,002860.SZ,59.5584
20260803,002971.SZ,43.25891299999999
20260803,003004.SZ,61.55912000000001
20260803,003032.SZ,9.738449999999998
20260803,003036.SZ,44.15416299999999
20260803,300083.SZ,87.8964
20260803,300192.SZ,63.780516
20260803,300209.SZ,110.827817
20260803,300214.SZ,44.187493
20260803,300234.SZ,53.43062400000001
20260803,300285.SZ,734.4068
20260803,300313.SZ,16.216
20260803,300404.SZ,44.029188000000005
20260803,300408.SZ,508.07520000000005
20260803,300419.SZ,65.29659
20260803,300420.SZ,53.79659999999999
20260803,300483.SZ,40.32111999999999
20260803,300489.SZ,424.41
20260803,300506.SZ,37.188591
20260803,300534.SZ,45.115336
20260803,300540.SZ,53.687136
20260803,300566.SZ,69.92734499999999
20260803,300567.SZ,520.873
20260803,300604.SZ,1587.255148
20260803,300666.SZ,188.950713
20260803,300671.SZ,91.8601
20260803,300677.SZ,289.279872
20260803,300684.SZ,144.84711399999998
20260803,300716.SZ,25.76574
20260803,300721.SZ,38.853707
20260803,300759.SZ,84.663504
20260803,300835.SZ,210.303919
20260803,300843.SZ,97.6283
20260803,300903.SZ,79.5676
20260803,300907.SZ,39.278358
20260803,300929.SZ,21.212168
20260803,300951.SZ,123.415755
20260803,300985.SZ,40.12632
20260803,301008.SZ,57.662987
20260803,301013.SZ,62.522481
20260803,301045.SZ,50.40898
20260803,301047.SZ,155.3195
20260803,301072.SZ,31.529358
20260803,301080.SZ,102.6315
20260803,301092.SZ,37.898014
20260803,301108.SZ,52.167248
20260803,301122.SZ,40.653912
20260803,301165.SZ,219.562232
20260803,301217.SZ,79.648096
20260803,301218.SZ,55.693932
20260803,301234.SZ,69.73549999999999
20260803,301273.SZ,50.576799
20260803,301282.SZ,30.320116
20260803,301307.SZ,42.608852000000006
20260803,301310.SZ,99.50746
20260803,301319.SZ,266.749686
20260803,301321.SZ,44.2088
20260803,301345.SZ,273.1015
20260803,301365.SZ,56.29969800000001
20260803,301377.SZ,348.5675
20260803,301379.SZ,53.335872
20260803,301511.SZ,88.997649
20260803,301520.SZ,60.168272
20260803,301526.SZ,28.147648
20260803,301536.SZ,105.342669
20260803,301580.SZ,98.000784
20260803,301588.SZ,29.744325
20260803,600127.SH,28.84329
20260803,600160.SH,456.042246
20260803,600162.SH,30.597310000000004
20260803,600172.SH,89.61855
20260803,600183.SH,1411.2687569999998
20260803,600206.SH,144.24891
20260803,600227.SH,18.745
20260803,600228.SH,15.44328
20260803,600246.SH,129.11667999999997
20260803,600272.SH,14.039947999999995
20260803,600353.SH,226.02648
20260803,600367.SH,113.401806
20260803,600378.SH,147.26751000000002
20260803,600397.SH,50.5298
20260803,600428.SH,83.40888
20260803,600584.SH,298.8878
20260803,600613.SH,151.246401
20260803,600664.SH,59.94193
20260803,600667.SH,88.455752
20260803,600671.SH,67.70099
20260803,600721.SH,10.50408
20260803,600722.SH,63.69252000000001
20260803,600815.SH,20.368
20260803,600857.SH,93.31063
20260803,600909.SH,9.944978
20260803,600988.SH,215.878958
20260803,601101.SH,54.08031
20260803,601168.SH,53.868750000000006
20260803,601233.SH,72.481618
20260803,601678.SH,28.3023
20260803,601700.SH,34.074768
20260803,601872.SH,30.129476000000004
20260803,601886.SH,26.749008
20260803,601918.SH,15.634226
20260803,603012.SH,18.2504
20260803,603065.SH,14.600851999999998
20260803,603078.SH,143.824032
20260803,603118.SH,33.814608
20260803,603127.SH,322.18503
20260803,603129.SH,342.18752
20260803,603137.SH,36.415525
20260803,603156.SH,168.26574
20260803,603162.SH,35.752528
20260803,603186.SH,104.64418
20260803,603259.SH,332.2496
20260803,603261.SH,50.4293
20260803,603268.SH,213.4009
20260803,603330.SH,36.924655
20260803,603580.SH,100.64109
20260803,603608.SH,28.81952
20260803,603663.SH,129.610584
20260803,603678.SH,112.189776
20260803,603679.SH,30.32742
20260803,603682.SH,14.05008
20260803,603757.SH,129.182825
20260803,603823.SH,106.362828
20260803,603838.SH,16.0545
20260803,603986.SH,1927.259514
20260803,603989.SH,55.714766
20260803,605111.SH,180.336467
20260803,605179.SH,21.847012
20260803,688002.SH,140.038525
20260803,688011.SH,69.0116
20260803,688012.SH,464.682045
20260803,688017.SH,441.378055
20260803,688037.SH,565.9263
20260803,688046.SH,24.299871
20260803,688072.SH,1301.677698
20260803,688082.SH,251.722275
20260803,688120.SH,1058.953748
20260803,688131.SH,210.40626600000004
20260803,688137.SH,36.396144
20260803,688141.SH,105.86
20260803,688143.SH,108.27384
20260803,688146.SH,252.577815
20260803,688147.SH,79.97957000000001
20260803,688200.SH,1067.823416
20260803,688202.SH,136.10688
20260803,688222.SH,26.960868
20260803,688233.SH,86.07385599999999
20260803,688237.SH,52.8207
20260803,688249.SH,34.76640900000001
20260803,688260.SH,97.17345
20260803,688296.SH,15.198
20260803,688300.SH,297.19320000000005
20260803,688328.SH,58.894832
20260803,688347.SH,220.378
20260803,688359.SH,79.6674
20260803,688361.SH,303.848613
20260803,688362.SH,51.8551
20260803,688371.SH,21.367742
20260803,688403.SH,18.4832
20260803,688409.SH,220.876728
20260803,688432.SH,27.021504
20260803,688485.SH,47.532928000000005
20260803,688498.SH,2340.244503
20260803,688507.SH,318.69513200000006
20260803,688519.SH,213.4778
20260803,688530.SH,38.326158
20260803,688535.SH,122.155194
20260803,688545.SH,62.135645
20260803,688548.SH,29.867214
20260803,688549.SH,18.418399999999995
20260803,688584.SH,24.590116
20260803,688596.SH,44.88765
20260803,688627.SH,376.379748
20260803,688630.SH,310.845073
20260803,688652.SH,114.642216
20260803,688662.SH,88.2105
20260803,688669.SH,75.82484
20260803,688689.SH,33.210998000000004
20260803,688702.SH,322.0
20260803,688710.SH,69.703779
20260803,688758.SH,23.168769
20260803,688766.SH,1292.40216
20260803,920438.BJ,112.208793
20260803,920699.BJ,91.91421
20260803,920725.BJ,140.920052
20260804,000017.SZ,16.28581
20260804,000048.SZ,202.076792
20260804,000300.SH,4600.9304
20260804,000571.SZ,50.93097000000001
20260804,000608.SZ,73.31375
20260804,000636.SZ,978.597393
20260804,000691.SZ,35.805164
20260804,000703.SZ,156.50305699999998
20260804,000725.SZ,30.831006
20260804,000739.SZ,304.145576
20260804,000811.SZ,761.689344
20260804,000938.SZ,245.621376
20260804,001229.SZ,57.12355999999999
20260804,001258.SZ,13.74036
20260804,001331.SZ,164.099232
20260804,002084.SZ,11.81312
20260804,002141.SZ,44.16332
20260804,002156.SZ,156.792
20260804,002167.SZ,121.0286
20260804,002185.SZ,164.484442
20260804,002303.SZ,63.924272
20260804,002317.SZ,312.49010000000004
20260804,002346.SZ,45.139122
20260804,002371.SZ,4440.2184
20260804,002396.SZ,115.458686
20260804,002409.SZ,422.791044
20260804,002412.SZ,56.43400499999999
20260804,002415.SZ,941.216087
20260804,002422.SZ,310.087196
20260804,002440.SZ,76.422225
20260804,002484.SZ,295.86793500000005
20260804,002528.SZ,30.2868
20260804,002552.SZ,114.76456799999998
20260804,002636.SZ,139.564096
20260804,002674.SZ,34.950096
20260804,002747.SZ,200.6799
20260804,002768.SZ,254.9752
20260804,002774.SZ,19.257372
20260804,002821.SZ,490.631799
20260804,002832.SZ,152.13649
20260804,002860.SZ,64.2816
20260804,002971.SZ,45.670373
20260804,003004.SZ,64.1284
20260804,003032.SZ,10.713299999999998
20260804,003036.SZ,48.5685
20260804,300083.SZ,97.114
20260804,300192.SZ,69.492204
20260804,300209.SZ,133.009196
20260804,300214.SZ,44.528183
20260804,300234.SZ,55.2096
20260804,300285.SZ,764.64708
20260804,300313.SZ,16.47951
20260804,300404.SZ,47.56298400000001
20260804,300408.SZ,539.183664
20260804,300419.SZ,64.98894999999999
20260804,300420.SZ,61.97895
20260804,300483.SZ,39.63218
20260804,300489.SZ,509.2919999999999
20260804,300506.SZ,38.665858
20260804,300534.SZ,46.931344
20260804,300540.SZ,55.747125
20260804,300566.SZ,74.249565
20260804,300567.SZ,569.27988
20260804,300604.SZ,1715.676108
20260804,300666.SZ,204.341704
20260804,300671.SZ,100.53965
20260804,300677.SZ,276.53472
20260804,300684.SZ,153.62469199999998
20260804,300716.SZ,26.3133
20260804,300721.SZ,41.131135
20260804,300759.SZ,93.700224
20260804,300835.SZ,226.448498
20260804,300843.SZ,115.082375
20260804,300903.SZ,84.81660000000001
20260804,300907.SZ,41.531586
20260804,300929.SZ,22.253256
20260804,300951.SZ,141.602092
20260804,300985.SZ,41.1552
20260804,301008.SZ,59.560846
20260804,301013.SZ,65.303273
20260804,301045.SZ,53.33856
20260804,301047.SZ,186.3834
20260804,301072.SZ,32.87445
20260804,301080.SZ,119.28061
20260804,301092.SZ,42.468888
20260804,301108.SZ,52.256372
20260804,301122.SZ,42.115104
20260804,301165.SZ,220.731644
20260804,301217.SZ,88.365696
20260804,301218.SZ,57.660312
20260804,301234.SZ,72.58399999999999
20260804,301273.SZ,49.964006000000005
20260804,301282.SZ,31.935055
20260804,301307.SZ,45.072082
20260804,301310.SZ,105.573468
20260804,301319.SZ,302.58368
20260804,301321.SZ,49.886300000000006
20260804,301345.SZ,270.9035
20260804,301365.SZ,58.401421
20260804,301377.SZ,390.926255
20260804,301379.SZ,57.190784
20260804,301511.SZ,96.558163
20260804,301520.SZ,66.09448
20260804,301526.SZ,30.267808
20260804,301536.SZ,109.685239
20260804,301580.SZ,100.799664
20260804,301588.SZ,30.476493
20260804,600127.SH,28.69068
20260804,600160.SH,473.089485
20260804,600162.SH,31.97912400000001
20260804,600172.SH,95.319
20260804,600183.SH,1552.354137
20260804,600206.SH,157.47716599999998
20260804,600227.SH,18.8025
20260804,600228.SH,16.98327
20260804,600246.SH,137.34225999999998
20260804,600272.SH,14.039947999999995
20260804,600353.SH,248.682816
20260804,600367.SH,120.39536
20260804,600378.SH,161.994261
20260804,600397.SH,55.59074999999999
20260804,600428.SH,85.099104
20260804,600584.SH,320.495918
20260804,600613.SH,152.15569799999997
20260804,600664.SH,64.54515
20260804,600667.SH,93.18281
20260804,600671.SH,72.47373
20260804,600721.SH,11.554488
20260804,600722.SH,65.6958
20260804,600815.SH,22.21385
20260804,600857.SH,97.90922
20260804,600909.SH,10.061825
20260804,600988.SH,209.712575
20260804,601101.SH,54.372636
20260804,601168.SH,54.888665
20260804,601233.SH,71.673393
20260804,601678.SH,29.72892
20260804,601700.SH,37.494912
20260804,601872.SH,29.687176000000004
20260804,601886.SH,25.884144000000003
20260804,601918.SH,15.617487
20260804,603012.SH,19.39105
20260804,603065.SH,15.394951999999998
20260804,603078.SH,152.5161
20260804,603118.SH,34.969128
20260804,603127.SH,348.08541
20260804,603129.SH,335.5984
20260804,603137.SH,37.14355
20260804,603156.SH,176.95551999999998
20260804,603162.SH,36.054946
20260804,603186.SH,115.108598
20260804,603259.SH,365.47456
20260804,603261.SH,50.3485
20260804,603268.SH,224.0959
20260804,603330.SH,37.72159
20260804,603580.SH,110.705199
20260804,603608.SH,29.1702
20260804,603663.SH,137.35639799999998
20260804,603678.SH,119.697696
20260804,603679.SH,31.032039999999995
20260804,603682.SH,13.54449
20260804,603757.SH,142.11386
20260804,603823.SH,114.069381
20260804,603838.SH,17.28465
20260804,603986.SH,2013.684722
20260804,603989.SH,60.324176
20260804,605111.SH,194.698852
20260804,605179.SH,22.236588
20260804,688002.SH,144.03730000000002
20260804,688011.SH,70.60108000000001
20260804,688012.SH,476.514678
20260804,688017.SH,461.2574
20260804,688037.SH,597.865359
20260804,688046.SH,27.655518
20260804,688072.SH,1329.47685
20260804,688082.SH,261.7545
20260804,688120.SH,1064.178772
20260804,688131.SH,226.6947
20260804,688137.SH,41.599992
20260804,688141.SH,115.01
20260804,688143.SH,118.81144
20260804,688146.SH,257.78235
20260804,688147.SH,88.17358000000002
20260804,688200.SH,1151.6122360000002
20260804,688202.SH,154.14776
20260804,688222.SH,30.917304
20260804,688233.SH,92.94384
20260804,688237.SH,53.877114000000006
20260804,688249.SH,36.806762
20260804,688260.SH,100.5
20260804,688296.SH,15.9732
20260804,688300.SH,329.75988000000007
20260804,688328.SH,67.58843999999999
20260804,688347.SH,237.8978
20260804,688359.SH,85.842
20260804,688361.SH,318.902142
20260804,688362.SH,55.74674
20260804,688371.SH,23.220147000000004
20260804,688403.SH,20.48
20260804,688409.SH,232.639572
20260804,688432.SH,28.388784
20260804,688485.SH,52.792886
20260804,688498.SH,2682.9945
20260804,688507.SH,336.537348
20260804,688519.SH,244.618615
20260804,688530.SH,44.856396
20260804,688535.SH,132.058052
20260804,688545.SH,66.95573
20260804,688548.SH,33.065448
20260804,688549.SH,19.35934
20260804,688584.SH,26.166934
20260804,688596.SH,49.376415
20260804,688627.SH,407.8763
20260804,688630.SH,348.194
20260804,688652.SH,129.01518
20260804,688662.SH,94.83645
20260804,688669.SH,77.010024
20260804,688689.SH,36.54905300000001
20260804,688702.SH,338.0
20260804,688710.SH,74.91668999999999
20260804,688758.SH,26.572091
20260804,688766.SH,1386.8231039999998
20260804,920438.BJ,119.574008
20260804,920699.BJ,99.31471
20260804,920725.BJ,150.878
20260805,000017.SZ,16.6346
20260805,000048.SZ,215.84085200000004
20260805,000300.SH,4658.1549
20260805,000571.SZ,52.75809
20260805,000608.SZ,76.985
20260805,000636.SZ,1041.09938
20260805,000691.SZ,38.328876
20260805,000703.SZ,162.65599899999998
20260805,000725.SZ,32.692914
20260805,000739.SZ,300.845624
20260805,000811.SZ,837.9007359999999
20260805,000938.SZ,264.372192
20260805,001229.SZ,62.82404
20260805,001258.SZ,13.873662
20260805,001331.SZ,174.93696
20260805,002084.SZ,11.779559999999998
20260805,002141.SZ,45.37217
20260805,002156.SZ,163.56
20260805,002167.SZ,130.22363
20260805,002185.SZ,175.711326
20260805,002303.SZ,68.090416
20260805,002317.SZ,317.33312
20260805,002346.SZ,49.658
20260805,002371.SZ,4745.28144
20260805,002396.SZ,127.00898
20260805,002409.SZ,459.166486
20260805,002412.SZ,56.3535
20260805,002415.SZ,936.586756
20260805,002422.SZ,314.55996
20260805,002440.SZ,78.22039500000001
20260805,002484.SZ,320.46124
20260805,002528.SZ,29.83572
20260805,002552.SZ,126.253862
20260805,002636.SZ,153.528704
20260805,002674.SZ,38.447961
20260805,002747.SZ,212.91951000000003
20260805,002768.SZ,271.6247
20260805,002774.SZ,20.22285
20260805,002821.SZ,496.005342
20260805,002832.SZ,155.684337
20260805,002860.SZ,64.128
20260805,002971.SZ,50.23875
20260805,003004.SZ,66.42832000000001
20260805,003032.SZ,11.78865
20260805,003036.SZ,51.26675
20260805,300083.SZ,106.7431
20260805,300192.SZ,71.237442
20260805,300209.SZ,146.175683
20260805,300214.SZ,45.073287
20260805,300234.SZ,57.602016000000006
20260805,300285.SZ,854.7326199999999
20260805,300313.SZ,16.76329
20260805,300404.SZ,47.324214000000005
20260805,300408.SZ,571.317192
20260805,300419.SZ,68.21916999999999
20260805,300420.SZ,74.20545
20260805,300483.SZ,40.37551
20260805,300489.SZ,549.1745
20260805,300506.SZ,39.500835
20260805,300534.SZ,48.462488
20260805,300540.SZ,59.484837
20260805,300566.SZ,75.70059599999999
20260805,300567.SZ,636.2760000000001
20260805,300604.SZ,1898.3968
20260805,300666.SZ,227.13712000000004
20260805,300671.SZ,108.20995
20260805,300677.SZ,289.630656
20260805,300684.SZ,161.20688
20260805,300716.SZ,26.70876
20260805,300721.SZ,43.015903
20260805,300759.SZ,93.794112
20260805,300835.SZ,245.26321
20260805,300843.SZ,119.888125
20260805,300903.SZ,97.016
20260805,300907.SZ,43.117596000000006
20260805,300929.SZ,22.497261
20260805,300951.SZ,156.468889
20260805,300985.SZ,42.92716
20260805,301008.SZ,59.95106
20260805,301013.SZ,69.06641
20260805,301045.SZ,64.006272
20260805,301047.SZ,202.038
20260805,301072.SZ,34.27977
20260805,301080.SZ,123.134993
20260805,301092.SZ,44.90393600000001
20260805,301108.SZ,53.10305
20260805,301122.SZ,42.60672
20260805,301165.SZ,237.000832
20260805,301217.SZ,97.32944
20260805,301218.SZ,62.001474
20260805,301234.SZ,75.48525
20260805,301273.SZ,50.44854
20260805,301282.SZ,33.113524000000005
20260805,301307.SZ,49.345032
20260805,301310.SZ,113.903842
20260805,301319.SZ,319.571406
20260805,301321.SZ,53.23224
20260805,301345.SZ,270.88152
20260805,301365.SZ,61.363692
20260805,301377.SZ,432.920835
20260805,301379.SZ,61.016928
20260805,301511.SZ,107.870828
20260805,301520.SZ,70.8412
20260805,301526.SZ,34.518224
20260805,301536.SZ,115.63355
20260805,301580.SZ,106.597344
20260805,301588.SZ,31.361196
20260805,600127.SH,28.53807
20260805,600160.SH,492.9969990000001
20260805,600162.SH,33.360938000000004
20260805,600172.SH,104.8509
20260805,600183.SH,1698.419001
20260805,600206.SH,173.22923400000002
20260805,600227.SH,18.5725
20260805,600228.SH,16.766370000000002
20260805,600246.SH,145.94173
20260805,600272.SH,13.948864
20260805,600353.SH,272.412912
20260805,600367.SH,132.434896
20260805,600378.SH,172.150641
20260805,600397.SH,61.16974999999999
20260805,600428.SH,86.201424
20260805,600584.SH,337.939206
20260805,600613.SH,149.730906
20260805,600664.SH,67.74739
20260805,600667.SH,100.24623
20260805,600671.SH,72.11413999999999
20260805,600721.SH,12.707019000000004
20260805,600722.SH,64.5174
20260805,600815.SH,21.3864
20260805,600857.SH,100.00478
20260805,600909.SH,10.51623
20260805,600988.SH,226.878452
20260805,601101.SH,56.321476
20260805,601168.SH,58.925230000000006
20260805,601233.SH,74.324371
20260805,601678.SH,30.46524
20260805,601700.SH,41.231736
20260805,601872.SH,32.02252000000001
20260805,601886.SH,25.884144000000003
20260805,601918.SH,15.784877
20260805,603012.SH,19.778871
20260805,603065.SH,16.421988
20260805,603078.SH,167.79470399999997
20260805,603118.SH,36.94464
20260805,603127.SH,363.39018
20260805,603129.SH,333.431808
20260805,603137.SH,37.357675
20260805,603156.SH,178.021993
20260805,603162.SH,37.600638
20260805,603186.SH,126.623703
20260805,603259.SH,381.376
20260805,603261.SH,51.6716
20260805,603268.SH,246.51262
20260805,603330.SH,38.25288
20260805,603580.SH,115.706382
20260805,603608.SH,29.52088
20260805,603663.SH,151.10420399999998
20260805,603678.SH,129.37755
20260805,603679.SH,31.24774
20260805,603682.SH,14.648805
20260805,603757.SH,148.9492
20260805,603823.SH,125.474253
20260805,603838.SH,17.7642
20260805,603986.SH,2180.087184
20260805,603989.SH,64.389912
20260805,605111.SH,205.755921
20260805,605179.SH,23.928168
20260805,688002.SH,154.49720000000002
20260805,688011.SH,72.03966
20260805,688012.SH,536.8926
20260805,688017.SH,481.830046
20260805,688037.SH,648.256651
20260805,688046.SH,28.320414
20260805,688072.SH,1490.861484
20260805,688082.SH,285.59758500000004
20260805,688120.SH,1133.6436
20260805,688131.SH,225.351324
20260805,688137.SH,40.655704
20260805,688141.SH,128.01
20260805,688143.SH,134.88128
20260805,688146.SH,291.61692
20260805,688147.SH,97.000992
20260805,688200.SH,1253.227044
20260805,688202.SH,156.42015999999998
20260805,688222.SH,31.457745000000003
20260805,688233.SH,107.4392
20260805,688237.SH,59.179898
20260805,688249.SH,39.39992000000001
20260805,688260.SH,107.16315
20260805,688296.SH,16.432199999999998
20260805,688300.SH,370.8983
20260805,688328.SH,72.340672
20260805,688347.SH,253.51
20260805,688359.SH,93.90412
20260805,688361.SH,342.59064
20260805,688362.SH,60.95231
20260805,688371.SH,25.993748000000004
20260805,688403.SH,22.2208
20260805,688409.SH,261.189288
20260805,688432.SH,33.392016
20260805,688485.SH,54.939600000000006
20260805,688498.SH,2648.3094
20260805,688507.SH,380.684836
20260805,688519.SH,261.313408
20260805,688530.SH,51.56775
20260805,688535.SH,143.382015
20260805,688545.SH,76.77779
20260805,688548.SH,35.50755
20260805,688549.SH,23.23321
20260805,688584.SH,27.867424
20260805,688596.SH,59.251698000000005
20260805,688627.SH,434.89937
20260805,688630.SH,369.7001
20260805,688652.SH,140.1138
20260805,688662.SH,106.57075
20260805,688669.SH,80.175004
20260805,688689.SH,39.346661000000005
20260805,688702.SH,350.44
20260805,688710.SH,78.04242
20260805,688758.SH,26.340504
20260805,688766.SH,1544.273952
20260805,920438.BJ,124.6421
20260805,920699.BJ,105.368319
20260805,920725.BJ,165.448504
20260806,000017.SZ,16.554109999999998
20260806,000048.SZ,220.22496000000004
20260806,000300.SH,4651.3098
20260806,000571.SZ,55.5749
20260806,000608.SZ,79.54375
20260806,000636.SZ,1049.745188
20260806,000691.SZ,38.25001
20260806,000703.SZ,170.69451999999998
20260806,000725.SZ,32.638152000000005
20260806,000739.SZ,292.595744
20260806,000811.SZ,855.732928
20260806,000938.SZ,271.528992
20260806,001229.SZ,59.38
20260806,001258.SZ,12.499626
20260806,001331.SZ,182.917152
20260806,002084.SZ,11.88024
20260806,002141.SZ,46.17807
20260806,002156.SZ,171.9072
20260806,002167.SZ,134.07453999999998
20260806,002185.SZ,182.807564
20260806,002303.SZ,72.777328
20260806,002317.SZ,315.9494
20260806,002346.SZ,50.129751
20260806,002371.SZ,4798.926
20260806,002396.SZ,128.425108
20260806,002409.SZ,473.50115299999993
20260806,002412.SZ,56.3535
20260806,002415.SZ,912.465505
20260806,002422.SZ,311.700324
20260806,002440.SZ,78.160456
20260806,002484.SZ,324.70146500000004
20260806,002528.SZ,29.19132
20260806,002552.SZ,138.866411
20260806,002636.SZ,163.940672
20260806,002674.SZ,40.903605
20260806,002747.SZ,216.27453000000003
20260806,002768.SZ,274.9546
20260806,002774.SZ,21.044811
20260806,002821.SZ,475.42194
20260806,002832.SZ,154.000613
20260806,002860.SZ,63.7056
20260806,002971.SZ,55.26262499999999
20260806,003004.SZ,67.858
20260806,003032.SZ,11.004749999999998
20260806,003036.SZ,56.39342499999999
20260806,300083.SZ,109.5413
20260806,300192.SZ,69.70374799999999
20260806,300209.SZ,137.081713
20260806,300214.SZ,42.92694
20260806,300234.SZ,56.252448
20260806,300285.SZ,883.44818
20260806,300313.SZ,16.92545
20260806,300404.SZ,47.324214000000005
20260806,300408.SZ,566.0136
20260806,300419.SZ,72.67994999999999
20260806,300420.SZ,76.1805
20260806,300483.SZ,41.84403999999999
20260806,300489.SZ,608.02
20260806,300506.SZ,41.941537
20260806,300534.SZ,53.05592
20260806,300540.SZ,71.377557
20260806,300566.SZ,77.738214
20260806,300567.SZ,648.7520000000001
20260806,300604.SZ,1943.972282
20260806,300666.SZ,243.70260600000003
20260806,300671.SZ,112.2286
20260806,300677.SZ,291.267648
20260806,300684.SZ,164.45150999999998
20260806,300716.SZ,27.77346
20260806,300721.SZ,45.960853
20260806,300759.SZ,92.94912
20260806,300835.SZ,251.240064
20260806,300843.SZ,119.0599
20260806,300903.SZ,116.4192
20260806,300907.SZ,44.05826400000001
20260806,300929.SZ,22.741266
20260806,300951.SZ,159.48018600000003
20260806,300985.SZ,45.02779
20260806,301008.SZ,61.210387
20260806,301013.SZ,68.41655100000001
20260806,301045.SZ,66.85503600000001
20260806,301047.SZ,200.477
20260806,301072.SZ,33.797946
20260806,301080.SZ,123.066572
20260806,301092.SZ,45.326974
20260806,301108.SZ,54.692428
20260806,301122.SZ,42.53844
20260806,301165.SZ,244.509688
20260806,301217.SZ,101.5344
20260806,301218.SZ,67.189692
20260806,301234.SZ,73.5124
20260806,301273.SZ,52.871210000000005
20260806,301282.SZ,33.637288000000005
20260806,301307.SZ,51.32567
20260806,301310.SZ,124.041554
20260806,301319.SZ,353.12298
20260806,301321.SZ,53.2171
20260806,301345.SZ,277.68433
20260806,301365.SZ,63.763297
20260806,301377.SZ,445.334
20260806,301379.SZ,63.059456
20260806,301511.SZ,109.922566
20260806,301520.SZ,72.20768
20260806,301526.SZ,35.53792000000001
20260806,301536.SZ,120.1781
20260806,301580.SZ,106.55736
20260806,301588.SZ,30.995112
20260806,600127.SH,31.38679
20260806,600160.SH,501.5778240000001
20260806,600162.SH,34.644051
20260806,600172.SH,109.7103
20260806,600183.SH,1760.1092749999998
20260806,600206.SH,190.547806
20260806,600227.SH,18.4575
20260806,600228.SH,16.85313
20260806,600246.SH,153.41953
20260806,600272.SH,15.341148
20260806,600353.SH,284.33164800000003
20260806,600367.SH,139.384187
20260806,600378.SH,188.518038
20260806,600397.SH,67.30665
20260806,600428.SH,88.1856
20260806,600584.SH,371.747826
20260806,600613.SH,151.5495
20260806,600664.SH,62.24354
20260806,600667.SH,104.158278
20260806,600671.SH,71.52571999999999
20260806,600721.SH,13.976262
20260806,600722.SH,63.339000000000006
20260806,600815.SH,20.8772
20260806,600857.SH,102.56602
20260806,600909.SH,10.51623
20260806,600988.SH,229.43389
20260806,601101.SH,61.973112
20260806,601168.SH,57.072145
20260806,601233.SH,75.488215
20260806,601678.SH,33.50256
20260806,601700.SH,45.348576
20260806,601872.SH,31.633296
20260806,601886.SH,25.94592
20260806,601918.SH,16.437698
20260806,603012.SH,19.84731
20260806,603065.SH,16.697276
20260806,603078.SH,184.584972
20260806,603118.SH,37.919568
20260806,603127.SH,363.076236
20260806,603129.SH,328.852928
20260806,603137.SH,35.6875
20260806,603156.SH,181.616402
20260806,603162.SH,38.944718
20260806,603186.SH,137.969
20260806,603221.SH,26.076601
20260806,603259.SH,368.96512
20260806,603261.SH,50.9545
20260806,603268.SH,256.68
20260806,603330.SH,40.324911
20260806,603580.SH,110.51997
20260806,603608.SH,30.445400000000003
20260806,603663.SH,159.417774
20260806,603678.SH,130.79869200000002
20260806,603679.SH,32.54194
20260806,603682.SH,15.1677
20260806,603757.SH,150.73455
20260806,603823.SH,138.01548
20260806,603838.SH,18.20205
20260806,603986.SH,2177.5985
20260806,603989.SH,65.997296
20260806,605111.SH,216.931037
20260806,605179.SH,22.205832
20260806,688002.SH,158.231425
20260806,688011.SH,73.41788000000001
20260806,688012.SH,542.276523
20260806,688017.SH,475.462996
20260806,688037.SH,654.783234
20260806,688046.SH,28.839864
20260806,688072.SH,1499.988579
20260806,688082.SH,284.26335
20260806,688120.SH,1141.10792
20260806,688131.SH,224.93151900000004
20260806,688137.SH,39.957752
20260806,688141.SH,130.7
20260806,688143.SH,137.884496
20260806,688146.SH,313.698
20260806,688147.SH,98.47893
20260806,688200.SH,1319.08973
20260806,688202.SH,161.6368
20260806,688222.SH,31.488336
20260806,688233.SH,111.87968
20260806,688237.SH,62.87734700000001
20260806,688249.SH,39.892419
20260806,688260.SH,107.3541
20260806,688296.SH,17.676599999999997
20260806,688300.SH,403.6132800000001
20260806,688328.SH,75.840696
20260806,688347.SH,259.1324
20260806,688359.SH,98.88396
20260806,688361.SH,346.0005
20260806,688362.SH,65.78676999999999
20260806,688371.SH,27.105191
20260806,688403.SH,24.14592
20260806,688409.SH,276.47196
20260806,688432.SH,38.33448
20260806,688485.SH,55.926478
20260806,688498.SH,2719.7199
20260806,688507.SH,391.22003200000006
20260806,688519.SH,269.064932
20260806,688530.SH,58.8627
20260806,688535.SH,147.94451
20260806,688545.SH,81.2442
20260806,688548.SH,37.970088
20260806,688549.SH,27.87785
20260806,688584.SH,29.619444
20260806,688596.SH,62.9459
20260806,688627.SH,442.004312
20260806,688630.SH,402.082142
20260806,688652.SH,140.907276
20260806,688662.SH,113.549
20260806,688669.SH,85.333248
20260806,688689.SH,40.90442
20260806,688702.SH,390.02
20260806,688710.SH,78.526404
20260806,688758.SH,26.48147
20260806,688766.SH,1548.07392
20260806,920438.BJ,129.370259
20260806,920699.BJ,110.326654
20260806,920725.BJ,168.12120000000002
20260807,000017.SZ,16.58094
20260807,000048.SZ,218.18584
20260807,000300.SH,4694.4365
20260807,000571.SZ,56.10781
20260807,000608.SZ,79.8775
20260807,000636.SZ,1049.925309
20260807,000691.SZ,38.762639
20260807,000703.SZ,175.755811
20260807,000725.SZ,33.240534000000004
20260807,000739.SZ,321.882818
20260807,000811.SZ,897.553664
20260807,000938.SZ,271.9584
20260807,001229.SZ,60.255855
20260807,001258.SZ,13.494264
20260807,001331.SZ,193.301856
20260807,002084.SZ,11.67888
20260807,002141.SZ,49.24049
20260807,002156.SZ,182.5104
20260807,002167.SZ,135.33198
20260807,002185.SZ,190.433372
20260807,002303.SZ,69.522528
20260807,002317.SZ,329.55598
20260807,002346.SZ,50.824963
20260807,002371.SZ,4860.261767999999
20260807,002396.SZ,130.99184
20260807,002409.SZ,485.811334
20260807,002412.SZ,58.527135
20260807,002415.SZ,907.348876
20260807,002422.SZ,333.18425599999995
20260807,002440.SZ,79.419175
20260807,002484.SZ,337.12283
20260807,002528.SZ,29.77128
20260807,002552.SZ,152.76268
20260807,002636.SZ,178.72512000000003
20260807,002674.SZ,40.446741
20260807,002747.SZ,218.26269
20260807,002768.SZ,278.2845
20260807,002774.SZ,21.905913
20260807,002821.SZ,522.964134
20260807,002832.SZ,148.047446
20260807,002860.SZ,63.6672
20260807,002971.SZ,60.795586
20260807,003004.SZ,67.858
20260807,003032.SZ,11.5575
20260807,003036.SZ,57.915238
20260807,300083.SZ,119.1704
20260807,300192.SZ,69.174888
20260807,300209.SZ,147.045541
20260807,300214.SZ,42.790664
20260807,300234.SZ,55.639008
20260807,300285.SZ,900.6012799999999
20260807,300313.SZ,16.52005
20260807,300404.SZ,52.051860000000005
20260807,300408.SZ,567.751752
20260807,300419.SZ,72.44922
20260807,300420.SZ,77.49719999999999
20260807,300483.SZ,42.22477
20260807,300489.SZ,722.4
20260807,300506.SZ,36.289385
20260807,300534.SZ,58.503944
20260807,300540.SZ,74.563107
20260807,300566.SZ,83.20273499999999
20260807,300567.SZ,698.3752900000001
20260807,300604.SZ,1976.635874
20260807,300666.SZ,257.919102
20260807,300671.SZ,117.2932
20260807,300677.SZ,295.477056
20260807,300684.SZ,176.57618000000002
20260807,300716.SZ,27.80388
20260807,300721.SZ,45.764523
20260807,300759.SZ,106.281216
20260807,300835.SZ,261.566936
20260807,300843.SZ,120.624325
20260807,300903.SZ,130.9173
20260807,300907.SZ,44.856738
20260807,300929.SZ,22.724999
20260807,300951.SZ,162.42035
20260807,300985.SZ,48.157300000000006
20260807,301008.SZ,73.448917
20260807,301013.SZ,68.688585
20260807,301045.SZ,68.49155999999999
20260807,301047.SZ,240.5724
20260807,301072.SZ,34.641138
20260807,301080.SZ,147.675325
20260807,301092.SZ,46.22464
20260807,301108.SZ,55.539106
20260807,301122.SZ,43.371456
20260807,301165.SZ,242.437572
20260807,301217.SZ,118.774736
20260807,301218.SZ,67.46196
20260807,301234.SZ,88.2191
20260807,301273.SZ,51.674126
20260807,301282.SZ,35.426815000000005
20260807,301307.SZ,53.02479600000001
20260807,301310.SZ,111.597928
20260807,301319.SZ,390.065578
20260807,301321.SZ,55.53352
20260807,301345.SZ,278.84927
20260807,301365.SZ,63.829493
20260807,301377.SZ,470.13952
20260807,301379.SZ,65.217056
20260807,301511.SZ,127.74177
20260807,301520.SZ,81.025072
20260807,301526.SZ,38.687872000000006
20260807,301536.SZ,123.91473
20260807,301580.SZ,111.275472
20260807,301588.SZ,32.652659
20260807,600127.SH,32.14984
20260807,600160.SH,495.285219
20260807,600162.SH,36.716772000000006
20260807,600172.SH,113.8221
20260807,600183.SH,1936.189362
20260807,600206.SH,209.606938
20260807,600227.SH,19.205
20260807,600228.SH,17.22186
20260807,600246.SH,157.0338
20260807,600272.SH,16.876564
20260807,600353.SH,300.97492800000003
20260807,600367.SH,145.890848
20260807,600378.SH,191.760267
20260807,600397.SH,73.36385
20260807,600428.SH,87.81815999999999
20260807,600584.SH,380.95945
20260807,600613.SH,154.277391
20260807,600664.SH,68.44788
20260807,600667.SH,106.114302
20260807,600671.SH,70.38157000000001
20260807,600721.SH,15.376806
20260807,600722.SH,67.05096
20260807,600815.SH,20.8772
20260807,600857.SH,103.90485
20260807,600909.SH,10.659043
20260807,600988.SH,233.822577
20260807,601101.SH,65.77335
20260807,601168.SH,61.87005500000001
20260807,601233.SH,76.16712399999999
20260807,601678.SH,33.54858
20260807,601700.SH,40.788384
20260807,601872.SH,31.810216000000004
20260807,601886.SH,25.544376
20260807,601918.SH,16.640972
20260807,603012.SH,19.185733
20260807,603065.SH,17.089032
20260807,603078.SH,196.354356
20260807,603118.SH,37.71432
20260807,603127.SH,399.415254
20260807,603129.SH,327.233568
20260807,603137.SH,39.25625
20260807,603156.SH,190.977665
20260807,603162.SH,38.743106
20260807,603186.SH,151.7659
20260807,603221.SH,26.108158000000003
20260807,603259.SH,400.302592
20260807,603261.SH,49.6011
20260807,603268.SH,261.11486
20260807,603330.SH,40.643685000000005
20260807,603580.SH,110.787523
20260807,603608.SH,30.301940000000005
20260807,603663.SH,162.70264799999998
20260807,603678.SH,134.74035
20260807,603679.SH,32.45566
20260807,603682.SH,15.00804
20260807,603757.SH,165.808005
20260807,603823.SH,136.15599
20260807,603838.SH,17.930999999999997
20260807,603986.SH,2358.876505
20260807,603989.SH,69.070236
20260807,605111.SH,224.407347
20260807,605179.SH,23.415568
20260807,688002.SH,173.0157
20260807,688011.SH,81.63690000000001
20260807,688012.SH,551.364705
20260807,688017.SH,492.045624
20260807,688037.SH,674.0594209999999
20260807,688046.SH,34.605759
20260807,688072.SH,1518.946545
20260807,688082.SH,293.328
20260807,688120.SH,1209.68636
20260807,688131.SH,264.47715
20260807,688137.SH,47.953408
20260807,688141.SH,137.51
20260807,688143.SH,147.908388
20260807,688146.SH,321.846
20260807,688147.SH,105.205056
20260807,688200.SH,1363.554554
20260807,688202.SH,187.9176
20260807,688222.SH,34.578027
20260807,688233.SH,118.56592
20260807,688237.SH,63.48841
20260807,688249.SH,41.15884500000001
20260807,688260.SH,106.731
20260807,688296.SH,19.6758
20260807,688300.SH,449.9422
20260807,688328.SH,78.98148
20260807,688347.SH,269.36316
20260807,688359.SH,105.0184
20260807,688361.SH,352.01789999999994
20260807,688362.SH,69.16687999999999
20260807,688371.SH,28.617154
20260807,688403.SH,25.856
20260807,688409.SH,294.086142
20260807,688432.SH,39.428304
20260807,688485.SH,62.854972
20260807,688498.SH,2765.62665
20260807,688507.SH,387.904608
20260807,688519.SH,313.53256500000003
20260807,688530.SH,61.93161
20260807,688535.SH,154.97524
20260807,688545.SH,86.59985
20260807,688548.SH,38.480988
20260807,688549.SH,28.79877
20260807,688584.SH,29.866788
20260807,688596.SH,68.08476200000001
20260807,688627.SH,466.5781
20260807,688630.SH,437.280459
20260807,688652.SH,150.368724
20260807,688662.SH,122.6275
20260807,688669.SH,93.6026
20260807,688689.SH,43.045014
20260807,688702.SH,402.0
20260807,688710.SH,91.442727
20260807,688758.SH,29.169892999999995
20260807,688766.SH,1625.849352
20260807,920438.BJ,128.04143
20260807,920699.BJ,105.516329
20260807,920725.BJ,168.96180600000002
20260810,000017.SZ,16.9029
20260810,000048.SZ,222.977772
20260810,000300.SH,4702.0247
20260810,000571.SZ,54.20456
20260810,000608.SZ,85.44
20260810,000636.SZ,1111.3465700000002
20260810,000691.SZ,39.55129899999999
20260810,000703.SZ,180.420138
20260810,000725.SZ,32.254818
20260810,000739.SZ,319.68285000000003
20260810,000811.SZ,901.799424
20260810,000938.SZ,269.310384
20260810,001229.SZ,60.71605
20260810,001258.SZ,14.847792000000002
20260810,001331.SZ,200.236608
20260810,002084.SZ,11.98092
20260810,002141.SZ,54.15648
20260810,002156.SZ,178.224
20260810,002167.SZ,142.32649
20260810,002185.SZ,191.280684
20260810,002303.SZ,71.215024
20260810,002317.SZ,320.33118
20260810,002346.SZ,51.569833
20260810,002371.SZ,4912.032
20260810,002396.SZ,132.894762
20260810,002409.SZ,506.905172
20260810,002412.SZ,58.527135
20260810,002415.SZ,912.221856
20260810,002422.SZ,340.296684
20260810,002440.SZ,83.135393
20260810,002484.SZ,329.789735
20260810,002528.SZ,29.77128
20260810,002552.SZ,168.03894799999998
20260810,002636.SZ,182.496384
20260810,002674.SZ,42.145704
20260810,002747.SZ,215.15619
20260810,002768.SZ,281.89982
20260810,002774.SZ,22.1799
20260810,002821.SZ,534.3184
20260810,002832.SZ,155.804603
20260810,002860.SZ,63.5136
20260810,002971.SZ,59.455886
20260810,003004.SZ,68.894
20260810,003032.SZ,12.090149999999998
20260810,003036.SZ,59.79321999999999
20260810,300083.SZ,119.9111
20260810,300192.SZ,69.492204
20260810,300209.SZ,151.790221
20260810,300214.SZ,42.858802
20260810,300234.SZ,56.129760000000005
20260810,300285.SZ,967.05366
20260810,300313.SZ,17.128149999999998
20260810,300404.SZ,53.627742000000005
20260810,300408.SZ,565.5679200000001
20260810,300419.SZ,73.67978
20260810,300420.SZ,76.65075
20260810,300483.SZ,42.93184
20260810,300489.SZ,713.37
20260810,300506.SZ,32.82101900000001
20260810,300534.SZ,56.545504
20260810,300540.SZ,72.46064399999999
20260810,300566.SZ,87.092733
20260810,300567.SZ,735.02354
20260810,300604.SZ,2010.625552
20260810,300666.SZ,267.25378400000005
20260810,300671.SZ,115.2747
20260810,300677.SZ,289.98144
20260810,300684.SZ,176.74695
20260810,300716.SZ,27.57573
20260810,300721.SZ,46.608742
20260810,300759.SZ,110.388816
20260810,300835.SZ,261.12486099999995
20260810,300843.SZ,124.039475
20260810,300862.SZ,32.492845
20260810,300903.SZ,126.6638
20260810,300907.SZ,44.35359
20260810,300929.SZ,23.164208
20260810,300951.SZ,158.36576900000003
20260810,300985.SZ,48.54313
20260810,301008.SZ,67.93271
20260810,301013.SZ,71.09155200000001
20260810,301045.SZ,66.92575
20260810,301047.SZ,253.3503
20260810,301072.SZ,35.28357
20260810,301080.SZ,177.21039
20260810,301092.SZ,46.84372
20260810,301108.SZ,56.66801
20260810,301122.SZ,43.453392
20260810,301165.SZ,248.65392000000003
20260810,301217.SZ,124.087344
20260810,301218.SZ,73.3611
20260810,301234.SZ,96.94395
20260810,301273.SZ,53.982788000000006
20260810,301282.SZ,34.743012
20260810,301307.SZ,54.17095200000001
20260810,301310.SZ,107.069196
20260810,301319.SZ,370.40416
20260810,301321.SZ,57.8348
20260810,301345.SZ,286.34445
20260810,301365.SZ,65.070668
20260810,301377.SZ,455.166725
20260810,301379.SZ,64.354016
20260810,301511.SZ,124.65011
20260810,301520.SZ,84.376544
20260810,301526.SZ,38.485952
20260810,301536.SZ,122.80384
20260810,301580.SZ,111.49538400000002
20260810,301588.SZ,33.313644
20260810,600127.SH,32.0481
20260810,600160.SH,506.383086
20260810,600162.SH,38.493390000000005
20260810,600172.SH,115.59765
20260810,600183.SH,1916.686383
20260810,600206.SH,226.403342
20260810,600227.SH,21.1025
20260810,600228.SH,17.89425
20260810,600246.SH,154.5412
20260810,600272.SH,18.568124
20260810,600353.SH,293.13648
20260810,600367.SH,146.51053000000002
20260810,600378.SH,190.744629
20260810,600397.SH,71.29165
20260810,600428.SH,85.61352
20260810,600584.SH,384.732296
20260810,600613.SH,157.308381
20260810,600664.SH,75.25264
20260810,600667.SH,104.701618
20260810,600671.SH,70.9373
20260810,600721.SH,16.908651000000003
20260810,600722.SH,73.76784
20260810,600815.SH,22.97765
20260810,600857.SH,103.43917
20260810,600909.SH,10.697992
20260810,600988.SH,242.933269
20260810,601101.SH,65.237419
20260810,601168.SH,60.979425000000006
20260810,601233.SH,78.88275999999999
20260810,601678.SH,34.19286
20260810,601700.SH,44.841888
20260810,601872.SH,32.164056
20260810,601886.SH,28.10808
20260810,601918.SH,17.28492
20260810,603012.SH,18.546969
20260810,603065.SH,18.7937
20260810,603078.SH,195.760488
20260810,603118.SH,37.663008
20260810,603127.SH,414.40608
20260810,603129.SH,338.691936
20260810,603137.SH,39.37045
20260810,603156.SH,200.970912
20260810,603162.SH,42.607336
20260810,603186.SH,161.3176
20260810,603221.SH,28.716870000000004
20260810,603259.SH,417.160704
20260810,603261.SH,49.7425
20260810,603268.SH,261.32876
20260810,603330.SH,42.237555
20260810,603580.SH,121.860101
20260810,603608.SH,30.286
20260810,603663.SH,165.01422599999998
20260810,603678.SH,138.199356
20260810,603679.SH,32.26872
20260810,603682.SH,15.40719
20260810,603757.SH,159.91635
20260810,603823.SH,141.27991799999998
20260810,603838.SH,19.28625
20260810,603986.SH,2279.577983
20260810,603989.SH,68.101078
20260810,605111.SH,219.095232
20260810,605179.SH,25.753024
20260810,688002.SH,171.9575
20260810,688011.SH,85.90234
20260810,688012.SH,584.868003
20260810,688017.SH,472.420961
20260810,688037.SH,698.72292
20260810,688046.SH,38.844471
20260810,688072.SH,1601.0904
20260810,688082.SH,328.99587
20260810,688120.SH,1229.4201559999997
20260810,688131.SH,273.516951
20260810,688137.SH,56.34936
20260810,688141.SH,141.31
20260810,688143.SH,135.67159999999998
20260810,688146.SH,331.31805
20260810,688147.SH,111.076592
20260810,688200.SH,1409.05422
20260810,688202.SH,203.7256
20260810,688222.SH,37.096686000000005
20260810,688233.SH,121.699776
20260810,688237.SH,61.852004
20260810,688249.SH,40.384918000000006
20260810,688260.SH,115.28354999999998
20260810,688296.SH,20.4306
20260810,688300.SH,439.85780000000005
20260810,688328.SH,80.541608
20260810,688347.SH,265.056
20260810,688359.SH,103.5626
20260810,688361.SH,363.501105
20260810,688362.SH,68.30429999999998
20260810,688371.SH,27.916244000000003
20260810,688403.SH,25.047040000000003
20260810,688409.SH,315.882
20260810,688432.SH,42.274272
20260810,688485.SH,63.587500000000006
20260810,688498.SH,2887.2285299999994
20260810,688507.SH,373.879492
20260810,688519.SH,314.019626
20260810,688530.SH,62.8875
20260810,688535.SH,155.035076
20260810,688545.SH,91.18752
20260810,688548.SH,38.480988
20260810,688549.SH,29.19917
20260810,688584.SH,30.021378
20260810,688596.SH,72.74895000000001
20260810,688627.SH,468.6023
20260810,688630.SH,440.67023
20260810,688652.SH,161.40707999999998
20260810,688662.SH,113.007
20260810,688669.SH,95.137952
20260810,688689.SH,42.652925
20260810,688702.SH,403.96
20260810,688710.SH,89.748783
20260810,688758.SH,29.854585
20260810,688766.SH,1546.8348
20260810,920438.BJ,118.296684
20260810,920699.BJ,121.96024
20260810,920725.BJ,163.961278
20260811,000017.SZ,16.58094
20260811,000048.SZ,223.691464
20260811,000300.SH,4663.7887
20260811,000571.SZ,56.18394
20260811,000608.SZ,85.44
20260811,000636.SZ,1186.096785
20260811,000691.SZ,39.748464
20260811,000703.SZ,173.67174999999995
20260811,000725.SZ,32.364342
20260811,000739.SZ,307.99552
20260811,000811.SZ,882.0566399999999
20260811,000938.SZ,267.592752
20260811,001229.SZ,60.12225
20260811,001258.SZ,16.334622
20260811,001331.SZ,194.695776
20260811,002084.SZ,11.4104
20260811,002141.SZ,55.44592
20260811,002156.SZ,175.0092
20260811,002167.SZ,139.65443
20260811,002185.SZ,189.903802
20260811,002303.SZ,69.262144
20260811,002317.SZ,327.82633000000004
20260811,002346.SZ,51.520175
20260811,002371.SZ,4822.19352
20260811,002396.SZ,132.54073
20260811,002409.SZ,490.741937
20260811,002412.SZ,58.205115
20260811,002415.SZ,886.1514129999999
20260811,002422.SZ,340.370008
20260811,002440.SZ,78.040578
20260811,002484.SZ,327.2456
20260811,002528.SZ,29.83572
20260811,002552.SZ,175.259873
20260811,002636.SZ,185.8304
20260811,002674.SZ,39.918492
20260811,002747.SZ,224.41356
20260811,002768.SZ,279.99702
20260811,002774.SZ,21.110046
20260811,002821.SZ,533.225476
20260811,002832.SZ,157.84912500000002
20260811,002860.SZ,63.9744
20260811,002971.SZ,60.2865
20260811,003004.SZ,70.98671999999999
20260811,003032.SZ,11.798699999999998
20260811,003036.SZ,57.74255
20260811,300083.SZ,115.4669
20260811,300192.SZ,71.713416
20260811,300209.SZ,138.070188
20260811,300214.SZ,44.323769
20260811,300234.SZ,56.865888
20260811,300285.SZ,926.01328
20260811,300313.SZ,16.94572
20260811,300404.SZ,56.301966
20260811,300408.SZ,579.6068400000001
20260811,300419.SZ,70.37265000000001
20260811,300420.SZ,74.76975
20260811,300483.SZ,45.10744
20260811,300489.SZ,668.2199999999999
20260811,300506.SZ,33.912912000000006
20260811,300534.SZ,55.90456
20260811,300540.SZ,70.485603
20260811,300566.SZ,82.245672
20260811,300567.SZ,693.9775000000001
20260811,300604.SZ,1961.490576
20260811,300666.SZ,259.399987
20260811,300671.SZ,114.1737
20260811,300677.SZ,298.75104
20260811,300684.SZ,174.322016
20260811,300716.SZ,27.19548
20260811,300721.SZ,45.803789
20260811,300759.SZ,111.703248
20260811,300835.SZ,268.940747
20260811,300843.SZ,126.738875
20260811,300862.SZ,38.988565
20260811,300903.SZ,136.293
20260811,300907.SZ,44.75829600000001
20260811,300929.SZ,22.806334
20260811,300951.SZ,161.70902
20260811,300985.SZ,49.1576
20260811,301008.SZ,75.293565
20260811,301013.SZ,70.15454600000001
20260811,301045.SZ,66.956056
20260811,301047.SZ,265.3254
20260811,301072.SZ,36.217104
20260811,301080.SZ,187.70161
20260811,301092.SZ,47.266758
20260811,301108.SZ,55.73220800000001
20260811,301122.SZ,43.863072
20260811,301165.SZ,261.98932
20260811,301217.SZ,124.087344
20260811,301218.SZ,70.18464
20260811,301234.SZ,92.1015
20260811,301273.SZ,55.721410000000006
20260811,301282.SZ,34.62662
20260811,301307.SZ,52.58242
20260811,301310.SZ,106.009722
20260811,301319.SZ,362.25266
20260811,301321.SZ,55.730340000000005
20260811,301345.SZ,280.1351
20260811,301365.SZ,64.342512
20260811,301377.SZ,446.384905
20260811,301379.SZ,63.807424
20260811,301511.SZ,120.799588
20260811,301520.SZ,101.248976
20260811,301526.SZ,39.768144
20260811,301536.SZ,127.035321
20260811,301580.SZ,106.35744
20260811,301588.SZ,32.510293
20260811,600127.SH,31.28505
20260811,600160.SH,483.043242
20260811,600162.SH,42.342729000000006
20260811,600172.SH,115.3173
20260811,600183.SH,1871.45607
20260811,600206.SH,229.10121
20260811,600227.SH,20.585
20260811,600228.SH,17.87256
20260811,600246.SH,154.29194
20260811,600272.SH,20.42884
20260811,600353.SH,315.68544
20260811,600367.SH,149.387625
20260811,600378.SH,186.252384
20260811,600397.SH,67.9044
20260811,600428.SH,83.99678399999999
20260811,600584.SH,380.567466
20260811,600613.SH,156.702183
20260811,600664.SH,82.75788999999999
20260811,600667.SH,115.18808
20260811,600671.SH,70.2835
20260811,600721.SH,18.600975
20260811,600722.SH,71.46996000000001
20260811,600815.SH,22.914
20260811,600857.SH,104.42874
20260811,600909.SH,10.64606
20260811,600988.SH,223.87859
20260811,601101.SH,60.852529
20260811,601168.SH,56.325165000000005
20260811,601233.SH,77.233981
20260811,601678.SH,32.720220000000005
20260811,601700.SH,43.70184
20260811,601872.SH,29.156416000000004
20260811,601886.SH,29.436264
20260811,601918.SH,16.929054
20260811,603012.SH,20.394822
20260811,603065.SH,18.010188
20260811,603078.SH,192.629184
20260811,603118.SH,37.688664
20260811,603127.SH,401.84832000000006
20260811,603129.SH,332.605376
20260811,603137.SH,43.31035
20260811,603156.SH,196.823517
20260811,603162.SH,39.952778
20260811,603186.SH,157.0724
20260811,603259.SH,414.238976
20260811,603261.SH,49.4193
20260811,603268.SH,247.0545
20260811,603330.SH,42.662587
20260811,603580.SH,117.064728
20260811,603608.SH,31.25834
20260811,603663.SH,164.04093
20260811,603678.SH,135.4107
20260811,603679.SH,32.36938
20260811,603682.SH,15.6999
20260811,603757.SH,156.85575
20260811,603823.SH,155.412042
20260811,603838.SH,19.5156
20260811,603986.SH,2275.3924690000003
20260811,603989.SH,68.833856
20260811,605111.SH,221.53487
20260811,605179.SH,28.326276
20260811,688002.SH,169.668125
20260811,688011.SH,84.60459999999999
20260811,688012.SH,544.54107
20260811,688017.SH,516.4385
20260811,688037.SH,683.43429
20260811,688046.SH,41.057328
20260811,688072.SH,1539.51
20260811,688082.SH,317.721075
20260811,688120.SH,1251.8131159999998
20260811,688131.SH,265.8765
20260811,688137.SH,57.9916
20260811,688141.SH,140.0
20260811,688143.SH,137.462992
20260811,688146.SH,316.865535
20260811,688147.SH,111.44859
20260811,688200.SH,1389.6926600000002
20260811,688202.SH,204.9112
20260811,688222.SH,38.320326
20260811,688233.SH,116.514112
20260811,688237.SH,60.98201600000001
20260811,688249.SH,39.90247000000001
20260811,688260.SH,122.71049999999998
20260811,688296.SH,21.5424
20260811,688300.SH,425.50236000000007
20260811,688328.SH,79.043064
20260811,688347.SH,263.55
20260811,688359.SH,104.6168
20260811,688361.SH,349.31007
20260811,688362.SH,68.30429999999998
20260811,688371.SH,28.637180000000004
20260811,688403.SH,24.87296
20260811,688409.SH,311.188896
20260811,688432.SH,40.71456
20260811,688485.SH,65.62230000000001
20260811,688498.SH,2756.4453
20260811,688507.SH,381.666376
20260811,688519.SH,295.3455
20260811,688530.SH,60.372
20260811,688535.SH,151.83385
20260811,688545.SH,87.30720000000001
20260811,688548.SH,37.980306000000006
20260811,688549.SH,28.21819
20260811,688584.SH,29.650362
20260811,688596.SH,72.21236200000001
20260811,688627.SH,450.18208
20260811,688630.SH,425.0015
20260811,688652.SH,153.291528
20260811,688662.SH,111.8417
20260811,688669.SH,90.047048
20260811,688689.SH,42.504567
20260811,688702.SH,393.6
20260811,688710.SH,94.628955
20260811,688758.SH,28.334166
20260811,688766.SH,1588.1388
20260811,920438.BJ,118.131868
20260811,920699.BJ,117.534741
20260811,920725.BJ,159.04696600000003
20260812,000017.SZ,16.554109999999998
20260812,000048.SZ,246.019828
20260812,000300.SH,4690.9165
20260812,000571.SZ,50.93097000000001
20260812,000608.SZ,86.77499999999999
20260812,000636.SZ,1197.984771
20260812,000691.SZ,41.996145
20260812,000703.SZ,170.19831499999998
20260812,000725.SZ,32.473866
20260812,000739.SZ,307.170532
20260812,000811.SZ,896.2799359999999
20260812,000938.SZ,264.8016
20260812,001229.SZ,61.42861
20260812,001258.SZ,15.852684000000002
20260812,001331.SZ,198.6336
20260812,002084.SZ,11.51108
20260812,002141.SZ,56.25182
20260812,002156.SZ,177.2652
20260812,002167.SZ,137.68968
20260812,002185.SZ,193.82262
20260812,002303.SZ,68.611184
20260812,002317.SZ,322.29145
20260812,002346.SZ,53.233376
20260812,002371.SZ,4912.032
20260812,002396.SZ,130.283776
20260812,002409.SZ,506.741907
20260812,002412.SZ,58.76865
20260812,002415.SZ,888.5879029999999
20260812,002422.SZ,343.962884
20260812,002440.SZ,79.598992
20260812,002484.SZ,325.399855
20260812,002528.SZ,30.15792
20260812,002552.SZ,192.782651
20260812,002636.SZ,187.114816
20260812,002674.SZ,41.231976
20260812,002747.SZ,215.65323
20260812,002768.SZ,288.51205
20260812,002774.SZ,21.227469
20260812,002821.SZ,531.2824999999999
20260812,002832.SZ,157.307928
20260812,002860.SZ,65.28
20260812,002971.SZ,60.59463099999999
20260812,003004.SZ,73.88752
20260812,003032.SZ,12.97455
20260812,003036.SZ,59.620532
20260812,300083.SZ,118.8412
20260812,300192.SZ,77.425104
20260812,300209.SZ,144.31735
20260812,300214.SZ,41.56417999999999
20260812,300234.SZ,56.43648
20260812,300285.SZ,940.244
20260812,300313.SZ,17.18896
20260812,300404.SZ,57.495816
20260812,300408.SZ,570.3366960000001
20260812,300419.SZ,71.5263
20260812,300420.SZ,75.8043
20260812,300483.SZ,41.8803
20260812,300489.SZ,746.4799999999999
20260812,300506.SZ,33.848683
20260812,300534.SZ,56.153816
20260812,300540.SZ,70.485603
20260812,300566.SZ,88.451145
20260812,300567.SZ,702.3988
20260812,300604.SZ,2003.855534
20260812,300666.SZ,269.67426500000005
20260812,300671.SZ,117.2932
20260812,300677.SZ,292.32
20260812,300684.SZ,177.122644
20260812,300716.SZ,26.95212
20260812,300721.SZ,46.549843
20260812,300759.SZ,112.43088
20260812,300835.SZ,270.461485
20260812,300843.SZ,128.252175
20260812,300862.SZ,46.78058000000001
20260812,300903.SZ,145.3249
20260812,300907.SZ,46.223988000000006
20260812,300929.SZ,22.741266
20260812,300951.SZ,169.53365000000002
20260812,300985.SZ,50.75808000000001
20260812,301008.SZ,79.24891600000001
20260812,301013.SZ,68.90016700000001
20260812,301045.SZ,69.542168
20260812,301047.SZ,259.349
20260812,301072.SZ,35.93604
20260812,301080.SZ,187.47354
20260812,301092.SZ,47.968382000000005
20260812,301108.SZ,56.43034600000001
20260812,301122.SZ,45.28329599999999
20260812,301165.SZ,258.973468
20260812,301217.SZ,123.595056
20260812,301218.SZ,71.077074
20260812,301234.SZ,92.3969
20260812,301273.SZ,56.049183
20260812,301282.SZ,38.482105
20260812,301307.SZ,53.788900000000005
20260812,301310.SZ,108.689568
20260812,301319.SZ,370.599796
20260812,301321.SZ,56.06342
20260812,301345.SZ,275.80504
20260812,301365.SZ,64.441806
20260812,301377.SZ,467.777585
20260812,301379.SZ,65.01568
20260812,301511.SZ,126.280258
20260812,301520.SZ,106.29776
20260812,301526.SZ,39.122
20260812,301536.SZ,125.641659
20260812,301580.SZ,106.397424
20260812,301588.SZ,32.611982999999995
20260812,600127.SH,31.13244
20260812,600160.SH,471.37332
20260812,600162.SH,46.586872
20260812,600172.SH,116.53215000000002
20260812,600183.SH,1981.143037
20260812,600206.SH,230.40663
20260812,600227.SH,21.045
20260812,600228.SH,18.06777
20260812,600246.SH,155.91213
20260812,600272.SH,22.471724
20260812,600353.SH,312.356784
20260812,600367.SH,148.10399800000002
20260812,600378.SH,187.11177
20260812,600397.SH,74.67889999999998
20260812,600428.SH,88.62652800000001
20260812,600584.SH,383.066364
20260812,600613.SH,160.64247
20260812,600664.SH,88.16167
20260812,600667.SH,123.392514
20260812,600671.SH,70.47964
20260812,600721.SH,20.468367
20260812,600722.SH,69.87912
20260812,600815.SH,23.4232
20260812,600857.SH,114.84833
20260812,600909.SH,10.840805
20260812,600988.SH,227.656194
20260812,601101.SH,61.534623
20260812,601168.SH,55.10414
20260812,601233.SH,75.42355699999999
20260812,601678.SH,32.904300000000006
20260812,601700.SH,48.072024
20260812,601872.SH,30.111784
20260812,601886.SH,32.370624
20260812,601918.SH,16.759594000000003
20260812,603012.SH,20.463261
20260812,603065.SH,17.89372
20260812,603078.SH,194.842692
20260812,603118.SH,37.226856
20260812,603127.SH,401.45589
20260812,603129.SH,316.6128
20260812,603137.SH,44.538
20260812,603156.SH,199.114459
20260812,603162.SH,38.205474
20260812,603186.SH,165.03214999999997
20260812,603259.SH,411.213824
20260812,603261.SH,52.6715
20260812,603268.SH,243.78896
20260812,603330.SH,46.912907
20260812,603580.SH,115.973935
20260812,603608.SH,31.29022
20260812,603663.SH,167.528574
20260812,603678.SH,132.514788
20260812,603679.SH,30.917
20260812,603682.SH,16.378455000000002
20260812,603757.SH,157.36585
20260812,603823.SH,160.53597000000002
20260812,603838.SH,19.99515
20260812,603986.SH,2336.9308370000003
20260812,603989.SH,69.779376
20260812,605111.SH,225.784562
20260812,605179.SH,31.155828
20260812,688002.SH,170.59405
20260812,688011.SH,83.86016
20260812,688012.SH,571.310715
20260812,688017.SH,502.27535100000006
20260812,688037.SH,735.1554
20260812,688046.SH,40.10154
20260812,688072.SH,1546.173879
20260812,688082.SH,319.91085000000004
20260812,688120.SH,1275.1391159999998
20260812,688131.SH,263.35767
20260812,688137.SH,54.737912
20260812,688141.SH,136.9
20260812,688143.SH,155.416428
20260812,688146.SH,313.035975
20260812,688147.SH,113.27841800000002
20260812,688200.SH,1369.129348
20260812,688202.SH,209.456
20260812,688222.SH,38.64663
20260812,688233.SH,120.005248
20260812,688237.SH,59.159184
20260812,688249.SH,40.415071000000005
20260812,688260.SH,128.90129999999996
20260812,688296.SH,22.1544
20260812,688300.SH,489.39
20260812,688328.SH,83.938992
20260812,688347.SH,274.2928
20260812,688359.SH,104.79752
20260812,688361.SH,349.05934499999995
20260812,688362.SH,68.86598
20260812,688371.SH,32.24186
20260812,688403.SH,25.16992
20260812,688409.SH,326.546778
20260812,688432.SH,41.22096
20260812,688485.SH,67.15857400000002
20260812,688498.SH,2915.5887
20260812,688507.SH,389.191516
20260812,688519.SH,308.060901
20260812,688530.SH,66.20796
20260812,688535.SH,156.590812
20260812,688545.SH,89.75260999999999
20260812,688548.SH,39.012324
20260812,688549.SH,28.84882
20260812,688584.SH,30.14505
20260812,688596.SH,77.753665
20260812,688627.SH,463.815067
20260812,688630.SH,435.75455
20260812,688652.SH,156.816972
20260812,688662.SH,115.1479
20260812,688669.SH,91.98644
20260812,688689.SH,43.521879000000006
20260812,688702.SH,384.9
20260812,688710.SH,93.156837
20260812,688758.SH,28.203269
20260812,688766.SH,1629.85584
20260812,920438.BJ,118.317286
20260812,920699.BJ,124.417206
20260812,920725.BJ,159.413384
20260813,000017.SZ,16.07117
20260813,000048.SZ,243.16506000000004
20260813,000300.SH,4663.9513
20260813,000571.SZ,48.64707
20260813,000608.SZ,84.99499999999999
20260813,000636.SZ,1117.110442
20260813,000691.SZ,42.035578
20260813,000703.SZ,167.02260299999998
20260813,000725.SZ,32.090532
20260813,000739.SZ,313.632938
20260813,000811.SZ,868.045632
20260813,000938.SZ,283.40928
20260813,001229.SZ,61.72550999999999
20260813,001258.SZ,15.657858
20260813,001331.SZ,192.18672
20260813,002084.SZ,11.34328
20260813,002141.SZ,53.59235
20260813,002156.SZ,175.4604
20260813,002167.SZ,133.603
20260813,002185.SZ,189.374232
20260813,002303.SZ,68.480992
20260813,002317.SZ,334.399
20260813,002346.SZ,53.655469
20260813,002371.SZ,4773.71952
20260813,002396.SZ,143.294452
20260813,002409.SZ,488.16235
20260813,002412.SZ,59.09067
20260813,002415.SZ,868.8523339999998
20260813,002422.SZ,339.49012
20260813,002440.SZ,75.463201
20260813,002484.SZ,332.28398500000003
20260813,002528.SZ,30.86676
20260813,002552.SZ,188.257538
20260813,002636.SZ,179.217024
20260813,002674.SZ,40.632342
20260813,002747.SZ,215.40471
20260813,002768.SZ,285.37243
20260813,002774.SZ,20.809965
20260813,002821.SZ,527.669779
20260813,002832.SZ,157.18766200000002
20260813,002860.SZ,63.7824
20260813,002971.SZ,59.83100199999999
20260813,003004.SZ,75.11
20260813,003032.SZ,11.6781
20260813,003036.SZ,59.41546499999999
20260813,300083.SZ,115.0554
20260813,300192.SZ,77.636648
20260813,300209.SZ,139.770365
20260813,300214.SZ,41.56417999999999
20260813,300234.SZ,60.239808
20260813,300285.SZ,897.8059599999999
20260813,300313.SZ,17.79706
20260813,300404.SZ,69.00453
20260813,300408.SZ,572.2531200000001
20260813,300419.SZ,70.7572
20260813,300420.SZ,73.1709
20260813,300483.SZ,41.73526
20260813,300489.SZ,730.3163
20260813,300506.SZ,32.564103
20260813,300534.SZ,67.37033600000001
20260813,300540.SZ,68.80788
20260813,300566.SZ,83.04836999999999
20260813,300567.SZ,699.4045600000001
20260813,300604.SZ,1966.027186
20260813,300666.SZ,256.366726
20260813,300671.SZ,114.6875
20260813,300677.SZ,289.806048
20260813,300684.SZ,191.706402
20260813,300716.SZ,26.23725
20260813,300721.SZ,45.332597
20260813,300759.SZ,116.89056
20260813,300835.SZ,274.0865
20260813,300843.SZ,125.5221
20260813,300862.SZ,56.139545
20260813,300903.SZ,140.09400000000002
20260813,300907.SZ,53.180556
20260813,300929.SZ,22.806334
20260813,300951.SZ,167.37594900000002
20260813,300985.SZ,50.80095
20260813,301008.SZ,73.094177
20260813,301013.SZ,65.862454
20260813,301045.SZ,67.794522
20260813,301047.SZ,267.6
20260813,301072.SZ,35.775432
20260813,301080.SZ,201.180547
20260813,301092.SZ,47.039762
20260813,301108.SZ,54.66272
20260813,301122.SZ,48.151056
20260813,301165.SZ,293.99428000000006
20260813,301217.SZ,122.282288
20260813,301218.SZ,71.54598
20260813,301234.SZ,95.6041
20260813,301273.SZ,58.97063800000001
20260813,301282.SZ,40.679004000000006
20260813,301307.SZ,52.68296
20260813,301310.SZ,106.25901
20260813,301319.SZ,358.01388000000003
20260813,301321.SZ,54.322320000000005
20260813,301345.SZ,281.26707
20260813,301365.SZ,63.581258000000005
20260813,301377.SZ,463.0225
20260813,301379.SZ,63.749888
20260813,301511.SZ,126.33647
20260813,301520.SZ,127.557312
20260813,301526.SZ,36.789824
20260813,301536.SZ,123.51077
20260813,301580.SZ,105.15792
20260813,301588.SZ,31.991674
20260813,600127.SH,31.08157
20260813,600160.SH,472.746252
20260813,600162.SH,45.10635700000001
20260813,600172.SH,112.8876
20260813,600183.SH,1960.533506
20260813,600206.SH,218.483794
20260813,600227.SH,20.125
20260813,600228.SH,17.7858
20260813,600246.SH,156.16138999999998
20260813,600272.SH,20.8192
20260813,600353.SH,302.90769600000004
20260813,600367.SH,146.112163
20260813,600378.SH,190.783692
20260813,600397.SH,69.7375
20260813,600428.SH,87.08327999999999
20260813,600584.SH,381.302436
20260813,600613.SH,176.706717
20260813,600664.SH,88.66202
20260813,600667.SH,129.206252
20260813,600671.SH,73.42174
20260813,600721.SH,21.15405
20260813,600722.SH,73.76784
20260813,600815.SH,23.041300000000003
20260813,600857.SH,116.07074
20260813,600909.SH,10.710975
20260813,600988.SH,214.767898
20260813,601101.SH,61.24229699999999
20260813,601168.SH,52.14495
20260813,601233.SH,73.289843
20260813,601678.SH,32.76624
20260813,601700.SH,44.96856
20260813,601872.SH,30.306396
20260813,601886.SH,35.613864
20260813,601918.SH,16.895162000000003
20260813,603012.SH,20.828269
20260813,603065.SH,16.951388
20260813,603078.SH,196.732272
20260813,603118.SH,40.946976
20260813,603127.SH,407.34234
20260813,603129.SH,314.368032
20260813,603137.SH,41.36895
20260813,603156.SH,197.10001
20260813,603162.SH,37.903056
20260813,603186.SH,161.65721599999998
20260813,603259.SH,419.720448
20260813,603261.SH,57.9437
20260813,603268.SH,247.06876
20260813,603330.SH,51.588259
20260813,603580.SH,110.499389
20260813,603608.SH,30.556980000000003
20260813,603663.SH,161.64824399999998
20260813,603678.SH,135.81291
20260813,603679.SH,32.09616
20260813,603682.SH,17.50938
20260813,603757.SH,148.770665
20260813,603823.SH,157.02360000000002
20260813,603838.SH,19.4739
20260813,603986.SH,2287.8924500000003
20260813,603989.SH,70.890362
20260813,605111.SH,230.270348
20260813,605179.SH,34.272436
20260813,688002.SH,169.159375
20260813,688011.SH,82.05941999999999
20260813,688012.SH,555.518874
20260813,688017.SH,489.5554
20260813,688037.SH,715.5729420000001
20260813,688046.SH,42.542955
20260813,688072.SH,1506.762423
20260813,688082.SH,311.2536
20260813,688120.SH,1226.900948
20260813,688131.SH,276.987339
20260813,688137.SH,65.6896
20260813,688141.SH,135.77
20260813,688143.SH,160.527164
20260813,688146.SH,300.956565
20260813,688147.SH,115.90251200000002
20260813,688200.SH,1385.386382
20260813,688202.SH,212.1236
20260813,688222.SH,40.645242
20260813,688233.SH,115.564768
20260813,688237.SH,59.055614000000006
20260813,688249.SH,39.79190900000001
20260813,688260.SH,118.91159999999998
20260813,688296.SH,22.542
20260813,688300.SH,481.14452
20260813,688328.SH,81.03428
20260813,688347.SH,278.09796
20260813,688359.SH,103.29152
20260813,688361.SH,337.1850089999999
20260813,688362.SH,68.29427
20260813,688371.SH,31.500898000000003
20260813,688403.SH,24.59648
20260813,688409.SH,315.00956399999995
20260813,688432.SH,39.87393599999999
20260813,688485.SH,61.125392000000005
20260813,688498.SH,3061.837404
20260813,688507.SH,375.777136
20260813,688519.SH,293.88431699999995
20260813,688530.SH,63.732708
20260813,688535.SH,152.357415
20260813,688545.SH,85.99354999999998
20260813,688548.SH,37.2957
20260813,688549.SH,27.427399999999995
20260813,688584.SH,29.234007
20260813,688596.SH,74.152334
20260813,688627.SH,488.398976
20260813,688630.SH,429.0979
20260813,688652.SH,152.096292
20260813,688662.SH,111.11
20260813,688669.SH,94.424148
20260813,688689.SH,42.165463
20260813,688702.SH,401.0
20260813,688710.SH,95.99016
20260813,688758.SH,30.388242
20260813,688766.SH,1583.5953599999998
20260813,920438.BJ,118.35849
20260813,920699.BJ,125.06845
20260813,920725.BJ,153.20583200000002
20260814,000017.SZ,16.098
20260814,000048.SZ,241.63572
20260814,000300.SH,4665.8812
20260814,000571.SZ,49.10385
20260814,000608.SZ,86.33
20260814,000636.SZ,1129.899033
20260814,000691.SZ,40.61599
20260814,000703.SZ,166.526398
20260814,000725.SZ,31.816722
20260814,000739.SZ,310.05799
20260814,000811.SZ,870.1685120000001
20260814,000938.SZ,285.91416
20260814,001229.SZ,61.57706
20260814,001258.SZ,14.09925
20260814,001331.SZ,179.29296
20260814,002084.SZ,12.04804
20260814,002141.SZ,52.22232
20260814,002156.SZ,177.5472
20260814,002167.SZ,137.13955
20260814,002185.SZ,190.433372
20260814,002303.SZ,67.69984
20260814,002317.SZ,316.52595
20260814,002346.SZ,55.44315699999999
20260814,002371.SZ,4774.107311999999
20260814,002396.SZ,144.577818
20260814,002409.SZ,493.778666
20260814,002412.SZ,58.92966
20260814,002415.SZ,849.847712
20260814,002422.SZ,330.764564
20260814,002440.SZ,74.144543
20260814,002484.SZ,348.147415
20260814,002528.SZ,31.31784
20260814,002552.SZ,194.644045
20260814,002636.SZ,185.256512
20260814,002674.SZ,42.288474
20260814,002747.SZ,215.90175
20260814,002768.SZ,283.70748
20260814,002774.SZ,22.897485
20260814,002821.SZ,519.7460799999999
20260814,002832.SZ,156.826864
20260814,002860.SZ,62.6304
20260814,002971.SZ,60.48745499999999
20260814,003004.SZ,75.23432000000001
20260814,003032.SZ,12.3213
20260814,003036.SZ,60.494765
20260814,300083.SZ,114.8085
20260814,300192.SZ,77.583762
20260814,300209.SZ,153.925327
20260814,300214.SZ,40.678386
20260814,300234.SZ,59.07427200000001
20260814,300285.SZ,901.61776
20260814,300313.SZ,18.12138
20260814,300404.SZ,82.805436
20260814,300408.SZ,575.3283120000001
20260814,300419.SZ,70.7572
20260814,300420.SZ,76.08645
20260814,300483.SZ,41.49957
20260814,300489.SZ,758.52
20260814,300506.SZ,32.82101900000001
20260814,300534.SZ,67.29911999999999
20260814,300540.SZ,70.273233
20260814,300566.SZ,85.51821
20260814,300567.SZ,696.90936
20260814,300604.SZ,1975.51917
20260814,300666.SZ,261.35067000000004
20260814,300671.SZ,117.78865
20260814,300677.SZ,280.91952
20260814,300684.SZ,230.061344
20260814,300716.SZ,26.19162
20260814,300721.SZ,45.705624
20260814,300759.SZ,115.294464
20260814,300835.SZ,294.95244
20260814,300843.SZ,124.387125
20260814,300862.SZ,67.364605
20260814,300903.SZ,144.61900000000003
20260814,300907.SZ,55.26971400000001
20260814,300929.SZ,27.361094
20260814,300951.SZ,179.515981
20260814,300985.SZ,60.08945
20260814,301008.SZ,69.28072200000001
20260814,301013.SZ,70.502145
20260814,301045.SZ,70.10788000000001
20260814,301047.SZ,290.2345
20260814,301072.SZ,39.328884
20260814,301080.SZ,205.741947
20260814,301092.SZ,46.647678000000006
20260814,301108.SZ,55.583668
20260814,301122.SZ,47.850624
20260814,301165.SZ,295.22524000000004
20260814,301217.SZ,126.20008
20260814,301218.SZ,71.96950799999999
20260814,301234.SZ,95.61464999999998
20260814,301273.SZ,57.43153
20260814,301282.SZ,42.643119
20260814,301307.SZ,53.276146
20260814,301310.SZ,107.214614
20260814,301319.SZ,375.360272
20260814,301321.SZ,58.046760000000006
20260814,301345.SZ,279.77243
20260814,301365.SZ,71.839209
20260814,301377.SZ,465.9359
20260814,301379.SZ,67.11574399999999
20260814,301511.SZ,133.53160599999998
20260814,301520.SZ,123.400336
20260814,301526.SZ,37.547024
20260814,301536.SZ,123.520869
20260814,301580.SZ,106.717296
20260814,301588.SZ,32.001842999999994
20260814,600127.SH,29.86069
20260814,600160.SH,466.4536470000001
20260814,600162.SH,46.38947
20260814,600172.SH,115.878
20260814,600183.SH,1980.866399
20260814,600206.SH,220.964092
20260814,600227.SH,19.0325
20260814,600228.SH,18.13284
20260814,600246.SH,156.65991
20260814,600272.SH,22.90112
20260814,600353.SH,333.18772800000005
20260814,600367.SH,148.85646900000003
20260814,600378.SH,190.23681
20260814,600397.SH,71.9691
20260814,600428.SH,86.789328
20260814,600584.SH,385.663258
20260814,600613.SH,194.286459
20260814,600664.SH,89.16237
20260814,600667.SH,124.69653
20260814,600671.SH,70.90461
20260814,600721.SH,20.147409000000003
20260814,600722.SH,66.46176
20260814,600815.SH,25.3327
20260814,600857.SH,118.28272
20260814,600909.SH,10.749924
20260814,600988.SH,220.989834
20260814,601101.SH,62.55776399999999
20260814,601168.SH,53.35161000000001
20260814,601233.SH,73.83943599999999
20260814,601678.SH,32.53614
20260814,601700.SH,41.548416
20260814,601872.SH,30.164860000000004
20260814,601886.SH,36.2934
20260814,601918.SH,16.844324
20260814,603012.SH,21.512659
20260814,603065.SH,16.99374
20260814,603078.SH,195.328584
20260814,603118.SH,45.051936
20260814,603127.SH,402.63318
20260814,603129.SH,318.276832
20260814,603137.SH,37.2292
20260814,603156.SH,204.20983
20260814,603162.SH,38.071066
20260814,603186.SH,177.820815
20260814,603259.SH,411.730944
20260814,603261.SH,56.661
20260814,603268.SH,255.62476
20260814,603330.SH,56.741772
20260814,603580.SH,109.058092
20260814,603608.SH,30.65262
20260814,603663.SH,170.651232
20260814,603678.SH,138.601566
20260814,603679.SH,32.12492
20260814,603682.SH,15.75312
20260814,603757.SH,156.0906
20260814,603823.SH,146.672439
20260814,603838.SH,19.9326
20260814,603986.SH,2361.308628
20260814,603989.SH,77.981762
20260814,605111.SH,229.168576
20260814,605179.SH,32.714132
20260814,688002.SH,168.915175
20260814,688011.SH,81.14395999999999
20260814,688012.SH,562.162545
20260814,688017.SH,495.115957
20260814,688037.SH,730.38448
20260814,688046.SH,42.07545
20260814,688072.SH,1513.55826
20260814,688082.SH,311.0499
20260814,688120.SH,1228.906984
20260814,688131.SH,280.09389600000003
20260814,688137.SH,71.416912
20260814,688141.SH,143.0
20260814,688143.SH,184.408
20260814,688146.SH,306.52775999999994
20260814,688147.SH,122.035452
20260814,688200.SH,1361.9856
20260814,688202.SH,214.90976
20260814,688222.SH,39.401208
20260814,688233.SH,121.597696
20260814,688237.SH,62.359497000000005
20260814,688249.SH,40.29445900000001
20260814,688260.SH,121.80599999999998
20260814,688296.SH,24.4698
20260814,688300.SH,488.35190000000006
20260814,688328.SH,85.109088
20260814,688347.SH,254.25296
20260814,688359.SH,106.6248
20260814,688361.SH,325.27055699999994
20260814,688362.SH,68.19397
20260814,688371.SH,31.54095
20260814,688403.SH,24.75008
20260814,688409.SH,315.20511
20260814,688432.SH,41.5248
20260814,688485.SH,73.35454
20260814,688498.SH,3099.2157
20260814,688507.SH,378.00196000000005
20260814,688519.SH,320.2167
20260814,688530.SH,64.00438199999999
20260814,688535.SH,157.697778
20260814,688545.SH,90.25786
20260814,688548.SH,39.8502
20260814,688549.SH,29.529499999999995
20260814,688584.SH,29.502873
20260814,688596.SH,74.688922
20260814,688627.SH,505.027779
20260814,688630.SH,429.0979
20260814,688652.SH,153.62297999999998
20260814,688662.SH,133.332
20260814,688669.SH,102.141312
20260814,688689.SH,43.20396900000001
20260814,688702.SH,398.6
20260814,688710.SH,96.29265
20260814,688758.SH,29.60286
20260814,688766.SH,1697.5944
20260814,920438.BJ,117.503507
20260814,920699.BJ,141.91198799999998
20260814,920725.BJ,159.02541200000002
20260817,000017.SZ,16.151659999999996
20260817,000048.SZ,246.63156400000005
20260817,000300.SH,4741.0981
20260817,000571.SZ,49.10385
20260817,000608.SZ,84.3275
20260817,000636.SZ,1142.687624
20260817,000691.SZ,40.497691
20260817,000703.SZ,167.320326
20260817,000725.SZ,33.295296
20260817,000739.SZ,305.24556
20260817,000811.SZ,957.206592
20260817,000938.SZ,293.643504
20260817,001229.SZ,67.737735
20260817,001258.SZ,14.765760000000002
20260817,001331.SZ,172.07942400000002
20260817,002141.SZ,54.88179
20260817,002156.SZ,195.3132
20260817,002167.SZ,144.52701000000002
20260817,002185.SZ,201.2366
20260817,002303.SZ,67.43945599999999
20260817,002317.SZ,325.63544
20260817,002346.SZ,60.408957
20260817,002371.SZ,4950.617304
20260817,002396.SZ,150.06531399999997
20260817,002409.SZ,519.2153529999999
20260817,002412.SZ,60.45925499999999
20260817,002415.SZ,854.964341
20260817,002422.SZ,342.349756
20260817,002440.SZ,78.160456
20260817,002484.SZ,348.945575
20260817,002528.SZ,31.31784
20260817,002552.SZ,198.9766
20260817,002636.SZ,195.094592
20260817,002674.SZ,43.002324
20260817,002747.SZ,226.1532
20260817,002768.SZ,305.3994
20260817,002774.SZ,22.31037
20260817,002821.SZ,537.718608
20260817,002832.SZ,158.871386
20260817,002860.SZ,64.5504
20260817,002971.SZ,62.671166
20260817,003004.SZ,77.40992
20260817,003032.SZ,12.572549999999998
20260817,003036.SZ,64.121213
20260817,300083.SZ,114.8908
20260817,300192.SZ,76.737586
20260817,300209.SZ,155.38826999999998
20260817,300214.SZ,44.460045
20260817,300234.SZ,59.50368
20260817,300285.SZ,934.7804199999998
20260817,300313.SZ,21.749710000000004
20260817,300404.SZ,84.04704000000001
20260817,300408.SZ,580.0525200000001
20260817,300419.SZ,70.60338
20260817,300420.SZ,77.96744999999999
20260817,300483.SZ,42.26103
20260817,300489.SZ,777.9345
20260817,300506.SZ,36.225156
20260817,300534.SZ,72.034984
20260817,300540.SZ,72.37569599999999
20260817,300566.SZ,97.24995
20260817,300567.SZ,750.1195
20260817,300604.SZ,2111.757058
20260817,300666.SZ,275.56716600000004
20260817,300671.SZ,120.72465
20260817,300677.SZ,286.298208
20260817,300684.SZ,276.066782
20260817,300716.SZ,26.13078
20260817,300721.SZ,48.630941
20260817,300759.SZ,117.618192
20260817,300835.SZ,295.093904
20260817,300843.SZ,132.29104999999998
20260817,300862.SZ,78.01986500000001
20260817,300903.SZ,152.81830000000002
20260817,300907.SZ,55.89318000000001
20260817,300929.SZ,27.540031
20260817,300951.SZ,178.06961
20260817,300985.SZ,59.7322
20260817,301008.SZ,72.57980400000001
20260817,301013.SZ,70.895083
20260817,301045.SZ,73.31021399999999
20260817,301047.SZ,311.0627
20260817,301072.SZ,39.880974
20260817,301080.SZ,218.673516
20260817,301092.SZ,49.78435
20260817,301108.SZ,56.281806
20260817,301122.SZ,49.584936
20260817,301165.SZ,303.6368
20260817,301217.SZ,135.60483200000002
20260817,301218.SZ,67.55271599999999
20260817,301234.SZ,99.22275
20260817,301273.SZ,62.319623
20260817,301282.SZ,51.16883300000001
20260817,301307.SZ,57.10672
20260817,301310.SZ,117.019942
20260817,301319.SZ,401.673314
20260817,301321.SZ,58.98544
20260817,301345.SZ,297.81801
20260817,301365.SZ,66.212549
20260817,301377.SZ,481.64745
20260817,301379.SZ,70.596672
20260817,301511.SZ,141.9353
20260817,301520.SZ,122.350304
20260817,301526.SZ,38.819120000000005
20260817,301536.SZ,130.953733
20260817,301580.SZ,112.375032
20260817,301588.SZ,32.5408
20260817,600127.SH,32.86202
20260817,600160.SH,467.25452400000006
20260817,600162.SH,43.42844000000001
20260817,600172.SH,127.46580000000002
20260817,600183.SH,1998.571231
20260817,600206.SH,243.069204
20260817,600227.SH,19.6075
20260817,600228.SH,18.32805
20260817,600246.SH,165.50864
20260817,600272.SH,24.761836
20260817,600353.SH,366.47428800000006
20260817,600367.SH,153.813925
20260817,600378.SH,196.408764
20260817,600397.SH,74.39995
20260817,600428.SH,86.862816
20260817,600584.SH,420.64783
20260817,600613.SH,213.684795
20260817,600664.SH,90.16307
20260817,600667.SH,129.64092399999998
20260817,600671.SH,71.19882000000001
20260817,600721.SH,20.453778
20260817,600722.SH,69.76128
20260817,600815.SH,25.90555
20260817,600857.SH,120.61112
20260817,600909.SH,11.087482
20260817,600988.SH,226.545134
20260817,601101.SH,61.82694899999999
20260817,601168.SH,56.51191000000001
20260817,601233.SH,75.811505
20260817,601678.SH,32.12196
20260817,601700.SH,45.728592
20260817,601872.SH,31.650988
20260817,601886.SH,39.3822
20260817,601918.SH,17.013784
20260817,603012.SH,21.033586
20260817,603065.SH,17.427848
20260817,603078.SH,206.23416
20260817,603118.SH,49.567392
20260817,603127.SH,419.743128
20260817,603129.SH,326.1056
20260817,603137.SH,37.42905
20260817,603156.SH,210.727165
20260817,603162.SH,39.851972
20260817,603186.SH,195.608203
20260817,603259.SH,431.510784
20260817,603261.SH,55.0955
20260817,603268.SH,261.3858
20260817,603330.SH,62.426575
20260817,603580.SH,119.96184
20260817,603608.SH,32.2785
20260817,603663.SH,181.114164
20260817,603678.SH,140.424918
20260817,603679.SH,32.88706
20260817,603682.SH,15.979305
20260817,603757.SH,164.45624
20260817,603823.SH,161.34174900000002
20260817,603838.SH,19.95345
20260817,603986.SH,2511.3084000000003
20260817,603989.SH,75.92525599999999
20260817,605111.SH,247.701955
20260817,605179.SH,35.98452
20260817,688002.SH,171.73365
20260817,688011.SH,88.85998
20260817,688012.SH,581.613654
20260817,688017.SH,512.434333
20260817,688037.SH,750.400658
20260817,688046.SH,41.743002
20260817,688072.SH,1581.318693
20260817,688082.SH,324.402435
20260817,688120.SH,1294.313088
20260817,688131.SH,281.045454
20260817,688137.SH,70.236552
20260817,688141.SH,139.81
20260817,688143.SH,202.8488
20260817,688146.SH,315.847035
20260817,688147.SH,130.40037999999998
20260817,688200.SH,1459.12722
20260817,688202.SH,212.14336
20260817,688222.SH,39.146283
20260817,688233.SH,126.517952
20260817,688237.SH,63.291627000000005
20260817,688249.SH,43.82236
20260817,688260.SH,121.04219999999998
20260817,688296.SH,25.8264
20260817,688300.SH,493.75002
20260817,688328.SH,86.309976
20260817,688347.SH,270.99968
20260817,688359.SH,113.63272
20260817,688361.SH,369.76923
20260817,688362.SH,74.13172999999999
20260817,688371.SH,31.94147
20260817,688403.SH,26.5728
20260817,688409.SH,337.21155600000003
20260817,688432.SH,44.178336
20260817,688485.SH,81.51408800000002
20260817,688498.SH,3254.2989029999994
20260817,688507.SH,396.9784
20260817,688519.SH,326.95265
20260817,688530.SH,68.401476
20260817,688535.SH,167.121948
20260817,688545.SH,92.592115
20260817,688548.SH,42.4047
20260817,688549.SH,30.370339999999995
20260817,688584.SH,31.602096
20260817,688596.SH,74.523818
20260817,688627.SH,548.5582
20260817,688630.SH,459.605839
20260817,688652.SH,163.51632
20260817,688662.SH,146.21805
20260817,688669.SH,106.073968
20260817,688689.SH,44.433221
20260817,688702.SH,421.7
20260817,688710.SH,100.870332
20260817,688758.SH,29.40148
20260817,688766.SH,1924.7664
20260817,920438.BJ,127.196748
20260817,920699.BJ,142.104401
20260817,920725.BJ,176.50570600000003
20260818,000017.SZ,16.17849
20260818,000048.SZ,240.718116
20260818,000300.SH,4725.8134
20260818,000571.SZ,47.35286
20260818,000608.SZ,87.33125
20260818,000636.SZ,1122.874314
20260818,000691.SZ,41.680681
20260818,000703.SZ,173.37402699999998
20260818,000725.SZ,35.431014000000005
20260818,000739.SZ,307.858022
20260818,000811.SZ,927.061696
20260818,000938.SZ,280.9044
20260818,001229.SZ,74.507055
20260818,001258.SZ,13.68909
20260818,001331.SZ,174.693024
20260818,002141.SZ,57.86361999999999
20260818,002156.SZ,199.2612
20260818,002167.SZ,141.462
20260818,002185.SZ,198.05918
20260818,002303.SZ,66.788496
20260818,002317.SZ,328.51819
20260818,002346.SZ,64.80369
20260818,002371.SZ,5021.9064
20260818,002396.SZ,144.976104
20260818,002409.SZ,518.725558
20260818,002412.SZ,61.586325
20260818,002415.SZ,857.1571819999999
20260818,002422.SZ,339.196824
20260818,002440.SZ,79.299297
20260818,002484.SZ,336.274785
20260818,002528.SZ,32.73552
20260818,002552.SZ,184.85568
20260818,002636.SZ,187.770688
20260818,002674.SZ,43.616235
20260818,002747.SZ,248.76852
20260818,002768.SZ,316.72106
20260818,002774.SZ,22.153806
20260818,002821.SZ,538.1132749999999
20260818,002832.SZ,158.57072100000002
20260818,002860.SZ,66.0864
20260818,002971.SZ,62.456814
20260818,003004.SZ,77.30632000000001
20260818,003032.SZ,13.205699999999998
20260818,003036.SZ,64.29390099999999
20260818,300083.SZ,115.0554
20260818,300192.SZ,77.21356
20260818,300209.SZ,144.198733
20260818,300214.SZ,43.097285
20260818,300234.SZ,59.50368
20260818,300285.SZ,944.186196
20260818,300313.SZ,26.107760000000003
20260818,300404.SZ,79.46265600000001
20260818,300408.SZ,552.5986320000001
20260818,300419.SZ,70.68029
20260818,300420.SZ,75.89835
20260818,300483.SZ,42.15225
20260818,300489.SZ,750.5133999999999
20260818,300506.SZ,37.25282
20260818,300534.SZ,68.90148
20260818,300540.SZ,71.03776500000001
20260818,300566.SZ,93.020349
20260818,300567.SZ,744.2557800000001
20260818,300604.SZ,2101.008782
20260818,300666.SZ,284.207364
20260818,300671.SZ,118.1373
20260818,300677.SZ,288.344448
20260818,300684.SZ,331.2938
20260818,300716.SZ,25.53759
20260818,300721.SZ,47.335163
20260818,300759.SZ,120.05928
20260818,300835.SZ,303.599427
20260818,300843.SZ,139.3463
20260818,300862.SZ,80.48425
20260818,300903.SZ,152.61919999999998
20260818,300907.SZ,57.490128000000006
20260818,300929.SZ,28.190711
20260818,300951.SZ,178.140743
20260818,300985.SZ,58.87480000000001
20260818,301008.SZ,75.87888600000001
20260818,301013.SZ,73.57008400000001
20260818,301045.SZ,74.057762
20260818,301047.SZ,270.5213
20260818,301072.SZ,43.454502
20260818,301080.SZ,208.570015
20260818,301092.SZ,50.0423
20260818,301108.SZ,56.10355800000001
20260818,301122.SZ,48.028152
20260818,301165.SZ,281.04868400000004
20260818,301217.SZ,127.389776
20260818,301218.SZ,68.74767
20260818,301234.SZ,100.225
20260818,301273.SZ,60.794766
20260818,301282.SZ,56.828394
20260818,301307.SZ,56.332562
20260818,301310.SZ,118.61954
20260818,301319.SZ,423.878
20260818,301321.SZ,60.95364
20260818,301345.SZ,297.48831
20260818,301365.SZ,65.682981
20260818,301377.SZ,490.0755
20260818,301379.SZ,69.90624
20260818,301511.SZ,138.576633
20260818,301520.SZ,106.240224
20260818,301526.SZ,37.688368
20260818,301536.SZ,129.448982
20260818,301580.SZ,109.496184
20260818,301588.SZ,32.998405
20260818,600127.SH,36.16857
20260818,600160.SH,457.644
20260818,600162.SH,42.44143
20260818,600172.SH,133.8204
20260818,600183.SH,1928.305179
20260818,600206.SH,251.162808
20260818,600227.SH,21.5625
20260818,600228.SH,19.13058
20260818,600246.SH,168.87365
20260818,600272.SH,27.234116
20260818,600353.SH,403.089504
20260818,600367.SH,169.217449
20260818,600378.SH,192.814968
20260818,600397.SH,75.0774
20260818,600428.SH,88.846992
20260818,600584.SH,418.540916
20260818,600613.SH,235.204824
20260818,600664.SH,91.26384
20260818,600667.SH,124.9682
20260818,600671.SH,69.56432000000001
20260818,600721.SH,19.69515
20260818,600722.SH,76.71384
20260818,600815.SH,25.3327
20260818,600857.SH,122.76489
20260818,600909.SH,10.801856
20260818,600988.SH,234.489213
20260818,601101.SH,63.48346299999999
20260818,601168.SH,55.95167500000001
20260818,601233.SH,77.330968
20260818,601678.SH,31.5237
20260818,601700.SH,46.298616
20260818,601872.SH,31.810216000000004
20260818,601886.SH,39.320424
20260818,601918.SH,17.403542
20260818,603012.SH,20.873895
20260818,603065.SH,19.174868
20260818,603078.SH,205.802256
20260818,603118.SH,48.772056
20260818,603127.SH,423.03954
20260818,603129.SH,342.846432
20260818,603137.SH,38.214175
20260818,603156.SH,212.10963
20260818,603162.SH,40.893634
20260818,603186.SH,195.49146
20260818,603221.SH,31.557
20260818,603259.SH,432.260608
20260818,603261.SH,53.0553
20260818,603268.SH,263.53906
20260818,603330.SH,59.451351
20260818,603580.SH,131.958024
20260818,603608.SH,32.45384
20260818,603663.SH,186.021198
20260818,603678.SH,142.19464200000002
20260818,603679.SH,32.68574
20260818,603682.SH,15.979305
20260818,603757.SH,163.12998
20260818,603823.SH,177.47799
20260818,603838.SH,20.3496
20260818,603986.SH,2470.2451140000003
20260818,603989.SH,73.230524
20260818,605111.SH,249.86615
20260818,605179.SH,39.582972
20260818,688002.SH,177.89970000000002
20260818,688011.SH,88.8801
20260818,688012.SH,597.375501
20260818,688017.SH,538.7939200000001
20260818,688037.SH,773.1059
20260818,688046.SH,41.556
20260818,688072.SH,1661.4831780000002
20260818,688082.SH,343.6419
20260818,688120.SH,1346.749936
20260818,688131.SH,280.98948
20260818,688137.SH,61.573736
20260818,688141.SH,143.58
20260818,688143.SH,192.04776
20260818,688146.SH,295.65018
20260818,688147.SH,130.360164
20260818,688200.SH,1461.79778
20260818,688202.SH,214.396
20260818,688222.SH,38.401902
20260818,688233.SH,136.99136
20260818,688237.SH,64.66910800000001
20260818,688249.SH,44.08368600000001
20260818,688260.SH,124.5195
20260818,688296.SH,29.274
20260818,688300.SH,474.56000000000006
20260818,688328.SH,87.244
20260818,688347.SH,265.57808
20260818,688359.SH,109.31552
20260818,688361.SH,373.03868399999993
20260818,688362.SH,73.6202
20260818,688371.SH,31.54095
20260818,688403.SH,26.58304
20260818,688409.SH,346.026168
20260818,688432.SH,50.11334399999999
20260818,688485.SH,91.555826
20260818,688498.SH,3292.0240499999995
20260818,688507.SH,410.021976
20260818,688519.SH,322.80745
20260818,688530.SH,69.447924
20260818,688535.SH,166.373998
20260818,688545.SH,95.643825
20260818,688548.SH,41.617914
20260818,688549.SH,29.319289999999995
20260818,688584.SH,32.667219
20260818,688596.SH,73.213305
20260818,688627.SH,572.059162
20260818,688630.SH,482.55592
20260818,688652.SH,163.34557199999998
20260818,688662.SH,143.3048
20260818,688669.SH,109.36016
20260818,688689.SH,45.333966
20260818,688702.SH,435.87
20260818,688710.SH,99.11589
20260818,688758.SH,28.847684999999995
20260818,688766.SH,1928.112024
20260818,920438.BJ,136.31313300000002
20260818,920699.BJ,135.917583
20260818,920725.BJ,176.63503000000003
20260819,000017.SZ,15.74921
20260819,000048.SZ,228.89122
20260819,000300.SH,4588.6955
20260819,000571.SZ,44.1554
20260819,000608.SZ,82.21374999999999
20260819,000636.SZ,1010.658931
20260819,000691.SZ,39.196402
20260819,000703.SZ,189.35182799999995
20260819,000725.SZ,32.911962
20260819,000739.SZ,303.733082
20260819,000811.SZ,835.565568
20260819,000938.SZ,252.849744
20260819,001229.SZ,68.76204
20260819,001258.SZ,12.325308
20260819,001331.SZ,157.234176
20260819,002141.SZ,52.06114
20260819,002156.SZ,179.3238
20260819,002167.SZ,132.65992
20260819,002185.SZ,183.866704
20260819,002303.SZ,60.148704
20260819,002317.SZ,313.98913000000005
20260819,002346.SZ,65.30027
20260819,002371.SZ,4607.93844
20260819,002396.SZ,130.460792
20260819,002409.SZ,466.839941
20260819,002412.SZ,67.78520999999999
20260819,002415.SZ,838.841891
20260819,002422.SZ,329.738028
20260819,002440.SZ,75.403262
20260819,002484.SZ,302.65229500000004
20260819,002528.SZ,32.5422
20260819,002552.SZ,166.402205
20260819,002636.SZ,168.99635200000003
20260819,002674.SZ,40.061262
20260819,002747.SZ,223.91652
20260819,002768.SZ,300.6424
20260819,002774.SZ,21.553644
20260819,002821.SZ,517.894181
20260819,002832.SZ,151.53516
20260819,002860.SZ,63.552
20260819,002971.SZ,58.27694999999999
20260819,003004.SZ,70.64484
20260819,003032.SZ,13.346399999999996
20260819,003036.SZ,58.120305
20260819,300083.SZ,104.7679
20260819,300192.SZ,74.83369
20260819,300209.SZ,128.54128899999998
20260819,300214.SZ,38.702384
20260819,300234.SZ,54.596160000000005
20260819,300285.SZ,815.2601520000001
20260819,300313.SZ,29.29015
20260819,300404.SZ,73.30239
20260819,300408.SZ,488.46528
20260819,300419.SZ,66.52715
20260819,300420.SZ,68.93865
20260819,300483.SZ,41.17323
20260819,300489.SZ,669.8153
20260819,300506.SZ,34.362515
20260819,300534.SZ,65.483112
20260819,300540.SZ,65.558619
20260819,300566.SZ,86.41352699999999
20260819,300567.SZ,668.0898
20260819,300604.SZ,1905.3762
20260819,300666.SZ,257.949741
20260819,300671.SZ,106.1731
20260819,300677.SZ,286.122816
20260819,300684.SZ,295.739486
20260819,300716.SZ,24.80751
20260819,300721.SZ,45.254065
20260819,300759.SZ,113.72184
20260819,300835.SZ,267.844401
20260819,300843.SZ,135.041575
20260819,300903.SZ,132.1481
20260819,300907.SZ,53.639952
20260819,300929.SZ,24.693306
20260819,300951.SZ,160.618314
20260819,300985.SZ,57.0171
20260819,301008.SZ,74.122923
20260819,301013.SZ,63.489713
20260819,301045.SZ,66.37014
20260819,301047.SZ,249.4924
20260819,301072.SZ,41.978916
20260819,301080.SZ,195.570025
20260819,301092.SZ,46.121460000000006
20260819,301108.SZ,52.598014
20260819,301122.SZ,45.33792
20260819,301165.SZ,249.925912
20260819,301217.SZ,116.795328
20260819,301218.SZ,60.488874
20260819,301234.SZ,95.1188
20260819,301273.SZ,57.60254200000001
20260819,301282.SZ,54.791534
20260819,301307.SZ,50.7727
20260819,301310.SZ,106.529072
20260819,301319.SZ,359.83981600000004
20260819,301321.SZ,55.47296
20260819,301345.SZ,280.88242
20260819,301365.SZ,61.992554000000005
20260819,301377.SZ,447.342165
20260819,301379.SZ,62.80054399999999
20260819,301511.SZ,121.361708
20260819,301520.SZ,110.986944
20260819,301526.SZ,34.114384
20260819,301536.SZ,116.794935
20260819,301580.SZ,100.839648
20260819,301588.SZ,28.4732
20260819,600127.SH,39.78034
20260819,600160.SH,443.91468
20260819,600162.SH,39.973905
20260819,600172.SH,134.75490000000002
20260819,600183.SH,1735.4884929999998
20260819,600206.SH,256.166918
20260819,600227.SH,21.39
20260819,600228.SH,18.17622
20260819,600246.SH,152.0486
20260819,600272.SH,25.3734
20260819,600353.SH,362.823504
20260819,600367.SH,176.520844
20260819,600378.SH,178.32259499999998
20260819,600397.SH,67.5856
20260819,600428.SH,87.597696
20260819,600584.SH,380.910452
20260819,600613.SH,235.811022
20260819,600664.SH,90.66342
20260819,600667.SH,114.753408
20260819,600671.SH,67.63561
20260819,600721.SH,20.016108000000003
20260819,600722.SH,75.65328000000001
20260819,600815.SH,24.9508
20260819,600857.SH,114.79012
20260819,600909.SH,10.490264
20260819,600988.SH,237.322416
20260819,601101.SH,61.437181
20260819,601168.SH,52.906295
20260819,601233.SH,76.652059
20260819,601678.SH,29.77494
20260819,601700.SH,43.195152
20260819,601872.SH,32.907120000000006
20260819,601886.SH,39.289536000000005
20260819,601918.SH,17.013784
20260819,603012.SH,20.189505
20260819,603065.SH,17.25844
20260819,603078.SH,197.164176
20260819,603118.SH,43.897416
20260819,603127.SH,390.86028
20260819,603129.SH,356.14752
20260819,603137.SH,34.388475
20260819,603156.SH,215.546043
20260819,603162.SH,39.952778
20260819,603186.SH,185.7275
20260819,603221.SH,28.401300000000003
20260819,603259.SH,424.0384
20260819,603261.SH,50.9747
20260819,603268.SH,255.967
20260819,603330.SH,53.500903
20260819,603580.SH,140.140988
20260819,603608.SH,29.20208
20260819,603663.SH,167.40691199999998
20260819,603678.SH,127.983222
20260819,603679.SH,31.00328
20260819,603682.SH,15.580155
20260819,603757.SH,146.80678
20260819,603823.SH,172.044147
20260819,603838.SH,20.433
20260819,603986.SH,2283.424131
20260819,603989.SH,65.902744
20260819,605111.SH,237.077725
20260819,605179.SH,35.625699999999995
20260819,688002.SH,165.007975
20260819,688011.SH,81.2848
20260819,688012.SH,557.8884
20260819,688017.SH,443.613597
20260819,688037.SH,747.494734
20260819,688046.SH,37.4004
20260819,688072.SH,1517.517
20260819,688082.SH,301.43526
20260819,688120.SH,1266.788408
20260819,688131.SH,271.4739
20260819,688137.SH,57.724736
20260819,688141.SH,120.0
20260819,688143.SH,166.309672
20260819,688146.SH,280.42360499999995
20260819,688147.SH,117.953528
20260819,688200.SH,1358.413726
20260819,688202.SH,197.32336
20260819,688222.SH,35.842455
20260819,688233.SH,118.9232
20260819,688237.SH,58.838117
20260819,688249.SH,39.952725
20260819,688260.SH,104.51999999999998
20260819,688296.SH,26.6118
20260819,688300.SH,415.9815
20260819,688328.SH,76.33336800000001
20260819,688347.SH,233.932
20260819,688359.SH,96.7856
20260819,688361.SH,342.9918
20260819,688362.SH,64.69349999999999
20260819,688371.SH,27.886205000000004
20260819,688403.SH,23.49056
20260819,688409.SH,317.3862
20260819,688432.SH,48.644784
20260819,688485.SH,87.49640000000001
20260819,688498.SH,3097.3794299999995
20260819,688507.SH,343.997052
20260819,688519.SH,288.60955
20260819,688530.SH,64.819404
20260819,688535.SH,149.81438500000002
20260819,688545.SH,86.15523
20260819,688548.SH,38.705784
20260819,688549.SH,27.21719
20260819,688584.SH,30.867885
20260819,688596.SH,67.25924200000001
20260819,688627.SH,497.943079
20260819,688630.SH,444.4594
20260819,688652.SH,142.936164
20260819,688662.SH,124.9852
20260819,688669.SH,98.329868
20260819,688689.SH,42.28203
20260819,688702.SH,378.0
20260819,688710.SH,91.825881
20260819,688758.SH,27.105748
20260819,688766.SH,1847.11488
20260819,920438.BJ,130.874205
20260819,920699.BJ,127.58462
20260819,920725.BJ,170.51369400000002
20260820,000017.SZ,17.332179999999997
20260820,000048.SZ,228.687308
20260820,000300.SH,4592.7504
20260820,000571.SZ,45.83026
20260820,000608.SZ,82.10249999999999
20260820,000636.SZ,956.262389
20260820,000691.SZ,40.537124
20260820,000703.SZ,199.47441
20260820,000725.SZ,32.309580000000004
20260820,000739.SZ,301.670612
20260820,000811.SZ,833.2304
20260820,000938.SZ,255.211488
20260820,001229.SZ,69.7715
20260820,001258.SZ,12.622674000000002
20260820,001331.SZ,155.526624
20260820,002141.SZ,50.52992999999999
20260820,002156.SZ,178.083
20260820,002167.SZ,128.8876
20260820,002185.SZ,183.76079
20260820,002303.SZ,60.018512
20260820,002317.SZ,315.83409
20260820,002346.SZ,58.770243
20260820,002371.SZ,4605.35316
20260820,002396.SZ,133.42580999999998
20260820,002409.SZ,451.852214
20260820,002412.SZ,74.54763
20260820,002415.SZ,843.297233
20260820,002422.SZ,345.72266
20260820,002440.SZ,75.163506
20260820,002484.SZ,299.160345
20260820,002528.SZ,32.99328
20260820,002552.SZ,183.058472
20260820,002636.SZ,168.641088
20260820,002674.SZ,40.560957
20260820,002747.SZ,203.60001000000003
20260820,002768.SZ,311.5835
20260820,002774.SZ,21.070905
20260820,002821.SZ,553.74816
20260820,002832.SZ,150.152101
20260820,002860.SZ,68.4288
20260820,002971.SZ,56.763089
20260820,003004.SZ,73.98076
20260820,003032.SZ,12.00975
20260820,003036.SZ,57.31083
20260820,300083.SZ,110.3643
20260820,300192.SZ,79.329
20260820,300209.SZ,130.162388
20260820,300214.SZ,36.624175
20260820,300234.SZ,57.786048
20260820,300285.SZ,800.0026320000001
20260820,300313.SZ,28.661780000000004
20260820,300404.SZ,75.16479600000001
20260820,300408.SZ,496.9777680000001
20260820,300419.SZ,66.98861000000001
20260820,300420.SZ,69.87915
20260820,300483.SZ,41.02819
20260820,300489.SZ,688.1763
20260820,300506.SZ,33.591767000000004
20260820,300534.SZ,66.124056
20260820,300540.SZ,62.075751
20260820,300566.SZ,86.75313
20260820,300567.SZ,679.6301000000001
20260820,300604.SZ,1924.499756
20260820,300666.SZ,254.35476500000004
20260820,300671.SZ,110.2468
20260820,300677.SZ,286.356672
20260820,300684.SZ,309.674318
20260820,300716.SZ,24.60978
20260820,300721.SZ,44.292048
20260820,300759.SZ,119.47248
20260820,300835.SZ,278.082858
20260820,300843.SZ,148.65105
20260820,300903.SZ,142.6642
20260820,300907.SZ,55.871304
20260820,300929.SZ,24.937311
20260820,300951.SZ,167.63677
20260820,300985.SZ,55.91677000000001
20260820,301008.SZ,70.344942
20260820,301013.SZ,61.9633
20260820,301045.SZ,65.86504000000001
20260820,301047.SZ,293.2673
20260820,301072.SZ,42.701652
20260820,301080.SZ,220.452462
20260820,301092.SZ,46.26591200000001
20260820,301108.SZ,55.18261
20260820,301122.SZ,53.2584
20260820,301165.SZ,252.96228
20260820,301217.SZ,116.087664
20260820,301218.SZ,61.56282
20260820,301234.SZ,97.5664
20260820,301273.SZ,54.795095
20260820,301282.SZ,53.409379
20260820,301307.SZ,52.240584000000005
20260820,301310.SZ,106.71603799999998
20260820,301319.SZ,367.208772
20260820,301321.SZ,56.50248
20260820,301345.SZ,274.8599
20260820,301365.SZ,63.647454
20260820,301377.SZ,428.686
20260820,301379.SZ,62.62793599999999
20260820,301511.SZ,124.242573
20260820,301520.SZ,106.4416
20260820,301526.SZ,32.801904
20260820,301536.SZ,118.56226
20260820,301580.SZ,100.339848
20260820,301588.SZ,28.076609
20260820,600127.SH,43.7482
20260820,600160.SH,442.7705700000001
20260820,600162.SH,41.35571900000001
20260820,600172.SH,125.5968
20260820,600183.SH,1746.692332
20260820,600206.SH,246.72438
20260820,600227.SH,21.505000000000003
20260820,600228.SH,17.7858
20260820,600246.SH,145.81709999999998
20260820,600272.SH,23.850995999999995
20260820,600353.SH,373.66848
20260820,600367.SH,158.85990700000002
20260820,600378.SH,173.986602
20260820,600397.SH,65.71265
20260820,600428.SH,84.36422400000001
20260820,600584.SH,389.436104
20260820,600613.SH,259.452744
20260820,600664.SH,90.86356
20260820,600667.SH,115.242414
20260820,600671.SH,68.81245
20260820,600721.SH,19.928574
20260820,600722.SH,78.01008
20260820,600815.SH,24.88715
20260820,600857.SH,117.87525
20260820,600909.SH,10.438332
20260820,600988.SH,256.09933
20260820,601101.SH,62.119275
20260820,601168.SH,52.66209
20260820,601233.SH,76.361098
20260820,601678.SH,29.636880000000005
20260820,601700.SH,47.502
20260820,601872.SH,32.659432
20260820,601886.SH,39.721968
20260820,601918.SH,16.827378
20260820,603012.SH,19.915749
20260820,603065.SH,16.676099999999998
20260820,603078.SH,190.469664
20260820,603118.SH,43.6152
20260820,603127.SH,412.600902
20260820,603129.SH,353.333184
20260820,603137.SH,34.0887
20260820,603156.SH,201.4449
20260820,603162.SH,39.717564
20260820,603186.SH,174.05319999999998
20260820,603221.SH,30.084340000000005
20260820,603259.SH,434.12224
20260820,603261.SH,50.399
20260820,603268.SH,251.27546
20260820,603330.SH,48.134874
20260820,603580.SH,154.157148
20260820,603608.SH,28.484780000000004
20260820,603663.SH,165.29810399999997
20260820,603678.SH,123.3444
20260820,603679.SH,31.0608
20260820,603682.SH,15.24753
20260820,603757.SH,148.64314
20260820,603823.SH,178.49037900000002
20260820,603838.SH,22.20525
20260820,603986.SH,2282.23635
20260820,603989.SH,66.682798
20260820,605111.SH,233.929805
20260820,605179.SH,35.93325999999999
20260820,688002.SH,162.6779
20260820,688011.SH,79.14202
20260820,688012.SH,548.14035
20260820,688017.SH,438.619
20260820,688037.SH,797.155674
20260820,688046.SH,38.12763
20260820,688072.SH,1476.302118
20260820,688082.SH,300.4575
20260820,688120.SH,1308.5885999999998
20260820,688131.SH,280.121883
20260820,688137.SH,69.27173599999999
20260820,688141.SH,121.81
20260820,688143.SH,196.9214
20260820,688146.SH,265.70628
20260820,688147.SH,117.6318
20260820,688200.SH,1387.3559200000002
20260820,688202.SH,217.36
20260820,688222.SH,39.462390000000006
20260820,688233.SH,115.3504
20260820,688237.SH,57.79206
20260820,688249.SH,39.590889
20260820,688260.SH,108.0978
20260820,688296.SH,26.775
20260820,688300.SH,422.86262
20260820,688328.SH,77.975608
20260820,688347.SH,233.61072
20260820,688359.SH,95.50048
20260820,688361.SH,356.621211
20260820,688362.SH,64.80382999999999
20260820,688371.SH,27.886205000000004
20260820,688403.SH,23.654400000000003
20260820,688409.SH,313.039062
20260820,688432.SH,45.55574399999999
20260820,688485.SH,86.06186600000001
20260820,688498.SH,3152.2635
20260820,688507.SH,339.22022400000003
20260820,688519.SH,292.2366
20260820,688530.SH,65.131326
20260820,688535.SH,150.53241699999998
20260820,688545.SH,83.02268
20260820,688548.SH,38.8284
20260820,688549.SH,26.226199999999995
20260820,688584.SH,30.640383
20260820,688596.SH,68.31178
20260820,688627.SH,489.512286
20260820,688630.SH,443.4353
20260820,688652.SH,145.67817599999998
20260820,688662.SH,128.2643
20260820,688669.SH,103.313028
20260820,688689.SH,42.059493
20260820,688702.SH,372.95
20260820,688710.SH,100.93083
20260820,688758.SH,29.50217
20260820,688766.SH,1984.078944
20260820,920438.BJ,127.7324
20260820,920699.BJ,122.966708
20260820,920725.BJ,160.5773
20260821,000017.SZ,19.07613
20260821,000048.SZ,227.667748
20260821,000300.SH,4618.8952
20260821,000571.SZ,45.601870000000005
20260821,000608.SZ,83.77125000000001
20260821,000636.SZ,984.721507
20260821,000691.SZ,41.444083
20260821,000703.SZ,206.42128
20260821,000725.SZ,32.857200000000006
20260821,000739.SZ,284.895856
20260821,000811.SZ,870.593088
20260821,000938.SZ,260.793792
20260821,001229.SZ,67.322075
20260821,001258.SZ,12.520134000000002
20260821,001331.SZ,155.84025599999998
20260821,002141.SZ,51.98055
20260821,002156.SZ,180.1416
20260821,002167.SZ,131.55965999999998
20260821,002185.SZ,184.502188
20260821,002303.SZ,61.320432
20260821,002317.SZ,301.76627
20260821,002346.SZ,57.280503
20260821,002371.SZ,4617.503975999999
20260821,002396.SZ,146.790518
20260821,002409.SZ,452.24405
20260821,002412.SZ,82.034595
20260821,002415.SZ,851.4653599999999
20260821,002422.SZ,329.004788
20260821,002440.SZ,73.72497
20260821,002484.SZ,320.910205
20260821,002528.SZ,36.27972
20260821,002552.SZ,176.960802
20260821,002636.SZ,174.18867200000005
20260821,002674.SZ,40.389633
20260821,002747.SZ,208.57041
20260821,002768.SZ,310.20397
20260821,002774.SZ,21.279657
20260821,002821.SZ,510.33479
20260821,002832.SZ,146.063057
20260821,002860.SZ,66.81599999999999
20260821,002971.SZ,62.443417
20260821,003004.SZ,73.58708
20260821,003032.SZ,10.8138
20260821,003036.SZ,57.332416
20260821,300083.SZ,111.3519
20260821,300192.SZ,84.406056
20260821,300209.SZ,127.71097
20260821,300214.SZ,43.94901
20260821,300234.SZ,58.460832
20260821,300285.SZ,862.812756
20260821,300313.SZ,25.9456
20260821,300404.SZ,68.90902200000001
20260821,300408.SZ,507.62952000000007
20260821,300419.SZ,68.75753999999999
20260821,300420.SZ,74.67569999999999
20260821,300483.SZ,41.59022
20260821,300489.SZ,651.8155
20260821,300506.SZ,33.399080000000005
20260821,300534.SZ,65.34068
20260821,300540.SZ,62.351832
20260821,300566.SZ,89.50082699999999
20260821,300567.SZ,677.1037100000001
20260821,300604.SZ,1950.183948
20260821,300666.SZ,251.95471
20260821,300671.SZ,109.12745
20260821,300677.SZ,283.024224
20260821,300684.SZ,287.23514
20260821,300716.SZ,28.94463
20260821,300721.SZ,44.645442
20260821,300759.SZ,112.618656
20260821,300835.SZ,281.725556
20260821,300843.SZ,142.63875
20260821,300903.SZ,142.3022
20260821,300907.SZ,56.11194
20260821,300929.SZ,24.969845
20260821,300951.SZ,168.276967
20260821,300985.SZ,56.51695
20260821,301008.SZ,71.48011
20260821,301013.SZ,63.414148
20260821,301045.SZ,66.501466
20260821,301047.SZ,264.924
20260821,301072.SZ,43.595034
20260821,301080.SZ,225.606844
20260821,301092.SZ,45.863510000000005
20260821,301108.SZ,56.133266
20260821,301122.SZ,53.9412
20260821,301165.SZ,260.491652
20260821,301217.SZ,117.73888
20260821,301218.SZ,63.937602000000005
20260821,301234.SZ,101.3855
20260821,301273.SZ,57.189263
20260821,301282.SZ,52.041773000000006
20260821,301307.SZ,52.994634000000005
20260821,301310.SZ,109.31278799999998
20260821,301319.SZ,359.15509000000003
20260821,301321.SZ,59.15198
20260821,301345.SZ,274.93683
20260821,301365.SZ,64.838982
20260821,301377.SZ,433.36825
20260821,301379.SZ,63.40467199999999
20260821,301511.SZ,127.376392
20260821,301520.SZ,102.34216
20260821,301526.SZ,32.741328
20260821,301536.SZ,118.25929
20260821,301580.SZ,102.638928
20260821,301588.SZ,27.96475
20260821,600127.SH,41.71339999999999
20260821,600160.SH,442.7705700000001
20260821,600162.SH,41.257018
20260821,600172.SH,126.5313
20260821,600183.SH,1836.87632
20260821,600206.SH,236.18808
20260821,600227.SH,22.7125
20260821,600228.SH,17.80749
20260821,600246.SH,151.05155999999997
20260821,600272.SH,21.4698
20260821,600353.SH,411.0353280000001
20260821,600367.SH,153.504084
20260821,600378.SH,184.533612
20260821,600397.SH,72.2879
20260821,600428.SH,86.93630399999999
20260821,600584.SH,384.977286
20260821,600613.SH,272.7891
20260821,600664.SH,81.75719
20260821,600667.SH,116.492096
20260821,600671.SH,67.04719000000001
20260821,600721.SH,19.330425
20260821,600722.SH,83.37180000000001
20260821,600815.SH,24.9508
20260821,600857.SH,121.30964
20260821,600909.SH,10.607111
20260821,600988.SH,274.598479
20260821,601101.SH,61.973112
20260821,601168.SH,54.371525000000005
20260821,601233.SH,79.884959
20260821,601678.SH,29.77494
20260821,601700.SH,44.39853599999999
20260821,601872.SH,34.994776
20260821,601886.SH,40.432392
20260821,601918.SH,17.11546
20260821,603012.SH,20.052627
20260821,603065.SH,18.349004
20260821,603078.SH,194.788704
20260821,603118.SH,45.64202399999999
20260821,603127.SH,386.700522
20260821,603129.SH,345.102368
20260821,603137.SH,33.389225
20260821,603156.SH,209.463197
20260821,603162.SH,41.464868
20260821,603186.SH,182.936281
20260821,603221.SH,27.622894
20260821,603259.SH,421.090816
20260821,603261.SH,51.1767
20260821,603268.SH,260.68706
20260821,603330.SH,52.969613
20260821,603580.SH,166.503736
20260821,603608.SH,29.53682
20260821,603663.SH,174.82829399999997
20260821,603678.SH,131.066832
20260821,603679.SH,32.081779999999995
20260821,603682.SH,15.19431
20260821,603757.SH,159.04918
20260821,603823.SH,160.639275
20260821,603838.SH,24.4362
20260821,603986.SH,2313.684266
20260821,603989.SH,67.817422
20260821,605111.SH,240.225645
20260821,605179.SH,32.34506
20260821,688002.SH,163.217175
20260821,688011.SH,80.05748
20260821,688012.SH,543.64125
20260821,688017.SH,444.77381500000007
20260821,688037.SH,794.7919
20260821,688046.SH,35.686215
20260821,688072.SH,1481.22855
20260821,688082.SH,306.67035
20260821,688120.SH,1267.5348399999998
20260821,688131.SH,272.56539300000003
20260821,688137.SH,83.128136
20260821,688141.SH,124.35
20260821,688143.SH,209.17136
20260821,688146.SH,267.957165
20260821,688147.SH,120.366488
20260821,688200.SH,1377.074264
20260821,688202.SH,198.52872
20260821,688222.SH,36.872352
20260821,688233.SH,115.544352
20260821,688237.SH,58.20634
20260821,688249.SH,39.319512
20260821,688260.SH,107.62545
20260821,688296.SH,26.9178
20260821,688300.SH,430.98946
20260821,688328.SH,93.566624
20260821,688347.SH,234.15288
20260821,688359.SH,96.36392
20260821,688361.SH,350.47343399999994
20260821,688362.SH,65.07463999999999
20260821,688371.SH,27.93627
20260821,688403.SH,23.562240000000003
20260821,688409.SH,314.3778
20260821,688432.SH,44.76576
20260821,688485.SH,84.56628800000001
20260821,688498.SH,3237.9561
20260821,688507.SH,345.63295200000005
20260821,688519.SH,300.350829
20260821,688530.SH,63.249732
20260821,688535.SH,150.33795
20260821,688545.SH,81.638295
20260821,688548.SH,38.092704000000005
20260821,688549.SH,27.2272
20260821,688584.SH,30.102651
20260821,688596.SH,68.41497
20260821,688627.SH,490.655959
20260821,688630.SH,439.932878
20260821,688652.SH,144.111312
20260821,688662.SH,124.4161
20260821,688669.SH,107.057132
20260821,688689.SH,42.737701
20260821,688702.SH,375.8
20260821,688710.SH,96.040575
20260821,688758.SH,27.518577
20260821,688766.SH,1915.05996
20260821,920438.BJ,125.857618
20260821,920699.BJ,125.8085
20260821,920725.BJ,159.39183000000003
20260824,000017.SZ,20.98106
20260824,000048.SZ,225.32276
20260824,000300.SH,4563.1266
20260824,000571.SZ,45.44961
20260824,000608.SZ,80.545
20260824,000636.SZ,935.008111
20260824,000691.SZ,40.142794
20260824,000703.SZ,188.756382
20260824,000725.SZ,31.48815
20260824,000739.SZ,271.008558
20260824,000811.SZ,878.87232
20260824,000938.SZ,246.838032
20260824,001229.SZ,64.57575
20260824,001258.SZ,12.889278
20260824,001331.SZ,152.181216
20260824,002084.SZ,13.2562
20260824,002141.SZ,48.19282
20260824,002156.SZ,172.6968
20260824,002167.SZ,129.75209
20260824,002185.SZ,178.78283199999998
20260824,002303.SZ,61.450624
20260824,002317.SZ,292.19554
20260824,002346.SZ,52.935428
20260824,002371.SZ,4575.299279999999
20260824,002396.SZ,141.96683199999998
20260824,002409.SZ,459.068527
20260824,002412.SZ,90.246105
20260824,002415.SZ,845.277385
20260824,002422.SZ,303.854656
20260824,002440.SZ,74.32436
20260824,002484.SZ,296.81575000000004
20260824,002528.SZ,38.85732
20260824,002552.SZ,185.658005
20260824,002636.SZ,165.252416
20260824,002674.SZ,38.590731
20260824,002747.SZ,191.48466
20260824,002768.SZ,285.65784999999994
20260824,002774.SZ,21.331845
20260824,002821.SZ,475.330863
20260824,002832.SZ,145.341461
20260824,002860.SZ,60.1344
20260824,002971.SZ,58.732448
20260824,003004.SZ,71.31824
20260824,003032.SZ,10.03995
20260824,003036.SZ,55.163023
20260824,300083.SZ,110.0351
20260824,300192.SZ,91.968754
20260824,300209.SZ,134.03721
20260824,300214.SZ,41.802663
20260824,300234.SZ,58.460832
20260824,300285.SZ,815.00586
20260824,300313.SZ,31.13472
20260824,300404.SZ,67.57191
20260824,300408.SZ,485.523792
20260824,300419.SZ,65.60422999999999
20260824,300420.SZ,73.1709
20260824,300483.SZ,42.0616
20260824,300489.SZ,608.4715
20260824,300506.SZ,33.270622
20260824,300534.SZ,59.46536
20260824,300540.SZ,60.228132
20260824,300566.SZ,87.95717699999999
20260824,300567.SZ,666.5303
20260824,300604.SZ,1892.11534
20260824,300666.SZ,255.73352000000003
20260824,300671.SZ,102.96185
20260824,300677.SZ,281.21184
20260824,300684.SZ,287.57668
20260824,300716.SZ,30.2679
20260824,300721.SZ,44.645442
20260824,300759.SZ,105.295392
20260824,300835.SZ,276.774316
20260824,300843.SZ,135.28697499999998
20260824,300862.SZ,78.48995000000001
20260824,300903.SZ,140.818
20260824,300907.SZ,56.352576000000006
20260824,300929.SZ,26.450142000000003
20260824,300951.SZ,162.206951
20260824,300985.SZ,54.45919
20260824,301008.SZ,67.524759
20260824,301013.SZ,60.844938
20260824,301045.SZ,64.70331
20260824,301047.SZ,246.0359
20260824,301072.SZ,41.978916
20260824,301080.SZ,211.261241
20260824,301092.SZ,46.121460000000006
20260824,301108.SZ,56.177828000000005
20260824,301122.SZ,53.2584
20260824,301165.SZ,237.78044000000003
20260824,301217.SZ,113.954416
20260824,301218.SZ,68.29388999999999
20260824,301234.SZ,116.05
20260824,301273.SZ,57.118008
20260824,301282.SZ,48.710052
20260824,301307.SZ,53.105228
20260824,301310.SZ,102.436594
20260824,301319.SZ,334.24410600000004
20260824,301321.SZ,62.13456
20260824,301345.SZ,266.82621
20260824,301365.SZ,63.92878700000001
20260824,301377.SZ,408.926905
20260824,301379.SZ,61.8512
20260824,301511.SZ,115.051911
20260824,301520.SZ,110.90063999999998
20260824,301526.SZ,30.378864
20260824,301536.SZ,115.441669
20260824,301580.SZ,97.880832
20260824,301588.SZ,27.273258
20260824,600127.SH,43.03602
20260824,600160.SH,432.702402
20260824,600162.SH,40.072606
20260824,600172.SH,118.8684
20260824,600183.SH,1746.96897
20260824,600206.SH,228.69834
20260824,600227.SH,22.7125
20260824,600228.SH,17.7858
20260824,600246.SH,141.70431
20260824,600272.SH,23.616779999999995
20260824,600353.SH,397.505952
20260824,600367.SH,168.863345
20260824,600378.SH,172.65846000000002
20260824,600397.SH,72.64655
20260824,600428.SH,83.40888
20260824,600584.SH,361.60524
20260824,600613.SH,300.06801
20260824,600664.SH,82.25754
20260824,600667.SH,110.29802
20260824,600671.SH,64.85696
20260824,600721.SH,20.701791
20260824,600722.SH,84.72696
20260824,600815.SH,24.5689
20260824,600857.SH,112.3453
20260824,600909.SH,10.633077
20260824,600988.SH,270.931981
20260824,601101.SH,65.822071
20260824,601168.SH,52.719550000000005
20260824,601233.SH,79.20604999999999
20260824,601678.SH,29.13066
20260824,601700.SH,48.832056
20260824,601872.SH,33.6148
20260824,601886.SH,40.864824
20260824,601918.SH,18.505032
20260824,603012.SH,19.641993
20260824,603065.SH,19.916028
20260824,603078.SH,187.87824
20260824,603118.SH,41.075256
20260824,603127.SH,364.096554
20260824,603129.SH,344.622144
20260824,603137.SH,31.362175
20260824,603156.SH,188.528727
20260824,603162.SH,41.061644
20260824,603186.SH,175.41166399999997
20260824,603221.SH,29.085035
20260824,603259.SH,402.939904
20260824,603261.SH,50.399
20260824,603268.SH,258.00618
20260824,603330.SH,58.282513
20260824,603580.SH,150.05535999999998
20260824,603608.SH,28.692
20260824,603663.SH,168.745194
20260824,603678.SH,125.301822
20260824,603679.SH,32.383759999999995
20260824,603682.SH,14.994735
20260824,603757.SH,161.95675
20260824,603823.SH,144.585678
20260824,603838.SH,24.7281
20260824,603986.SH,2158.707126
20260824,603989.SH,64.60265399999999
20260824,605111.SH,234.12655
20260824,605179.SH,29.115679999999998
20260824,688002.SH,161.17200000000005
20260824,688011.SH,78.2668
20260824,688012.SH,536.367705
20260824,688017.SH,417.607735
20260824,688037.SH,795.76777
20260824,688046.SH,35.197932
20260824,688072.SH,1504.607109
20260824,688082.SH,306.9759
20260824,688120.SH,1244.022232
20260824,688131.SH,256.528842
20260824,688137.SH,77.482936
20260824,688141.SH,115.07
20260824,688143.SH,197.869784
20260824,688146.SH,254.70648
20260824,688147.SH,117.93342
20260824,688200.SH,1355.275818
20260824,688202.SH,187.1272
20260824,688222.SH,35.363196
20260824,688233.SH,113.15568
20260824,688237.SH,57.077427
20260824,688249.SH,38.65614600000001
20260824,688260.SH,104.51999999999998
20260824,688296.SH,24.5922
20260824,688300.SH,412.68924
20260824,688328.SH,91.45224
20260824,688347.SH,229.94612
20260824,688359.SH,94.95832
20260824,688361.SH,350.51354999999995
20260824,688362.SH,63.42972
20260824,688371.SH,27.035100000000003
20260824,688403.SH,23.8592
20260824,688409.SH,311.74545
20260824,688432.SH,48.908112
20260824,688485.SH,82.76549
20260824,688498.SH,3144.1023
20260824,688507.SH,325.369604
20260824,688519.SH,288.29866
20260824,688530.SH,63.310104
20260824,688535.SH,148.90188600000002
20260824,688545.SH,82.325435
20260824,688548.SH,35.86518
20260824,688549.SH,25.25523
20260824,688584.SH,30.805839
20260824,688596.SH,73.41968500000002
20260824,688627.SH,470.920009
20260824,688630.SH,436.420215
20260824,688652.SH,149.233752
20260824,688662.SH,121.20475
20260824,688669.SH,101.95276
20260824,688689.SH,41.75218
20260824,688702.SH,351.39
20260824,688710.SH,90.636087
20260824,688758.SH,26.733195
20260824,688766.SH,1697.5944
20260824,920438.BJ,109.1906
20260824,920699.BJ,120.77616
20260824,920725.BJ,147.86044
20260825,000017.SZ,23.0738
20260825,000048.SZ,219.20540000000005
20260825,000300.SH,4552.0326
20260825,000571.SZ,46.819950000000006
20260825,000608.SZ,80.65625
20260825,000636.SZ,924.561093
20260825,000691.SZ,40.300526
20260825,000703.SZ,182.007994
20260825,000725.SZ,31.433388000000004
20260825,000739.SZ,286.958326
20260825,000811.SZ,904.34688
20260825,000938.SZ,251.20368
20260825,001229.SZ,62.898265
20260825,001258.SZ,12.602166
20260825,001331.SZ,150.926688
20260825,002084.SZ,14.598599999999998
20260825,002141.SZ,49.40167
20260825,002156.SZ,171.738
20260825,002167.SZ,127.23721
20260825,002185.SZ,178.359176
20260825,002303.SZ,63.66388799999999
20260825,002317.SZ,293.92519
20260825,002346.SZ,51.197398
20260825,002371.SZ,4526.82528
20260825,002396.SZ,136.479336
20260825,002409.SZ,447.966507
20260825,002412.SZ,99.262665
20260825,002415.SZ,860.128525
20260825,002422.SZ,312.140268
20260825,002440.SZ,72.466251
20260825,002484.SZ,299.459655
20260825,002528.SZ,37.053
20260825,002552.SZ,178.43707999999998
20260825,002636.SZ,175.06316800000002
20260825,002674.SZ,37.40574
20260825,002747.SZ,196.82784
20260825,002768.SZ,292.69821
20260825,002774.SZ,21.52755
20260825,002821.SZ,522.8730569999999
20260825,002832.SZ,144.49959900000002
20260825,002860.SZ,59.5968
20260825,002971.SZ,57.365954
20260825,003004.SZ,71.31824
20260825,003032.SZ,10.230899999999998
20260825,003036.SZ,55.529985
20260825,300083.SZ,113.4094
20260825,300192.SZ,93.502448
20260825,300209.SZ,137.239869
20260825,300214.SZ,40.644317
20260825,300234.SZ,59.442336
20260825,300285.SZ,804.071304
20260825,300313.SZ,33.70901
20260825,300404.SZ,67.237632
20260825,300408.SZ,486.23688
20260825,300419.SZ,65.37349999999999
20260825,300420.SZ,80.5068
20260825,300483.SZ,43.54826
20260825,300489.SZ,654.1632999999999
20260825,300506.SZ,33.655996
20260825,300534.SZ,59.714616
20260825,300540.SZ,59.803392
20260825,300566.SZ,88.111542
20260825,300567.SZ,643.38732
20260825,300604.SZ,1839.909428
20260825,300666.SZ,240.51615
20260825,300671.SZ,100.925
20260825,300677.SZ,304.59744
20260825,300684.SZ,293.758554
20260825,300716.SZ,28.899
20260825,300721.SZ,43.78159
20260825,300759.SZ,108.957024
20260825,300835.SZ,269.241358
20260825,300843.SZ,138.313575
20260825,300862.SZ,76.06830000000001
20260825,300903.SZ,142.89950000000002
20260825,300907.SZ,54.394674
20260825,300929.SZ,28.385915
20260825,300951.SZ,165.716179
20260825,300985.SZ,55.159400000000005
20260825,301008.SZ,67.613444
20260825,301013.SZ,59.590559000000006
20260825,301045.SZ,64.036578
20260825,301047.SZ,250.429
20260825,301072.SZ,43.856022
20260825,301080.SZ,209.8244
20260825,301092.SZ,45.337292
20260825,301108.SZ,56.4452
20260825,301122.SZ,52.725816
20260825,301165.SZ,237.43166800000003
20260825,301217.SZ,113.359568
20260825,301218.SZ,71.878752
20260825,301234.SZ,109.72
20260825,301273.SZ,58.030072
20260825,301282.SZ,49.4666
20260825,301307.SZ,52.83377
20260825,301310.SZ,101.23170199999998
20260825,301319.SZ,330.037932
20260825,301321.SZ,63.55772
20260825,301345.SZ,264.859
20260825,301365.SZ,65.69953000000001
20260825,301377.SZ,408.5003
20260825,301379.SZ,62.28271999999999
20260825,301511.SZ,114.503844
20260825,301520.SZ,118.423472
20260825,301526.SZ,30.43944
20260825,301536.SZ,115.310382
20260825,301580.SZ,101.75928
20260825,301588.SZ,28.463031
20260825,600127.SH,47.35997
20260825,600160.SH,433.846512
20260825,600162.SH,42.63883200000001
20260825,600172.SH,130.73655000000002
20260825,600183.SH,1784.3150999999998
20260825,600206.SH,222.732675
20260825,600227.SH,21.9075
20260825,600228.SH,18.04608
20260825,600246.SH,143.3245
20260825,600272.SH,24.957016
20260825,600353.SH,379.14465600000005
20260825,600367.SH,169.39450100000002
20260825,600378.SH,169.299042
20260825,600397.SH,69.97659999999999
20260825,600428.SH,82.74748799999999
20260825,600584.SH,362.83019
20260825,600613.SH,311.282673
20260825,600664.SH,82.15747
20260825,600667.SH,108.341996
20260825,600671.SH,65.11848
20260825,600721.SH,21.825144
20260825,600722.SH,82.60584
20260825,600815.SH,24.8235
20260825,600857.SH,118.34093
20260825,600909.SH,10.542196
20260825,600988.SH,264.76559799999995
20260825,601101.SH,64.262999
20260825,601168.SH,52.40352
20260825,601233.SH,76.652059
20260825,601678.SH,28.67046000000001
20260825,601700.SH,47.565336
20260825,601872.SH,33.314036
20260825,601886.SH,41.297256
20260825,601918.SH,17.742462000000003
20260825,603012.SH,20.029814
20260825,603065.SH,18.867816
20260825,603078.SH,187.230384
20260825,603118.SH,41.691
20260825,603127.SH,379.008894
20260825,603129.SH,340.657504
20260825,603137.SH,31.076675
20260825,603156.SH,169.687704
20260825,603162.SH,40.187992
20260825,603186.SH,185.356045
20260825,603221.SH,28.317148000000003
20260825,603259.SH,416.2816
20260825,603261.SH,50.5
20260825,603268.SH,272.6512
20260825,603330.SH,58.123126
20260825,603580.SH,153.806744
20260825,603608.SH,28.26162
20260825,603663.SH,167.08248
20260825,603678.SH,122.13777
20260825,603679.SH,32.26872
20260825,603682.SH,15.553545
20260825,603757.SH,168.613555
20260825,603823.SH,138.325395
20260825,603838.SH,24.3111
20260825,603986.SH,2237.044111
20260825,603989.SH,64.791758
20260825,605111.SH,230.860583
20260825,605179.SH,30.694488
20260825,688002.SH,161.03972500000003
20260825,688011.SH,77.73362
20260825,688012.SH,530.8938
20260825,688017.SH,426.960224
20260825,688037.SH,771.2625899999999
20260825,688046.SH,35.831661
20260825,688072.SH,1440.519507
20260825,688082.SH,297.78903
20260825,688120.SH,1224.6149999999998
20260825,688131.SH,274.328574
20260825,688137.SH,85.72492799999999
20260825,688141.SH,117.32
20260825,688143.SH,222.34336
20260825,688146.SH,251.5695
20260825,688147.SH,112.574638
20260825,688200.SH,1277.629286
20260825,688202.SH,203.9232
20260825,688222.SH,35.618121
20260825,688233.SH,109.95036799999998
20260825,688237.SH,56.9635
20260825,688249.SH,37.560587
20260825,688260.SH,101.505
20260825,688296.SH,25.5408
20260825,688300.SH,432.2945
20260825,688328.SH,90.877456
20260825,688347.SH,227.46624
20260825,688359.SH,93.1712
20260825,688361.SH,339.973071
20260825,688362.SH,61.79482999999999
20260825,688371.SH,26.954996000000005
20260825,688403.SH,23.07072
20260825,688409.SH,300.719664
20260825,688432.SH,45.798816
20260825,688485.SH,87.14031000000001
20260825,688498.SH,3168.5859
20260825,688507.SH,329.42663600000003
20260825,688519.SH,299.355981
20260825,688530.SH,62.515206
20260825,688535.SH,146.89738
20260825,688545.SH,77.434615
20260825,688548.SH,35.037522
20260825,688549.SH,24.58456
20260825,688584.SH,29.926854
20260825,688596.SH,72.85213999999999
20260825,688627.SH,454.038181
20260825,688630.SH,425.0015
20260825,688652.SH,144.201708
20260825,688662.SH,118.2915
20260825,688669.SH,103.0302
20260825,688689.SH,41.75218
20260825,688702.SH,355.88
20260825,688710.SH,98.783151
20260825,688758.SH,26.531815
20260825,688766.SH,1693.464
20260825,920438.BJ,108.67555
20260825,920699.BJ,118.408
20260825,920725.BJ,159.09007400000002
20260826,000017.SZ,25.38118
20260826,000048.SZ,227.36188
20260826,000300.SH,4590.7935
20260826,000571.SZ,46.51543
20260826,000608.SZ,80.99000000000001
20260826,000636.SZ,918.797221
20260826,000691.SZ,40.379392
20260826,000703.SZ,180.61862
20260826,000725.SZ,31.323864
20260826,000739.SZ,285.03335400000003
20260826,000811.SZ,854.4592
20260826,000938.SZ,249.77232
20260826,001229.SZ,60.255855
20260826,001258.SZ,13.863408000000002
20260826,001331.SZ,147.75552
20260826,002084.SZ,16.07524
20260826,002141.SZ,48.03164
20260826,002156.SZ,172.725
20260826,002167.SZ,129.75209
20260826,002185.SZ,176.45272400000002
20260826,002303.SZ,62.882736
20260826,002317.SZ,283.89322000000004
20260826,002346.SZ,51.49534599999999
20260826,002371.SZ,4528.76424
20260826,002396.SZ,134.178128
20260826,002409.SZ,441.566519
20260826,002412.SZ,105.381045
20260826,002415.SZ,860.871082
20260826,002422.SZ,319.985936
20260826,002440.SZ,75.52314
20260826,002484.SZ,297.264715
20260826,002528.SZ,37.11744
20260826,002552.SZ,166.56267
20260826,002636.SZ,172.43968
20260826,002674.SZ,35.963763
20260826,002747.SZ,194.15625
20260826,002768.SZ,293.41176
20260826,002774.SZ,20.679495
20260826,002821.SZ,521.87121
20260826,002832.SZ,145.16106200000002
20260826,002860.SZ,58.6752
20260826,002971.SZ,55.57075599999999
20260826,003004.SZ,71.48400000000001
20260826,003032.SZ,9.9495
20260826,003036.SZ,55.36809
20260826,300083.SZ,109.8705
20260826,300192.SZ,87.2619
20260826,300209.SZ,138.070188
20260826,300214.SZ,40.167351
20260826,300234.SZ,59.07427200000001
20260826,300285.SZ,815.2601520000001
20260826,300313.SZ,31.519850000000005
20260826,300404.SZ,64.658916
20260826,300408.SZ,484.409592
20260826,300419.SZ,64.14294
20260826,300420.SZ,79.84845
20260826,300483.SZ,44.7811
20260826,300489.SZ,626.983
20260826,300506.SZ,33.013706
20260826,300534.SZ,61.032112
20260826,300540.SZ,58.911438
20260826,300566.SZ,85.88868599999999
20260826,300567.SZ,656.8614
20260826,300604.SZ,1927.71028
20260826,300666.SZ,240.88381800000005
20260826,300671.SZ,98.96155
20260826,300677.SZ,305.18208000000004
20260826,300684.SZ,298.50596
20260826,300716.SZ,29.93328
20260826,300721.SZ,43.114068
20260826,300759.SZ,103.699296
20260826,300835.SZ,267.0133
20260826,300843.SZ,133.19084999999998
20260826,300862.SZ,73.7891
20260826,300903.SZ,144.02169999999998
20260826,300907.SZ,54.98532600000001
20260826,300929.SZ,27.49123
20260826,300951.SZ,161.874997
20260826,300985.SZ,54.71641
20260826,301008.SZ,66.478276
20260826,301013.SZ,57.988581
20260826,301045.SZ,63.632498
20260826,301047.SZ,239.1229
20260826,301072.SZ,44.347884
20260826,301080.SZ,201.38581
20260826,301092.SZ,44.449944
20260826,301108.SZ,56.311514
20260826,301122.SZ,53.900232
20260826,301165.SZ,236.057096
20260826,301217.SZ,110.580192
20260826,301218.SZ,71.107326
20260826,301234.SZ,111.9566
20260826,301273.SZ,55.963677
20260826,301282.SZ,48.98648300000001
20260826,301307.SZ,52.62263600000001
20260826,301310.SZ,101.938018
20260826,301319.SZ,324.20145800000006
20260826,301321.SZ,61.15046
20260826,301345.SZ,273.80486
20260826,301365.SZ,67.139293
20260826,301377.SZ,410.5813
20260826,301379.SZ,60.67171199999999
20260826,301511.SZ,112.929908
20260826,301520.SZ,113.834976
20260826,301526.SZ,29.904352000000003
20260826,301536.SZ,113.674344
20260826,301580.SZ,111.275472
20260826,301588.SZ,29.530776
20260826,600127.SH,49.8526
20260826,600160.SH,436.477965
20260826,600162.SH,43.724543
20260826,600172.SH,129.8955
20260826,600183.SH,1798.2853189999998
20260826,600206.SH,219.161985
20260826,600227.SH,24.0925
20260826,600228.SH,18.28467
20260826,600246.SH,146.44025
20260826,600272.SH,27.45532
20260826,600353.SH,370.98408
20260826,600367.SH,173.378171
20260826,600378.SH,172.07251499999998
20260826,600397.SH,68.9405
20260826,600428.SH,81.93912
20260826,600584.SH,360.723276
20260826,600613.SH,319.769445
20260826,600664.SH,81.85726
20260826,600667.SH,106.657642
20260826,600671.SH,65.96842
20260826,600721.SH,22.116924
20260826,600722.SH,83.31288
20260826,600815.SH,24.37795
20260826,600857.SH,116.07074
20260826,600909.SH,10.827822
20260826,600988.SH,260.265805
20260826,601101.SH,64.945093
20260826,601168.SH,56.39699
20260826,601233.SH,76.42575599999999
20260826,601678.SH,28.94658
20260826,601700.SH,48.76872
20260826,601872.SH,32.517896
20260826,601886.SH,40.092624
20260826,601918.SH,17.62384
20260826,603012.SH,20.75983
20260826,603065.SH,18.539588
20260826,603078.SH,178.322364
20260826,603118.SH,45.872928
20260826,603127.SH,368.177826
20260826,603129.SH,342.06467200000003
20260826,603137.SH,31.71905
20260826,603156.SH,164.276341
20260826,603162.SH,40.120788
20260826,603186.SH,186.098955
20260826,603221.SH,27.55978
20260826,603259.SH,411.7568
20260826,603261.SH,53.9239
20260826,603268.SH,267.0898
20260826,603330.SH,59.398222
20260826,603580.SH,150.87984
20260826,603608.SH,28.19786
20260826,603663.SH,167.00137199999998
20260826,603678.SH,121.762374
20260826,603679.SH,32.84392
20260826,603682.SH,15.047955
20260826,603757.SH,161.98225499999998
20260826,603823.SH,136.486566
20260826,603838.SH,26.75055
20260826,603986.SH,2220.0192500000003
20260826,603989.SH,64.153532
20260826,605111.SH,229.522717
20260826,605179.SH,32.19127999999999
20260826,688002.SH,159.35067500000002
20260826,688011.SH,75.5003
20260826,688012.SH,551.964585
20260826,688017.SH,414.381763
20260826,688037.SH,808.4974520000001
20260826,688046.SH,34.449924
20260826,688072.SH,1484.659458
20260826,688082.SH,299.94825
20260826,688120.SH,1223.122136
20260826,688131.SH,272.56539300000003
20260826,688137.SH,86.207336
20260826,688141.SH,120.4
20260826,688143.SH,224.595772
20260826,688146.SH,246.57885
20260826,688147.SH,113.27841800000002
20260826,688200.SH,1273.222862
20260826,688202.SH,205.95848
20260826,688222.SH,34.476057000000004
20260826,688233.SH,109.419552
20260826,688237.SH,57.27421
20260826,688249.SH,38.49533
20260826,688260.SH,99.4749
20260826,688296.SH,24.633
20260826,688300.SH,460.3232
20260826,688328.SH,89.276272
20260826,688347.SH,244.99608
20260826,688359.SH,93.19128
20260826,688361.SH,363.0498
20260826,688362.SH,61.53404999999999
20260826,688371.SH,27.725997000000003
20260826,688403.SH,23.07072
20260826,688409.SH,310.46688
20260826,688432.SH,42.446448
20260826,688485.SH,88.66641000000001
20260826,688498.SH,3142.0824029999994
20260826,688507.SH,325.76222
20260826,688519.SH,294.257385
20260826,688530.SH,60.92541
20260826,688535.SH,147.032011
20260826,688545.SH,78.819
20260826,688548.SH,35.568858000000006
20260826,688549.SH,24.3243
20260826,688584.SH,29.513214
20260826,688596.SH,75.12232
20260826,688627.SH,465.312975
20260826,688630.SH,440.97746
20260826,688652.SH,148.70142
20260826,688662.SH,117.35655
20260826,688669.SH,102.518416
20260826,688689.SH,41.063375
20260826,688702.SH,369.16
20260826,688710.SH,94.749951
20260826,688758.SH,27.347404
20260826,688766.SH,1640.512272
20260826,920438.BJ,107.089196
20260826,920699.BJ,113.9677
20260826,920725.BJ,155.01636800000003
20260827,000017.SZ,27.93003
20260827,000048.SZ,228.89122
20260827,000300.SH,4630.277
20260827,000571.SZ,48.723200000000006
20260827,000608.SZ,82.325
20260827,000636.SZ,974.634731
20260827,000691.SZ,41.641248
20260827,000703.SZ,190.54272
20260827,000725.SZ,32.528628000000005
20260827,000739.SZ,296.170692
20260827,000811.SZ,911.564672
20260827,000938.SZ,260.722224
20260827,001229.SZ,60.44884
20260827,001258.SZ,14.109504
20260827,001331.SZ,153.644832
20260827,002084.SZ,17.68612
20260827,002141.SZ,50.52992999999999
20260827,002156.SZ,179.71859999999998
20260827,002167.SZ,135.80352000000002
20260827,002185.SZ,181.960252
20260827,002303.SZ,66.137536
20260827,002317.SZ,300.95910000000003
20260827,002346.SZ,52.165729
20260827,002371.SZ,4640.5776
20260827,002396.SZ,147.58709
20260827,002409.SZ,469.909323
20260827,002412.SZ,112.86800999999998
20260827,002415.SZ,873.494551
20260827,002422.SZ,310.013872
20260827,002440.SZ,78.340273
20260827,002484.SZ,309.78585000000004
20260827,002528.SZ,39.3084
20260827,002552.SZ,179.7208
20260827,002636.SZ,189.683648
20260827,002674.SZ,37.048815
20260827,002747.SZ,197.63553
20260827,002768.SZ,308.63415999999995
20260827,002774.SZ,21.762396
20260827,002821.SZ,518.0459759999999
20260827,002832.SZ,144.49959900000002
20260827,002860.SZ,57.2928
20260827,002971.SZ,57.33915999999999
20260827,003004.SZ,73.038
20260827,003032.SZ,10.502249999999998
20260827,003036.SZ,58.239028
20260827,300083.SZ,110.5289
20260827,300192.SZ,90.17063
20260827,300209.SZ,140.284372
20260827,300214.SZ,40.916869
20260827,300234.SZ,62.509536
20260827,300285.SZ,890.1491460000001
20260827,300313.SZ,33.72928
20260827,300404.SZ,66.521322
20260827,300408.SZ,501.3008640000001
20260827,300419.SZ,69.06518
20260827,300420.SZ,82.3878
20260827,300483.SZ,46.37654
20260827,300489.SZ,728.5404
20260827,300506.SZ,33.077935000000004
20260827,300534.SZ,61.60184
20260827,300540.SZ,60.610398
20260827,300566.SZ,88.265907
20260827,300567.SZ,691.7942
20260827,300604.SZ,1987.73312
20260827,300666.SZ,253.46623400000004
20260827,300671.SZ,104.6317
20260827,300677.SZ,327.924576
20260827,300684.SZ,307.146922
20260827,300716.SZ,29.14236
20260827,300721.SZ,44.606176
20260827,300759.SZ,105.85872
20260827,300835.SZ,285.315205
20260827,300843.SZ,140.583525
20260827,300862.SZ,77.4928
20260827,300903.SZ,164.2032
20260827,300907.SZ,56.17756800000001
20260827,300929.SZ,28.060575
20260827,300951.SZ,178.472697
20260827,300985.SZ,54.845020000000005
20260827,301008.SZ,69.511303
20260827,301013.SZ,60.90539
20260827,301045.SZ,68.99665999999999
20260827,301047.SZ,236.157
20260827,301072.SZ,45.783318
20260827,301080.SZ,196.345463
20260827,301092.SZ,47.51439
20260827,301108.SZ,57.975162000000005
20260827,301122.SZ,52.876032
20260827,301165.SZ,246.7049
20260827,301217.SZ,117.461968
20260827,301218.SZ,68.97456
20260827,301234.SZ,111.5768
20260827,301273.SZ,57.688048
20260827,301282.SZ,50.60142200000001
20260827,301307.SZ,58.65503600000001
20260827,301310.SZ,105.407276
20260827,301319.SZ,348.362504
20260827,301321.SZ,61.21102
20260827,301345.SZ,272.54101
20260827,301365.SZ,68.032939
20260827,301377.SZ,433.8572850000001
20260827,301379.SZ,63.836192
20260827,301511.SZ,122.106517
20260827,301520.SZ,124.062
20260827,301526.SZ,31.438944000000003
20260827,301536.SZ,121.470772
20260827,301580.SZ,113.074752
20260827,301588.SZ,30.588352
20260827,600127.SH,54.83785999999999
20260827,600160.SH,452.381094
20260827,600162.SH,48.067387
20260827,600172.SH,136.53045
20260827,600183.SH,1949.882943
20260827,600206.SH,233.618925
20260827,600227.SH,23.92
20260827,600228.SH,18.588330000000003
20260827,600246.SH,155.41361
20260827,600272.SH,28.23604
20260827,600353.SH,399.86822400000005
20260827,600367.SH,179.26515
20260827,600378.SH,189.299298
20260827,600397.SH,75.83455000000001
20260827,600428.SH,80.689824
20260827,600584.SH,375.030692
20260827,600613.SH,351.89793899999995
20260827,600664.SH,87.56125
20260827,600667.SH,109.428676
20260827,600671.SH,66.0338
20260827,600721.SH,24.334452
20260827,600722.SH,81.78096000000001
20260827,600815.SH,25.77825
20260827,600857.SH,118.57377
20260827,600909.SH,10.931686
20260827,600988.SH,267.876566
20260827,601101.SH,69.281262
20260827,601168.SH,55.54945500000001
20260827,601233.SH,84.05539999999999
20260827,601678.SH,29.820960000000003
20260827,601700.SH,48.262032
20260827,601872.SH,32.94250400000001
20260827,601886.SH,41.142816
20260827,601918.SH,18.21695
20260827,603012.SH,21.307342
20260827,603065.SH,18.920756
20260827,603078.SH,189.443892
20260827,603118.SH,46.745232
20260827,603127.SH,377.831604
20260827,603129.SH,339.652384
20260827,603137.SH,34.8881
20260827,603156.SH,167.989247
20260827,603162.SH,40.187992
20260827,603186.SH,194.631807
20260827,603221.SH,30.136935
20260827,603259.SH,413.540864
20260827,603261.SH,59.3173
20260827,603268.SH,266.662
20260827,603330.SH,57.751223
20260827,603580.SH,165.96782399999998
20260827,603608.SH,28.548540000000003
20260827,603663.SH,179.08646399999998
20260827,603678.SH,128.599944
20260827,603679.SH,33.5773
20260827,603682.SH,15.11448
20260827,603757.SH,172.9239
20260827,603823.SH,140.51546100000002
20260827,603838.SH,27.75135
20260827,603986.SH,2325.78832
20260827,603989.SH,67.084644
20260827,605111.SH,238.022101
20260827,605179.SH,32.31430399999999
20260827,688002.SH,164.52975
20260827,688011.SH,77.77386
20260827,688012.SH,563.902197
20260827,688017.SH,423.47957
20260827,688037.SH,813.225
20260827,688046.SH,34.66809299999999
20260827,688072.SH,1524.1149
20260827,688082.SH,312.689685
20260827,688120.SH,1246.07492
20260827,688131.SH,269.430849
20260827,688137.SH,84.83196000000001
20260827,688141.SH,129.55
20260827,688143.SH,228.27076
20260827,688146.SH,263.28225
20260827,688147.SH,122.55826000000002
20260827,688200.SH,1335.28
20260827,688202.SH,198.33112
20260827,688222.SH,34.384284
20260827,688233.SH,110.90992
20260827,688237.SH,58.46526500000001
20260827,688249.SH,41.239253000000005
20260827,688260.SH,106.8315
20260827,688296.SH,26.163
20260827,688300.SH,552.3878400000001
20260827,688328.SH,90.610592
20260827,688347.SH,253.73088
20260827,688359.SH,97.36792
20260827,688361.SH,374.793759
20260827,688362.SH,64.18196999999999
20260827,688371.SH,29.207921
20260827,688403.SH,24.350720000000003
20260827,688409.SH,323.403
20260827,688432.SH,46.578672
20260827,688485.SH,91.321824
20260827,688498.SH,3327.7088969999995
20260827,688507.SH,335.46856
20260827,688519.SH,304.87946
20260827,688530.SH,65.35269
20260827,688535.SH,157.907204
20260827,688545.SH,81.20378
20260827,688548.SH,36.856326
20260827,688549.SH,25.64562
20260827,688584.SH,30.847203
20260827,688596.SH,74.70956000000001
20260827,688627.SH,519.71335
20260827,688630.SH,449.17026
20260827,688652.SH,155.591604
20260827,688662.SH,124.1993
20260827,688669.SH,102.302928
20260827,688689.SH,43.076805
20260827,688702.SH,380.4
20260827,688710.SH,90.918411
20260827,688758.SH,26.733195
20260827,688766.SH,1775.617656
20260827,920438.BJ,113.568525
20260827,920699.BJ,122.330265
20260827,920725.BJ,164.78033000000002
20260828,000011.SZ,40.46862
20260828,000017.SZ,30.720349999999996
20260828,000048.SZ,226.03645200000003
20260828,000059.SZ,10.186416000000001
20260828,000300.SH,4609.1764
20260828,000560.SZ,13.99728
20260828,000567.SZ,112.39133000000001
20260828,000571.SZ,47.65738
20260828,000608.SZ,82.21374999999999
20260828,000626.SZ,100.47998000000001
20260828,000636.SZ,998.7709450000001
20260828,000691.SZ,39.985062
20260828,000703.SZ,193.42070899999996
20260828,000712.SZ,155.288
20260828,000725.SZ,32.419104000000004
20260828,000739.SZ,293.283234
20260828,000798.SZ,23.296239999999997
20260828,000811.SZ,851.27488
20260828,000912.SZ,10.03236
20260828,000938.SZ,256.857552
20260828,001229.SZ,59.49876
20260828,001258.SZ,13.637820000000001
20260828,001288.SZ,41.443452
20260828,001331.SZ,150.752448
20260828,002084.SZ,19.4648
20260828,002107.SZ,64.013697
20260828,002141.SZ,51.980549999999994
20260828,002156.SZ,179.77499999999998
20260828,002161.SZ,73.86081
20260828,002165.SZ,67.59946799999999
20260828,002167.SZ,135.33198
20260828,002185.SZ,179.206488
20260828,002303.SZ,67.309264
20260828,002317.SZ,298.07635000000005
20260828,002346.SZ,51.271885
20260828,002349.SZ,65.371017
20260828,002371.SZ,4508.146632
20260828,002396.SZ,162.36792599999998
20260828,002409.SZ,463.868518
20260828,002412.SZ,105.703065
20260828,002415.SZ,868.79169
20260828,002422.SZ,306.1277
20260828,002440.SZ,83.25527100000001
20260828,002484.SZ,303.3008
20260828,002486.SZ,12.433365
20260828,002528.SZ,42.8526
20260828,002552.SZ,170.702667
20260828,002578.SZ,22.840750000000003
20260828,002636.SZ,199.98630400000002
20260828,002674.SZ,35.535453
20260828,002679.SZ,19.412997999999998
20260828,002742.SZ,30.655248
20260828,002747.SZ,195.64737
20260828,002758.SZ,41.879581
20260828,002768.SZ,309.06228999999996
20260828,002774.SZ,21.370986
20260828,002821.SZ,500.74134599999996
20260828,002832.SZ,147.145451
20260828,002855.SZ,14.947439999999999
20260828,002860.SZ,61.632
20260828,002942.SZ,31.151718
20260828,002949.SZ,17.090304
20260828,002971.SZ,63.07307599999999
20260828,003004.SZ,72.53036
20260828,003032.SZ,10.492199999999999
20260828,003036.SZ,58.487266999999996
20260828,300083.SZ,110.0351
20260828,300094.SZ,7.837829999999999
20260828,300192.SZ,91.91586799999999
20260828,300209.SZ,132.574267
20260828,300214.SZ,44.494113999999996
20260828,300234.SZ,62.080127999999995
20260828,300285.SZ,876.0359400000001
20260828,300313.SZ,31.11445
20260828,300404.SZ,63.226296000000005
20260828,300408.SZ,500.23123200000003
20260828,300419.SZ,69.06518
20260828,300420.SZ,76.46265
20260828,300483.SZ,46.104589999999995
20260828,300489.SZ,704.6109
20260828,300506.SZ,33.013706
20260828,300534.SZ,53.59004
20260828,300540.SZ,60.07947299999999
20260828,300562.SZ,63.186795
20260828,300566.SZ,86.104797
20260828,300567.SZ,672.4564
20260828,300604.SZ,1934.0615340000002
20260828,300642.SZ,54.850775999999996
20260828,300647.SZ,20.482499999999998
20260828,300666.SZ,244.928166
20260828,300671.SZ,102.22785
20260828,300677.SZ,317.45952
20260828,300684.SZ,312.85064
20260828,300716.SZ,28.883789999999998
20260828,300721.SZ,45.214799000000006
20260828,300759.SZ,102.760416
20260828,300798.SZ,8.698770000000001
20260828,300833.SZ,67.296699
20260828,300835.SZ,281.920069
20260828,300843.SZ,137.52625
20260828,300862.SZ,72.521295
20260828,300903.SZ,167.1173
20260828,300907.SZ,54.952512000000006
20260828,300929.SZ,26.596545000000003
20260828,300945.SZ,14.52726
20260828,300951.SZ,180.962352
20260828,300985.SZ,53.88759
20260828,301008.SZ,67.22323
20260828,301013.SZ,59.016265
20260828,301045.SZ,67.76421599999999
20260828,301047.SZ,227.2593
20260828,301072.SZ,45.431988
20260828,301080.SZ,188.15775
20260828,301092.SZ,46.018280000000004
20260828,301108.SZ,56.920528000000004
20260828,301122.SZ,52.37076
20260828,301165.SZ,244.96104000000003
20260828,301217.SZ,117.31838400000001
20260828,301218.SZ,73.28547
20260828,301234.SZ,104.64545
20260828,301273.SZ,55.678657
20260828,301282.SZ,49.29201200000001
20260828,301307.SZ,56.965964
20260828,301310.SZ,106.134366
20260828,301319.SZ,339.721914
20260828,301321.SZ,63.42146
20260828,301345.SZ,258.37489999999997
20260828,301365.SZ,68.430115
20260828,301377.SZ,422.83839
20260828,301379.SZ,61.50598399999999
20260828,301511.SZ,127.17965
20260828,301520.SZ,102.284624
20260828,301526.SZ,30.48992
20260828,301536.SZ,117.63315200000001
20260828,301580.SZ,109.896024
20260828,301588.SZ,28.605396999999996
20260828,600127.SH,59.87398999999999
20260828,600160.SH,463.822194
20260828,600162.SH,52.90373600000001
20260828,600172.SH,134.75490000000002
20260828,600183.SH,2014.616235
20260828,600206.SH,224.909925
20260828,600227.SH,26.335
20260828,600228.SH,18.02439
20260828,600246.SH,151.05155999999997
20260828,600251.SH,112.494129
20260828,600272.SH,26.401348
20260828,600353.SH,371.843088
20260828,600354.SH,24.490430000000003
20260828,600367.SH,186.34723000000002
20260828,600371.SH,50.015514
20260828,600378.SH,208.244853
20260828,600397.SH,76.47215
20260828,600428.SH,84.290736
20260828,600479.SH,224.91309099999998
20260828,600540.SH,17.437649999999998
20260828,600551.SH,47.40075
20260828,600584.SH,367.142014
20260828,600613.SH,375.84276
20260828,600654.SH,5489.47113
20260828,600664.SH,90.063
20260828,600667.SH,106.114302
20260828,600671.SH,67.92982
20260828,600689.SH,31.273424000000002
20260828,600691.SH,27.80652
20260828,600721.SH,22.525416
20260828,600722.SH,89.97084000000001
20260828,600815.SH,28.387900000000002
20260828,600857.SH,116.53641999999999
20260828,600909.SH,10.814839000000001
20260828,600929.SH,6.925464000000001
20260828,600988.SH,272.709677
20260828,601086.SH,11.61762
20260828,601101.SH,72.155801
20260828,601168.SH,56.19588
20260828,601233.SH,88.743105
20260828,601678.SH,31.33962
20260828,601700.SH,53.075568000000004
20260828,601872.SH,33.579416
20260828,601886.SH,39.876408
20260828,601918.SH,18.437248000000004
20260828,603012.SH,22.972691
20260828,603029.SH,25.537160000000004
20260828,603065.SH,17.914896000000002
20260828,603078.SH,197.59608
20260828,603086.SH,37.750221
20260828,603100.SH,31.514415000000003
20260828,603118.SH,45.488088
20260828,603127.SH,373.12244400000003
20260828,603129.SH,332.795232
20260828,603137.SH,32.475625
20260828,603156.SH,166.330289
20260828,603162.SH,42.607336
20260828,603186.SH,194.85467999999997
20260828,603221.SH,30.610290000000003
20260828,603259.SH,406.97344
20260828,603261.SH,57.57
20260828,603268.SH,267.0898
20260828,603330.SH,58.548157999999994
20260828,603396.SH,47.25347
20260828,603580.SH,171.96591600000002
20260828,603608.SH,31.4018
20260828,603663.SH,175.80159
20260828,603678.SH,126.347568
20260828,603679.SH,34.68456
20260828,603682.SH,15.64668
20260828,603757.SH,166.49664
20260828,603823.SH,136.610532
20260828,603838.SH,26.9382
20260828,603900.SH,13.37012
20260828,603986.SH,2244.453602
20260828,603989.SH,67.60468
20260828,605111.SH,231.80495899999997
20260828,605179.SH,33.40101599999999
20260828,688002.SH,164.52975
20260828,688011.SH,79.474
20260828,688012.SH,550.3899
20260828,688017.SH,413.1508
20260828,688037.SH,797.4809640000001
20260828,688046.SH,33.76425
20260828,688072.SH,1471.969497
20260828,688082.SH,301.63896
20260828,688120.SH,1215.3779039999997
20260828,688131.SH,261.902346
20260828,688137.SH,75.255648
20260828,688141.SH,119.58
20260828,688143.SH,214.05817199999998
20260828,688146.SH,253.70835
20260828,688147.SH,120.668108
20260828,688152.SH,73.679676
20260828,688200.SH,1298.659946
20260828,688202.SH,193.154
20260828,688209.SH,30.296224000000002
20260828,688222.SH,33.507342
20260828,688233.SH,106.16319999999999
20260828,688237.SH,57.647062
20260828,688249.SH,39.29941000000001
20260828,688260.SH,105.0225
20260828,688296.SH,23.817
20260828,688300.SH,563.2434000000001
20260828,688328.SH,84.57536
20260828,688347.SH,249.00204
20260828,688359.SH,95.9322
20260828,688361.SH,363.711714
20260828,688362.SH,62.85800999999999
20260828,688371.SH,30.489585
20260828,688403.SH,25.047040000000003
20260828,688409.SH,310.69251
20260828,688432.SH,45.798815999999995
20260828,688485.SH,84.44420000000001
20260828,688498.SH,3138.6955049999997
20260828,688507.SH,330.42998800000004
20260828,688519.SH,302.91049000000004
20260828,688530.SH,61.559315999999995
20260828,688535.SH,153.18016
20260828,688545.SH,77.94997
20260828,688548.SH,35.078394
20260828,688549.SH,24.564539999999997
20260828,688584.SH,29.833785000000002
20260828,688596.SH,69.55006
20260828,688627.SH,497.90259499999996
20260828,688630.SH,428.89308
20260828,688652.SH,150.16784399999997
20260828,688662.SH,122.18035
20260828,688669.SH,100.74064
20260828,688689.SH,42.28203
20260828,688702.SH,365.1
20260828,688710.SH,87.691851
20260828,688758.SH,27.266851999999997
20260828,688766.SH,1657.033872
20260828,920087.BJ,23.342471999999997
20260828,920438.BJ,107.95448
20260828,920608.BJ,27.260814
20260828,920699.BJ,118.037975
20260828,920725.BJ,157.322646
20260828,920895.BJ,41.908416
