ts_code,name,industry,close,amount,circ_mv
920202.BJ,安达股份,汽车配件,14.3,177659.40963,34034.0
920025.BJ,凯达重工,专用机械,12.62,168695.58396,64362.0
001246.SZ,C力勤资源,小金属,53.55,3919921.88831,842483.943
920229.BJ,世纪数码,纺织机械,44.99,123383.841,51063.65
301716.SZ,C鸿富诚,半导体,504.0,2521949.05658,627646.32
920201.BJ,百瑞吉,医疗保健,39.01,94426.43927,29680.6298
301686.SZ,中塑股份,塑料,160.61,498836.50761,140262.3191
920298.BJ,腾信精密,机械基件,66.66,212903.19223,101989.8
601091.SH,沈鼓集团,机械基件,24.2,1993050.419,511014.944
920268.BJ,百迈科,医疗保健,28.19,81716.86313,40729.2954
688837.SH,信诺维,生物制药,49.6,711786.569,241026.24
688801.SH,燧原科技,半导体,426.6,930844.027,763626.798
920269.BJ,杰锋动力,汽车配件,32.56,21309.0695,28976.772
920289.BJ,华汇智能,专用机械,26.84,72518.87485,38783.8456
301689.SZ,电科思仪,电器仪表,72.2,1474938.21321,415594.03
920071.BJ,金钛股份,小金属,25.5,114421.02829,80325.0
603448.SH,天博智能,汽车配件,58.32,140586.295,137149.9776
301699.SZ,洛轴股份,机械基件,34.45,958849.30138,240913.673
920288.BJ,华大海天,造纸,17.19,19925.44785,30735.72
601123.SH,马矿股份,普钢,16.85,296581.255,161470.6855
920093.BJ,信胜科技,纺织机械,18.58,14499.34937,46821.6
301697.SZ,贝特利,化工原料,31.51,620816.46738,138615.641
920059.BJ,双英集团,汽车配件,11.98,17384.10288,38717.3545
688835.SH,高凯技术,专用机械,343.07,688827.793,644381.5196
301688.SZ,格林生物,化工原料,40.34,312737.80183,104823.49
920107.BJ,恒兴股份,染料涂料,18.8,10910.58785,35481.24
920138.BJ,杰理科技,软件服务,32.3,68937.75296,111802.4351
688836.SH,宇树科技,专用机械,427.8,936959.002,1287151.806
301655.SZ,绿控传动,汽车配件,24.1,187850.21808,108373.362
688826.SH,频准激光,元器件,661.02,443621.274,503551.8156
920165.BJ,珈凯生物,日用化工,31.2,12943.84646,29967.7279
920038.BJ,森合高科,化工原料,37.26,63612.60781,198285.3534
688828.SH,国仪公司,电器仪表,80.0,97222.701,208312.0
301717.SZ,超纯应材,半导体,321.62,476682.92599,560467.8768
920258.BJ,聚仁新材,化工原料,9.54,11796.62679,125699.5456
920065.BJ,千岸科技,互联网,32.14,51015.54603,50620.5
301707.SZ,展芯股份,元器件,67.43,226591.34587,182415.6818
603468.SH,津富士达,摩托车,21.95,45462.41,87774.977
001232.SZ,嘉立创,元器件,172.0,640770.40287,760351.8
920238.BJ,长鹰硬科,机械基件,57.58,76445.70769,111745.1663
301677.SZ,欣兴工具,机械基件,54.23,315513.1672,116269.12
920176.BJ,维琪科技,化工原料,56.28,55107.8102,44725.716
688825.SH,长鑫科技,半导体,50.52,18905234.267,22749353.028
920079.BJ,乔路铭,汽车配件,12.31,17381.4427,89371.9122
920117.BJ,龙鑫智能,专用机械,27.74,110214.15001,56073.6443
688806.SH,泰诺麦博,生物制药,27.15,451776.041,138534.7755
920081.BJ,欧伦电气,家用电器,39.68,32084.62062,67852.8
920189.BJ,康美特,化工原料,19.19,47997.90107,162860.5406
920136.BJ,永励精密,汽车配件,20.04,18764.62073,42084.0
301583.SZ,托伦斯,机械基件,117.53,620977.32079,362361.4442
920222.BJ,益坤电气,电气设备,24.79,31532.98397,28663.6606
920193.BJ,吉和昌,化工原料,28.66,64924.28409,72223.2
001248.SZ,华润新能源,新型电力,11.55,316535.94483,1227076.389
920072.BJ,科莱瑞迪,医疗保健,22.36,13124.8531,32343.74
001399.SZ,惠科股份,元器件,20.52,365913.76618,883522.8684
688797.SH,臻宝科技,半导体,228.98,415089.258,668454.4446
920220.BJ,朗信电气,汽车配件,38.92,14245.70812,80703.8776
920218.BJ,新天力,塑料,14.43,7336.14589,30412.9984
920211.BJ,新睿电子,专用机械,82.8,21754.73351,96020.4359
920206.BJ,彩客科技,染料涂料,40.79,106864.02838,112274.8951
920200.BJ,振宏股份,电气设备,30.41,79404.27374,134926.129
920191.BJ,瑞尔竞达,其他建材,8.55,3423.57483,34127.325
920188.BJ,悦龙科技,橡胶,21.06,5902.86899,41685.9092
920187.BJ,通领科技,汽车配件,16.69,3713.05576,55402.8973
920186.BJ,中科仪,机械基件,61.2,235386.80173,716503.5472
920183.BJ,海菲曼,IT设备,28.57,4804.96491,32952.1437
920181.BJ,赛英电子,元器件,64.12,24424.62859,64248.24
920180.BJ,爱得科技,医疗保健,11.35,3631.72862,40825.353
920178.BJ,锐翔智能,专用机械,77.9,44421.01393,149998.1171
920177.BJ,恒道科技,专用机械,22.29,2150.8206,41300.0399
920168.BJ,通宝光电,汽车配件,14.92,2682.36863,42036.3749
920166.BJ,海圣医疗,医疗保健,19.23,3792.44384,45699.5316
920161.BJ,龙辰科技,元器件,18.85,28684.98791,138942.579
920159.BJ,农大科技,农药化肥,27.63,13991.42032,42329.16
920156.BJ,海昌智能,专用机械,34.7,11036.60567,75326.76
920126.BJ,永大股份,专用机械,9.65,8224.42388,43104.62
920125.BJ,鸿仕达,专用机械,130.1,143660.16093,297909.7322
920119.BJ,美德乐,专用机械,52.3,31948.69695,144192.8625
920096.BJ,嘉晨智能,电器仪表,29.25,12537.66372,47385.0
920083.BJ,金戈新材,矿物制品,34.85,106147.41768,132510.9287
920078.BJ,族兴新材,小金属,16.99,18704.95856,66240.2722
920069.BJ,普昂医疗,医疗保健,30.93,12155.12905,45652.4975
920055.BJ,隆源股份,汽车配件,24.82,2996.9516,37974.6
920036.BJ,觅睿科技,IT设备,30.08,6401.42974,39288.3212
920028.BJ,新恒泰,塑料,15.15,12509.07342,98413.794
920012.BJ,创达新材,元器件,47.1,26754.63128,90891.2721
920011.BJ,晨光电机,电气设备,17.35,4284.73713,32271.0017
688820.SH,盛合晶微,半导体,105.95,951382.85,1831903.047
688818.SH,电科蓝天,航空,41.8,498155.481,593647.78
688816.SH,易思维,专用机械,46.94,13114.815,96395.984
688813.SH,泰金新能,专用机械,122.87,587287.76,393184.0
688811.SH,有研复材,小金属,18.73,68801.196,172552.1853
688808.SH,联讯仪器,电器仪表,1420.0,2512620.98,4055278.6
688785.SH,恒运昌,半导体,335.5,186675.58,454414.62
688781.SH,视涯科技,元器件,39.2,121563.385,163185.68
688712.SH,北芯生命,医疗保健,29.97,51434.503,136663.2
688635.SH,长进光子,通信设备,230.36,319518.927,409038.734
603459.SH,红板科技,元器件,75.11,618653.496,614891.7705
603435.SH,嘉德利,元器件,44.04,129956.842,157167.75
603407.SH,长裕集团,化工原料,56.45,125796.27,202723.24
603293.SH,埃泰克,汽车配件,35.18,31029.831,123469.487
603284.SH,林平发展,造纸,40.23,30273.65,75848.4351
601112.SH,振石股份,玻璃,15.21,96118.12,277945.2585
301696.SZ,三瑞智能,电气设备,85.2,105335.87289,256310.568
301683.SZ,慧谷新材,染料涂料,98.91,136007.28639,149117.7051
301682.SZ,宏明电子,元器件,99.55,212059.812,302505.5715
301680.SZ,固德电材,汽车配件,94.4,60028.96902,167332.496
301669.SZ,高特电子,电气设备,25.29,231876.60736,207093.4875
301666.SZ,大普微,IT设备,320.0,760194.49419,848521.6
301599.SZ,理奇智能,专用机械,37.0,506541.39802,202391.85
301531.SZ,春光集团,矿物制品,48.27,165371.61636,226307.6199
301513.SZ,尚水智能,专用机械,67.81,597216.21584,136630.369
001393.SZ,维通利,电气设备,40.64,83881.222,195235.3728
001365.SZ,天海电子,汽车配件,35.48,175383.51548,204029.8688
001312.SZ,福恩股份,纺织,18.0,38878.70617,102888.54
001257.SZ,盛龙股份,小金属,20.42,171927.78576,307320.5916
001237.SZ,惠康科技,电气设备,49.01,38667.31888,170829.256
001220.SZ,世盟股份,仓储物流,31.28,17625.41784,72170.78
689009.SH,九号公司,摩托车,36.56,255525.194,2055517.9618
920992.BJ,中科美菱,医疗保健,12.86,15812.11234,63036.2259
920985.BJ,海泰新能,电气设备,4.57,16485.00957,100228.2616
920982.BJ,锦波生物,医疗保健,132.0,279006.04965,732139.3992
920981.BJ,晶赛科技,元器件,27.44,28906.59178,105541.6406
920978.BJ,开特股份,汽车配件,16.97,9197.22362,171286.6068
920976.BJ,视声智能,通信设备,22.13,18966.96491,97636.6748
920974.BJ,凯大催化,化工原料,6.1,4422.90594,76539.2736
920971.BJ,天马新材,化工原料,25.61,65168.08503,219484.8759
920970.BJ,大禹生物,饲料,6.15,13525.90888,43093.8495
920964.BJ,润农节水,建筑工程,4.75,5437.29835,70156.1876
920961.BJ,创远信科,电器仪表,20.63,69744.03051,231628.3298
920957.BJ,汉维科技,化工原料,9.4,9318.60579,40142.45
920953.BJ,国子软件,软件服务,21.96,20520.10299,131509.1136
920950.BJ,迅安科技,元器件,12.75,2220.77598,45543.1275
920946.BJ,森萱医药,化学制药,10.71,84875.17656,457088.9734
920943.BJ,优机股份,机械基件,13.73,6698.18801,71132.1547
920942.BJ,恒立钻具,机械基件,16.38,7351.79152,67837.7929
920932.BJ,科达自控,软件服务,9.96,6681.10959,86713.7769
920931.BJ,无锡鼎邦,化工机械,9.78,3896.53892,28142.7324
920926.BJ,鸿智科技,家用电器,10.14,26855.61861,81304.9323
920925.BJ,锦好医疗,医疗保健,10.9,5100.71193,60636.3229
920924.BJ,广脉科技,通信设备,13.72,11074.19041,89690.5775
920914.BJ,远航精密,小金属,17.33,32845.95775,172614.1653
920906.BJ,舜宇精工,汽车配件,14.68,4026.12907,48966.2014
920896.BJ,旺成科技,汽车配件,11.84,3948.17849,52571.743
920895.BJ,花溪科技,农用机械,19.81,93082.25028,56927.7989
920892.BJ,广咨国际,建筑工程,11.01,11253.4967,166088.652
920885.BJ,星辰科技,电器仪表,11.45,12499.98363,100714.6878
920879.BJ,基康技术,电器仪表,12.24,5351.13193,183323.1569
920876.BJ,慧为智能,元器件,15.74,8699.14934,61776.7439
920873.BJ,中设咨询,建筑工程,7.12,14984.7436,85302.1532
920871.BJ,派特尔,塑料,11.13,9502.81115,52350.1876
920870.BJ,恒进感应,机床制造,11.22,4381.76713,74055.2538
920866.BJ,绿亨科技,农药化肥,6.18,8372.48285,68569.8748
920857.BJ,泓禧科技,元器件,15.6,13670.75177,115451.1571
920856.BJ,浩淼科技,专用机械,10.46,10810.07001,55500.7987
920855.BJ,浙江大农,机床制造,12.43,10263.12949,83326.8804
920839.BJ,万通液压,工程机械,23.07,6841.70433,150422.389
920837.BJ,华原股份,汽车配件,9.67,5446.3689,132273.79
920834.BJ,三维装备,塑料,8.17,8780.97937,51304.6907
920833.BJ,美心翼申,汽车配件,9.5,5702.66,82310.8025
920832.BJ,齐鲁华信,化工原料,6.35,4558.42613,78654.6389
920826.BJ,盖世食品,食品,8.28,17158.55945,52291.6387
920821.BJ,则成电子,元器件,18.74,67717.74731,136527.3128
920819.BJ,颖泰生物,农药化肥,3.05,11393.32629,369545.625
920810.BJ,春光智能,专用机械,8.2,5056.59792,51174.1869
920809.BJ,安达科技,电气设备,7.1,107039.27323,326001.2201
920808.BJ,曙光数创,IT设备,54.49,73721.95937,1061254.4436
920807.BJ,奔朗新材,机械基件,8.86,17196.09693,109466.1169
920806.BJ,云星宇,软件服务,9.88,8794.53807,297127.827
920802.BJ,保丽洁,环境保护,10.6,2972.50535,38390.7005
920799.BJ,艾融软件,软件服务,29.38,59627.05867,352765.4279
920792.BJ,东和新材,其他建材,9.24,3949.39276,93902.7363
920790.BJ,联迪信息,软件服务,21.1,25484.92339,114688.9614
920786.BJ,骑士乳业,乳制品,7.43,88294.4614,102572.2311
920781.BJ,瑞奇智造,专用机械,5.53,3335.64161,66562.5573
920779.BJ,武汉蓝电,电器仪表,33.13,258518.21368,66326.2666
920770.BJ,艾能聚,电气设备,10.03,21346.44323,82139.4814
920768.BJ,拾比佰,家用电器,7.12,5281.88802,76461.3361
920765.BJ,美之高,家居用品,10.84,8131.6038,57242.9007
920753.BJ,天纺标,纺织,14.56,6550.52979,47625.2504
920751.BJ,惠同新材,小金属,15.48,18331.89683,128587.9095
920748.BJ,路桥信息,软件服务,32.47,138670.13597,228491.7147
920735.BJ,德源药业,化学制药,25.93,46716.57093,295946.7497
920729.BJ,永顺生物,农业综合,7.1,36519.36233,55029.9991
920726.BJ,朱老六,食品,14.99,20531.66243,83814.269
920725.BJ,惠丰钻石,矿物制品,77.24,214656.57463,341251.6109
920720.BJ,吉冈精密,机械基件,7.57,11289.71161,56031.0
920719.BJ,宁新新材,化工原料,7.76,56683.98851,57689.9057
920718.BJ,合肥高科,家用电器,10.15,3654.11869,47207.72
920717.BJ,瑞星股份,专用机械,6.75,2967.76155,29889.0
920706.BJ,铁拓机械,工程机械,15.63,31672.18019,74511.1328
920703.BJ,广厦环能,专用机械,9.59,3192.67774,73138.276
920701.BJ,豪声电子,元器件,10.18,3861.48997,102010.9703
920699.BJ,海达尔,家用电器,56.68,40939.65252,165649.6806
920694.BJ,中裕科技,塑料,16.12,5443.06418,100696.4542
920693.BJ,阿为特,机械基件,22.85,8180.04403,83653.85
920690.BJ,捷众科技,汽车配件,14.92,9647.10236,83594.9756
920689.BJ,克莱特,专用机械,18.95,7084.97965,71878.5192
920685.BJ,新芝生物,电器仪表,12.35,22559.36071,72017.7579
920682.BJ,球冠电缆,电气设备,5.7,6138.2753,128709.868
920679.BJ,前进科技,机械基件,15.45,3018.29838,57327.6113
920675.BJ,秉扬科技,矿物制品,7.24,7308.26324,57208.9379
920670.BJ,数字人,软件服务,12.18,6591.22287,81159.7345
920665.BJ,科强股份,橡胶,8.19,3163.70304,52564.3283
920663.BJ,明阳科技,汽车配件,11.78,4012.84633,75482.1406
920662.BJ,方盛股份,机械基件,17.61,11374.36417,47557.7104
920656.BJ,海昇药业,化学制药,14.81,15204.95152,120891.9003
920651.BJ,天罡股份,电器仪表,18.51,16355.72216,76756.1074
920642.BJ,通易航天,航空,9.44,12068.42928,94713.2928
920641.BJ,格利尔,元器件,12.89,6011.24481,58415.3055
920640.BJ,富士达,通信设备,25.86,66620.59742,467078.9393
920639.BJ,晨光电缆,电气设备,6.1,3126.59727,72439.7167
920634.BJ,新威凌,铅锌,15.15,5770.79504,61800.8087
920627.BJ,力王股份,电气设备,17.83,213939.18755,87540.8425
920608.BJ,丰安股份,机械基件,13.36,5003.02449,64420.4344
920599.BJ,同力股份,工程机械,17.36,33349.63146,608597.0647
920593.BJ,鼎智科技,机械基件,22.55,33741.65054,365659.0875
920592.BJ,华信永道,软件服务,23.8,64047.55501,119679.9922
920580.BJ,科创新材,其他建材,10.68,16931.83965,58486.963
920579.BJ,机科股份,机械基件,13.52,6484.6085,60264.6158
920578.BJ,巨能股份,专用机械,16.35,19026.88149,58044.1661
920576.BJ,天力复合,小金属,36.71,68199.58753,395991.3353
920575.BJ,*ST康乐,生物制药,4.9,14614.13037,92040.9532
920571.BJ,国航远洋,水运,8.79,173660.76502,260258.0575
920570.BJ,坤博精工,机械基件,24.66,6927.54201,62860.1057
920566.BJ,梓橦宫,化学制药,9.13,8137.95913,102572.4102
920564.BJ,天润科技,软件服务,13.15,9584.34006,64683.3193
920556.BJ,雅达股份,电器仪表,6.32,4719.23125,73552.0943
920553.BJ,凯腾精工,专用机械,6.5,3479.29969,60972.2003
920547.BJ,无锡晶海,化学制药,19.03,8514.04309,71866.6047
920541.BJ,铁大科技,运输设备,9.33,4044.92794,84024.7522
920533.BJ,骏创科技,汽车配件,15.77,16973.57482,115337.2587
920527.BJ,夜光明,纺织,14.29,13294.72842,66530.3774
920526.BJ,凯华材料,化工原料,20.3,60299.189,106305.9966
920523.BJ,德瑞锂电,电气设备,16.02,62926.44703,128940.935
920522.BJ,纳科诺尔,专用机械,21.61,422759.47547,393354.3394
920519.BJ,万德股份,化工原料,10.86,20654.73724,86192.8759
920510.BJ,丰光精密,机械基件,18.33,94192.38414,172288.5788
920509.BJ,同惠电子,电器仪表,21.93,86631.55144,184180.2278
920508.BJ,殷图网联,电气设备,14.93,16821.32856,47635.546
920505.BJ,九菱科技,机械基件,24.6,11149.03048,88586.878
920504.BJ,博迅生物,医疗保健,17.93,5245.51655,30645.7857
920496.BJ,许昌智能,电气设备,6.25,5704.71583,90624.02
920493.BJ,并行科技,软件服务,104.5,63629.47615,466455.9708
920491.BJ,奥迪威,元器件,20.1,39675.59406,232804.1215
920489.BJ,佳先股份,化工原料,11.89,14849.73222,103235.554
920478.BJ,峆一药业,化学制药,10.58,71574.68505,70890.4341
920476.BJ,海能技术,电器仪表,22.11,12149.29912,177609.4819
920475.BJ,三友科技,专用机械,10.93,4099.89199,61422.8947
920471.BJ,美邦科技,化工原料,11.08,7689.1611,58757.9126
920469.BJ,富恒新材,塑料,5.55,10002.97025,57413.7299
920455.BJ,汇隆活塞,专用机械,6.47,2986.27819,62960.503
920454.BJ,同心传动,汽车配件,11.26,3638.8175,55433.543
920445.BJ,龙竹科技,家居用品,7.07,16946.24486,76361.7486
920438.BJ,戈碧迦,元器件,98.85,443685.87417,1377910.1843
920436.BJ,大地电气,汽车配件,10.45,5487.75015,93406.2183
920433.BJ,大唐药业,中成药,4.61,4135.28534,78054.8586
920429.BJ,康比特,食品,10.46,6997.45976,118721.409
920427.BJ,华维设计,建筑工程,9.81,80924.93937,49885.8503
920425.BJ,乐创技术,专用机械,13.66,9373.82073,113239.5108
920422.BJ,润普食品,食品,9.2,4686.23122,60924.8932
920419.BJ,路斯股份,饲料,10.69,4752.28519,103362.9719
920418.BJ,苏轴股份,汽车配件,17.45,50121.38294,273822.8732
920415.BJ,恒拓开源,软件服务,8.54,7184.91386,91527.4961
920414.BJ,欧普泰,电器仪表,7.81,5312.51285,43796.5954
920407.BJ,驰诚股份,电器仪表,10.34,4473.22416,46725.5956
920405.BJ,海希通讯,电器仪表,16.66,9197.29898,177080.038
920403.BJ,康农种业,种植业,19.28,50545.35547,125325.6645
920402.BJ,硅烷科技,化工原料,7.76,25434.08182,211749.663
920396.BJ,常辅股份,电器仪表,18.17,15693.13893,90335.6273
920395.BJ,朗鸿科技,IT设备,6.48,3790.60408,68097.0396
920394.BJ,民士达,造纸,44.75,31448.88947,649648.3337
920392.BJ,佳合科技,广告包装,13.15,5003.34326,47392.4685
920378.BJ,泰德股份,汽车配件,6.99,6831.9056,76703.929
920375.BJ,派诺科技,电气设备,6.14,6658.93149,60438.2273
920374.BJ,云里物里,通信设备,14.78,8075.1583,51618.9845
920371.BJ,欧福蛋业,食品,7.0,21150.10018,136366.7228
920370.BJ,新安洁,环境保护,2.85,4239.79775,74780.067
920368.BJ,连城数控,专用机械,22.3,43911.31248,497973.5708
920367.BJ,新赣江,化学制药,24.16,100091.16933,101454.0684
920363.BJ,莱赛激光,电器仪表,9.57,5305.03906,67480.3678
920357.BJ,雅葆轩,元器件,14.2,19053.59712,89397.3496
920351.BJ,华光源海,仓储物流,12.0,8297.1776,47808.408
920346.BJ,威贸电子,元器件,14.61,10551.09621,65567.1495
920344.BJ,三元基因,生物制药,22.21,204030.20632,252590.2411
920339.BJ,恒太照明,家用电器,10.15,6871.59802,153444.792
920304.BJ,迪尔化工,化工原料,9.23,12663.0102,125001.7497
920300.BJ,辰光医疗,医疗保健,9.43,6026.30244,62739.3516
920299.BJ,灿能电力,电气设备,13.2,10462.86881,59947.4898
920284.BJ,灵鸽科技,专用机械,18.65,185091.84407,125068.2074
920278.BJ,鹿得医疗,医疗保健,6.09,4697.83553,60074.9877
920275.BJ,驱动力,农业综合,6.31,4684.89967,83238.0628
920274.BJ,宏裕包材,广告包装,15.04,11723.97818,122325.3343
920273.BJ,一致魔芋,食品,16.81,18878.5541,115300.1329
920271.BJ,邦德股份,汽车配件,8.77,3676.35515,50769.908
920270.BJ,天铭科技,汽车配件,11.03,4632.18934,89654.1199
920267.BJ,鑫汇科,元器件,15.18,8703.98658,41254.7589
920266.BJ,生物谷,中成药,7.14,8735.25294,84602.1863
920263.BJ,中航泰达,环境保护,6.29,4098.55192,64475.423
920262.BJ,太湖雪,纺织,13.53,4386.05632,52166.9431
920261.BJ,一诺威,化工原料,13.27,5739.0629,212646.7034
920260.BJ,中寰股份,专用机械,8.08,4234.92984,79960.2529
920252.BJ,天宏锂电,电气设备,16.83,157146.85282,114833.1752
920249.BJ,利尔达,元器件,8.52,14021.92919,106218.4788
920247.BJ,华密新材,橡胶,14.15,18425.97996,194057.9322
920245.BJ,威博液压,机械基件,13.31,5322.04535,70801.6759
920242.BJ,建邦科技,汽车配件,13.19,2727.22744,69554.9127
920239.BJ,长虹能源,电气设备,21.19,55835.36268,381165.6776
920237.BJ,力佳科技,电气设备,13.04,83683.0826,121574.5254
920230.BJ,欧康医药,生物制药,10.9,15180.31826,51500.0453
920227.BJ,美登科技,软件服务,47.15,26525.92425,83541.3932
920225.BJ,利通科技,橡胶,16.02,47422.42387,132617.0107
920223.BJ,荣亿精密,机械基件,12.21,23599.86862,99725.4803
920221.BJ,易实精密,汽车配件,12.04,13080.70536,74564.8132
920212.BJ,智新电子,元器件,9.9,11566.14473,51086.2404
920208.BJ,青矩技术,建筑工程,10.73,39817.9478,173028.8694
920207.BJ,众诚科技,软件服务,20.44,29731.00485,115106.7726
920204.BJ,沪江材料,塑料,12.55,5103.07009,62738.3825
920199.BJ,倍益康,家用电器,23.3,16991.94272,88369.3392
920198.BJ,微创光电,IT设备,7.7,7859.8543,54258.8223
920195.BJ,三祥科技,汽车配件,12.3,4610.02176,87033.5516
920190.BJ,雷神科技,IT设备,22.22,41080.29025,220962.4593
920185.BJ,贝特瑞,化工原料,21.01,244198.17712,2351984.8654
920184.BJ,国源科技,软件服务,10.86,11280.60785,97053.4873
920179.BJ,凯德石英,矿物制品,51.69,164202.51138,308684.7921
920175.BJ,东方碳素,化工原料,7.8,20313.07276,61848.0408
920174.BJ,五新智能,工程机械,30.1,14728.32859,168276.0968
920171.BJ,志晟信息,软件服务,14.94,12360.18343,101042.1781
920169.BJ,七丰精工,机械基件,19.19,18301.28082,97565.0035
920167.BJ,同享科技,小金属,13.24,14803.35686,86541.6871
920163.BJ,方大新材,塑料,9.18,4574.19594,55705.6491
920160.BJ,北矿检测,电器仪表,18.55,1856.98968,47280.24
920158.BJ,长江能科,专用机械,7.73,7005.11405,41274.4587
920152.BJ,昆工科技,小金属,11.85,10863.85958,97290.7906
920149.BJ,旭杰科技,建筑工程,8.28,5771.70329,52385.0785
920146.BJ,华阳变速,汽车配件,5.66,54406.86593,61463.7184
920145.BJ,恒合股份,环境保护,9.52,4315.39234,46488.302
920139.BJ,华岭股份,半导体,13.91,30944.90034,362160.0214
920132.BJ,泰鹏智能,家居用品,8.77,7556.74802,32063.2893
920130.BJ,立方控股,软件服务,15.6,17329.49171,89380.3856
920128.BJ,胜业电气,元器件,18.08,16946.51696,43934.4
920124.BJ,南特科技,机械基件,11.93,4920.52591,91361.6209
920123.BJ,芭薇股份,日用化工,10.7,6453.35945,69533.8387
920122.BJ,中纺标,综合类,22.58,24561.78334,84393.0616
920121.BJ,江天科技,广告包装,26.63,4365.75345,31757.0047
920118.BJ,太湖远大,塑料,20.37,9280.61109,63837.7467
920116.BJ,星图测控,软件服务,42.82,69008.92561,957819.17
920112.BJ,巴兰仕,专用机械,14.42,4239.47071,108356.0618
920111.BJ,聚星科技,电气设备,25.15,28313.21628,189349.6344
920110.BJ,雷特科技,电气设备,25.25,2716.19452,41003.475
920108.BJ,宏海科技,家用电器,8.41,3498.65098,61365.7937
920106.BJ,林泰新材,汽车配件,32.76,15556.61183,143036.3123
920101.BJ,志高机械,专用机械,16.03,5341.10442,163726.919
920100.BJ,三协电机,电气设备,28.39,29550.67491,77783.4699
920099.BJ,瑞华技术,石油加工,16.0,6955.23882,94293.5136
920098.BJ,科隆新材,橡胶,16.81,11196.72215,93086.4912
920092.BJ,汉鑫科技,软件服务,23.35,13296.43958,76953.7988
920091.BJ,大鹏工业,专用机械,27.37,9874.33373,39687.0474
920090.BJ,*ST同辉,IT设备,3.02,5173.20696,40743.6269
920089.BJ,禾昌聚合,塑料,9.91,6066.60012,110557.72
920088.BJ,科力股份,石油开采,42.16,257563.50749,136389.4297
920087.BJ,秋乐种业,种植业,14.89,211571.03134,244264.6801
920086.BJ,科马材料,汽车配件,19.89,8672.28932,54443.1069
920082.BJ,方正阀门,机械基件,7.65,2810.80894,43776.6033
920080.BJ,奥美森,专用机械,19.8,4129.37776,45491.888
920077.BJ,吉林碳谷,化纤,13.03,39435.16897,393390.6923
920076.BJ,国亮新材,其他建材,12.27,5989.11536,45192.7842
920075.BJ,柏星龙,广告包装,15.43,15996.03042,54203.5856
920068.BJ,天工股份,小金属,14.84,10725.41888,257744.8879
920066.BJ,科拜尔,塑料,20.6,64897.19939,40939.0516
920062.BJ,科润智控,电气设备,6.97,5487.61601,93056.4735
920061.BJ,西磁科技,专用机械,17.28,24749.99209,68021.6832
920060.BJ,万源通,元器件,25.31,128963.09962,240000.2324
920058.BJ,华洋赛车,摩托车,22.5,13519.36362,62087.373
920057.BJ,百甲科技,钢加工,4.63,2779.40085,53954.4757
920056.BJ,能之光,塑料,14.3,10898.18105,68152.8648
920050.BJ,爱伦医疗,医疗保健,27.99,2777.34441,50669.3201
920047.BJ,诺思兰德,生物制药,14.81,67591.07599,266737.6184
920046.BJ,亿能电力,电气设备,19.23,25796.55287,107547.6922
920045.BJ,蘅东光,通信设备,481.66,518346.91862,1357247.9911
920039.BJ,国义招标,建筑工程,7.37,4862.13188,113365.2663
920037.BJ,广信科技,电气设备,36.64,21188.22441,286846.9755
920035.BJ,精创电气,专用机械,23.26,4945.30038,36603.7968
920033.BJ,康普化学,化工原料,13.09,3617.55597,108427.4218
920030.BJ,德众汽车,汽车服务,4.91,33165.07528,55029.5507
920029.BJ,开发科技,电器仪表,32.1,13286.52533,646381.0337
920027.BJ,交大铁发,运输设备,11.2,5056.83463,80694.796
920026.BJ,卓兆点胶,机械基件,16.4,8392.34622,142060.3047
920023.BJ,*ST田野,食品,1.38,1594.38136,37095.5771
920022.BJ,世昌股份,汽车配件,16.68,6864.35469,41241.3
920021.BJ,流金科技,影视音像,7.35,104518.5744,181952.6847
920020.BJ,泰凯英,汽车配件,14.7,3626.92343,81733.3245
920019.BJ,铜冠矿建,建筑工程,15.22,22092.58146,254989.2837
920018.BJ,宏远股份,电气设备,14.63,11372.3122,95779.9956
920017.BJ,星昊医药,化学制药,15.59,22753.93759,191983.1595
920016.BJ,中草香料,日用化工,14.75,15493.62565,50499.8966
920015.BJ,锦华新材,化工原料,40.98,103318.59964,163970.9791
920014.BJ,特瑞斯,专用机械,8.65,4226.3892,57995.9128
920010.BJ,凯添燃气,供气供热,9.35,106715.29821,162899.3026
920009.BJ,丹娜生物,医疗保健,34.13,20618.03004,34403.04
920008.BJ,成电光信,通信设备,20.45,11393.86538,69670.4772
920007.BJ,酉立智能,电气设备,31.95,1705.65725,37401.4688
920006.BJ,晟楠科技,航空,16.8,24164.2072,80299.1482
920005.BJ,鼎佳精密,元器件,23.64,10960.97363,90568.9132
920003.BJ,中诚咨询,建筑工程,15.99,32757.15217,31126.8056
920002.BJ,万达轴承,工程机械,49.14,71841.38055,219150.4098
920001.BJ,纬达光电,元器件,10.87,14293.93129,97887.0827
920000.BJ,安徽凤凰,汽车配件,13.9,7641.12467,80055.5558
688981.SH,中芯国际,半导体,107.08,5234115.684,21422359.4812
688819.SH,天能股份,电气设备,20.98,65348.62,2039465.8
688809.SH,强一股份,半导体,470.0,460309.738,1217859.3
688807.SH,优迅股份,半导体,268.24,484924.748,429184.0
688805.SH,健信超导,医疗保健,38.23,36723.859,128208.128
688802.SH,沐曦股份,半导体,467.58,1425483.862,1519382.5068
688800.SH,瑞可达,元器件,52.78,437653.047,1522106.586
688799.SH,华纳药厂,化学制药,53.0,193501.126,708276.1
688798.SH,艾为电子,半导体,51.31,180517.066,696500.427
688796.SH,百奥赛图,生物制药,123.0,243778.261,474872.25
688795.SH,摩尔线程,半导体,372.0,1274602.736,2083200.0
688793.SH,倍轻松,家用电器,17.63,39990.236,149860.4653
688790.SH,昂瑞微,半导体,94.5,116271.619,188114.535
688789.SH,宏华数科,专用机械,48.08,94047.309,866671.3288
688788.SH,科思科技,通信设备,27.37,82099.334,599140.7954
688787.SH,海天瑞声,软件服务,80.45,132809.523,485316.234
688786.SH,悦安新材,小金属,25.6,91084.156,443700.48
688783.SH,西安奕材,半导体,25.01,552387.518,672518.9
688779.SH,五矿新能,电气设备,7.64,204160.74,1473924.08
688778.SH,厦钨新能,电气设备,46.28,684428.174,2335710.4108
688777.SH,中控技术,专用机械,77.08,733608.977,6067730.6628
688776.SH,国光电气,元器件,45.03,135426.117,488050.4502
688775.SH,影石创新,IT设备,89.54,343877.602,2322293.3228
688772.SH,珠海冠宇,电气设备,13.9,236711.319,1582208.644
688768.SH,容知日新,电器仪表,51.92,55822.273,453072.092
688767.SH,博拓生物,医疗保健,40.38,262638.132,603007.8654
688766.SH,普冉股份,半导体,333.79,2487993.901,4963577.4644
688765.SH,禾元生物,生物制药,36.23,202407.895,260750.2084
688759.SH,必贝特,生物制药,20.73,124615.75,149256.0
688758.SH,赛分科技,化工原料,29.77,486456.366,887692.8749
688757.SH,胜科纳米,电器仪表,26.05,203100.347,472078.8815
688755.SH,汉邦科技,专用机械,29.32,115270.629,234170.6304
688750.SH,金天钛业,小金属,13.72,21908.929,319563.9076
688739.SH,成大生物,生物制药,20.89,48493.172,869964.05
688737.SH,中自科技,汽车配件,16.51,29911.597,197400.9895
688733.SH,壹石通,矿物制品,28.73,288546.763,573954.1496
688729.SH,屹唐股份,半导体,20.7,713199.938,3618850.797
688728.SH,格科微,半导体,13.16,409373.126,3420009.8772
688727.SH,恒坤新材,半导体,41.59,88057.782,224703.2838
688726.SH,拉普拉斯,专用机械,43.35,222299.615,953372.7075
688722.SH,同益中,化纤,14.41,37530.787,322935.5932
688721.SH,龙图光罩,半导体,36.34,96067.097,200427.0922
688720.SH,艾森股份,半导体,58.7,240533.161,458971.778
688719.SH,爱科赛博,电气设备,52.87,206560.037,508395.2765
688718.SH,唯赛勃,塑料,14.56,19565.671,252986.4064
688717.SH,艾罗能源,电气设备,40.73,197858.304,403421.6894
688716.SH,中研股份,化工原料,24.59,29673.54,171950.9848
688711.SH,宏微科技,半导体,24.1,170619.67,522373.525
688710.SH,益诺思,生物制药,107.21,550239.129,991222.9202
688709.SH,成都华微,半导体,24.24,117661.798,537513.0312
688708.SH,佳驰科技,化工原料,37.52,56186.634,535575.488
688707.SH,振华新材,电气设备,11.12,204182.497,565719.1024
688702.SH,盛科通信,半导体,268.64,1724521.329,5615615.6368
688701.SH,卓锦股份,环境保护,8.44,19793.169,113330.1256
688700.SH,东威科技,专用机械,58.0,561555.399,1730728.12
688699.SH,明微电子,半导体,57.17,249966.128,629239.3182
688698.SH,伟创电气,电气设备,39.72,121661.072,854111.8704
688697.SH,纽威数控,机床制造,14.08,80872.694,901495.5136
688696.SH,极米科技,家用电器,79.17,159427.468,554348.34
688695.SH,中创股份,软件服务,19.79,28948.556,105669.6945
688693.SH,锴威特,半导体,67.1,67741.972,261048.524
688692.SH,达梦数据,软件服务,175.7,160713.5,1303073.779
688691.SH,灿芯股份,半导体,54.78,209875.739,399702.27
688690.SH,纳微科技,化工原料,44.07,447551.901,1779611.8236
688689.SH,银河微电,半导体,36.88,188231.354,534420.704
688687.SH,凯因科技,生物制药,18.21,72341.556,311289.7524
688686.SH,奥普特,电器仪表,123.64,124363.646,1511319.722
688685.SH,迈信林,航空,35.59,344310.475,522645.2003
688683.SH,莱尔科技,元器件,29.12,30871.16,469116.7936
688682.SH,霍莱沃,软件服务,33.14,113387.145,337494.1146
688681.SH,科汇股份,电气设备,15.36,23737.115,160773.12
688680.SH,海优新材,塑料,38.09,57895.244,371647.939
688679.SH,通源环境,环境保护,36.71,92062.607,483432.8887
688678.SH,福立旺,元器件,29.24,860029.481,1178683.406
688677.SH,海泰新光,医疗保健,69.32,366575.768,830987.364
688676.SH,金盘科技,电气设备,61.15,377451.206,2811599.951
688671.SH,碧兴物联,环境保护,24.66,30691.418,132601.9986
688670.SH,金迪克,生物制药,18.22,47555.878,224470.4
688669.SH,聚石化学,化工原料,60.54,174145.078,734551.7982
688668.SH,鼎通科技,通信设备,196.95,697222.876,2742934.467
688667.SH,菱电电控,汽车配件,94.53,65373.966,498130.5615
688665.SH,四方光电,电器仪表,40.67,26797.54,411549.0841
688663.SH,新风光,电气设备,55.6,175019.894,1096698.88
688662.SH,富信科技,元器件,112.14,1968149.613,1286308.5984
688661.SH,和林微纳,元器件,92.9,663908.425,1411037.662
688660.SH,电气风电,电气设备,8.9,246235.13,1186666.726
688659.SH,元琛科技,环境保护,9.04,30011.363,144640.0
688658.SH,悦康药业,化学制药,13.18,250804.921,593100.0
688657.SH,浩辰软件,软件服务,32.5,30798.814,194007.125
688656.SH,浩欧博,医疗保健,126.51,120003.624,803573.8086
688655.SH,迅捷兴,元器件,67.81,829750.872,904517.59
688653.SH,康希通信,半导体,13.5,168830.849,427155.66
688652.SH,京仪装备,半导体,129.14,419614.728,1559365.5
688651.SH,盛邦安全,软件服务,23.66,52847.935,111244.8246
688648.SH,中邮科技,机床制造,27.57,40226.392,191691.1773
688646.SH,逸飞激光,专用机械,72.0,108426.333,437271.84
688639.SH,华恒生物,化学制药,18.76,216298.634,469217.0532
688638.SH,誉辰智能,专用机械,34.82,17223.39,92137.202
688636.SH,智明达,元器件,18.92,98240.606,329030.9088
688633.SH,星球石墨,专用机械,21.78,33482.627,371132.5068
688631.SH,莱斯信息,软件服务,35.61,42330.653,582116.67
688630.SH,芯碁微装,专用机械,366.77,1348540.82,4831853.6539
688629.SH,华丰科技,元器件,97.45,948816.483,4492374.836
688628.SH,优利德,电器仪表,80.41,519396.115,903751.3089
688627.SH,精智达,专用机械,401.47,1184826.66,3778964.8454
688626.SH,翔宇医疗,医疗保健,40.33,112406.163,645280.0
688625.SH,呈和科技,化工原料,66.57,824004.113,1728602.5533
688623.SH,双元科技,专用机械,64.28,65192.096,228319.9888
688622.SH,*ST禾信,电器仪表,112.1,85795.856,789918.255
688621.SH,阳光诺和,医疗保健,67.71,209879.448,758352.0
688620.SH,安凯微,半导体,14.62,324101.896,573104.0
688619.SH,罗普特,软件服务,13.04,44008.313,241811.152
688618.SH,三旺通信,通信设备,27.69,58340.765,304722.3582
688617.SH,惠泰医疗,医疗保健,244.4,405064.5,3458973.648
688616.SH,西力科技,电器仪表,11.1,18513.837,199109.913
688615.SH,合合信息,软件服务,79.26,293837.272,1088226.3258
688613.SH,奥精医疗,医疗保健,19.12,108433.55,261960.4432
688612.SH,威迈斯,汽车配件,30.45,192410.723,781649.673
688611.SH,杭州柯林,电气设备,59.5,62210.491,912668.12
688610.SH,埃科光电,电器仪表,135.43,189049.091,554350.2018
688609.SH,九联科技,家用电器,8.6,154870.916,430000.0
688608.SH,恒玄科技,半导体,109.37,687894.017,2590822.182
688607.SH,康众科技,医疗保健,35.24,50645.107,310566.596
688606.SH,奥泰生物,医疗保健,51.1,48873.404,386593.984
688605.SH,先锋精科,半导体,76.78,207512.47,831924.3526
688603.SH,天承科技,化工原料,103.19,497118.528,1287032.1155
688602.SH,康鹏科技,化工原料,6.71,21679.393,348500.625
688601.SH,力芯微,半导体,55.51,197114.955,742128.1777
688600.SH,皖仪科技,电器仪表,32.2,163301.718,433761.37
688599.SH,天合光能,电气设备,10.85,268768.692,2541685.9545
688598.SH,金博股份,矿物制品,29.97,336537.285,610116.0732
688597.SH,煜邦电力,电器仪表,6.18,20504.536,207685.2654
688596.SH,正帆科技,专用机械,54.45,607700.284,1729715.8725
688595.SH,芯海科技,半导体,28.33,71756.32,408216.8855
688593.SH,新相微,半导体,29.42,357084.649,1351935.4948
688592.SH,司南导航,通信设备,21.93,22922.481,121350.7515
688591.SH,泰凌微,半导体,29.22,132962.941,573731.1936
688590.SH,新致软件,软件服务,11.56,59172.312,325433.8832
688589.SH,力合微,半导体,19.84,70194.585,288331.744
688588.SH,凌志软件,软件服务,8.77,19453.59,342038.77
688586.SH,江航装备,航空,10.75,37595.524,850689.64
688585.SH,上纬新材,化工原料,119.26,305287.089,4810491.6342
688584.SH,上海合晶,半导体,24.73,188810.552,848981.3946
688583.SH,思看科技,电器仪表,75.1,66803.204,323867.248
688582.SH,芯动联科,元器件,34.47,121254.422,1384794.6777
688581.SH,安杰思,医疗保健,54.68,46756.887,225162.9444
688580.SH,伟思医疗,医疗保健,41.62,36945.347,398600.1506
688579.SH,地纬智能,软件服务,7.78,22459.049,311207.78
688578.SH,艾力斯,化学制药,89.26,598347.316,4016700.0
688577.SH,浙海德曼,机床制造,37.81,28100.731,589048.0396
688576.SH,西山科技,医疗保健,39.49,19358.507,127625.7565
688575.SH,亚辉龙,医疗保健,10.51,113317.258,600560.6333
688573.SH,信宇人,专用机械,18.08,166539.531,96214.8896
688571.SH,杭华股份,染料涂料,8.06,37020.811,341881.5842
688570.SH,天玛智控,专用机械,14.31,13365.565,269314.2
688569.SH,铁科轨道,运输设备,18.26,23302.882,384677.3942
688568.SH,中科星图,软件服务,29.98,340536.121,2422620.5422
688567.SH,孚能科技,电气设备,9.43,154314.404,1152443.9777
688566.SH,吉贝尔,化学制药,27.26,75509.163,548202.9616
688565.SH,力源科技,环境保护,11.38,22045.268,170392.74
688563.SH,航材股份,航空,49.0,128321.424,664159.23
688562.SH,航天软件,软件服务,14.05,36728.331,562000.0
688561.SH,奇安信,软件服务,27.93,341196.216,1905531.7911
688560.SH,明冠新材,电气设备,12.86,35325.089,258874.2434
688559.SH,海目星,专用机械,47.45,479106.669,1175616.455
688558.SH,国盛智科,机床制造,31.84,35998.135,420288.0
688557.SH,兰剑智能,专用机械,20.33,29777.719,301539.6425
688556.SH,高测股份,专用机械,7.1,123391.093,589849.469
688553.SH,汇宇制药,化学制药,11.55,338927.152,586060.5135
688552.SH,航天南湖,通信设备,28.51,52037.805,961494.048
688551.SH,科威尔,专用机械,35.7,147742.861,389110.722
688550.SH,瑞联新材,化工原料,35.3,94080.587,613670.8661
688549.SH,中巨芯,元器件,20.08,531775.151,2966370.208
688548.SH,广钢气体,化工原料,29.17,637435.411,3848685.4245
688545.SH,兴福电子,元器件,66.27,357960.111,1207770.75
688543.SH,国科军工,专用机械,40.93,245440.133,1025748.3672
688539.SH,高华科技,电器仪表,22.93,32549.751,426314.56
688538.SH,和辉光电,半导体,2.06,122299.777,1184960.5542
688536.SH,思瑞浦,半导体,280.0,1629368.192,3798172.0
688535.SH,华海诚科,半导体,91.36,510881.755,1219964.7968
688533.SH,上声电子,汽车配件,19.63,14020.984,323869.6773
688531.SH,日联科技,专用机械,119.33,519947.455,1976032.0087
688530.SH,欧莱新材,半导体,50.66,339573.005,353499.4008
688529.SH,豪森智能,专用机械,14.78,28016.901,248564.128
688528.SH,秦川物联,电器仪表,10.31,16461.423,173208.0
688526.SH,科前生物,农业综合,12.29,15073.069,572871.4349
688525.SH,佰维存储,半导体,183.18,3077556.611,8734608.576
688523.SH,航天环宇,航空,37.75,113766.45,1535972.0
688522.SH,纳睿雷达,通信设备,17.81,143006.263,306660.5945
688521.SH,芯原股份,半导体,153.39,4391129.509,8067014.7867
688520.SH,神州细胞,生物制药,34.7,161239.098,1545314.879
688519.SH,南亚新材,元器件,276.86,2199387.443,6511204.5544
688518.SH,联赢激光,专用机械,19.41,206744.717,662512.0191
688517.SH,金冠电气,电气设备,18.23,124544.321,249045.8636
688516.SH,奥特维,专用机械,40.31,250970.543,1268799.5755
688515.SH,裕太微,半导体,126.99,300913.531,632656.5606
688513.SH,苑东生物,化学制药,47.5,115379.847,838528.425
688512.SH,慧智微,半导体,16.35,604456.889,535082.3625
688511.SH,天微电子,元器件,20.6,108737.847,275376.474
688510.SH,航亚科技,航空,22.5,93154.245,584825.85
688509.SH,正元地信,软件服务,4.15,17502.46,159688.763
688508.SH,芯朋微,半导体,72.85,319252.183,964681.8855
688507.SH,索辰科技,软件服务,125.45,333014.575,617661.8565
688506.SH,百利天恒,化学制药,227.1,465118.113,9376363.998
688505.SH,复旦张江,化学制药,8.26,106311.541,586932.5546
688503.SH,聚和材料,电气设备,65.6,558890.956,1587740.416
688502.SH,茂莱光学,元器件,373.1,394435.099,1969999.7881
688501.SH,青达环保,环境保护,15.08,56862.219,262265.9312
688500.SH,慧辰股份,互联网,29.87,76091.188,223927.6238
688499.SH,利元亨,专用机械,44.99,748988.274,759109.5215
688498.SH,源杰科技,半导体,1290.4,7298435.24,15857996.584
688489.SH,三未信安,IT设备,26.39,53611.135,444084.0586
688488.SH,艾迪药业,生物制药,15.38,150916.077,647163.9464
688486.SH,龙迅股份,半导体,45.5,216610.011,850223.465
688485.SH,九州一轨,运输设备,104.0,715662.642,1563037.84
688484.SH,南芯科技,半导体,30.7,284608.15,1318904.849
688480.SH,赛恩斯,环境保护,62.85,49114.929,610248.9885
688479.SH,友车科技,软件服务,32.07,64985.35,277483.7508
688478.SH,晶升股份,半导体,46.27,372354.489,640219.9447
688475.SH,萤石网络,IT设备,26.68,96574.599,2101050.0
688472.SH,阿特斯,电气设备,8.33,185141.108,3034735.7033
688469.SH,芯联集成,半导体,8.36,1327021.487,4924514.43
688468.SH,科美诊断,医疗保健,6.6,28527.259,264731.28
688466.SH,金科环境,环境保护,14.19,19955.188,173336.8098
688459.SH,哈铁科技,运输设备,8.2,5640.951,393600.0
688458.SH,美芯晟,半导体,34.49,67594.118,323280.2884
688456.SH,有研粉材,铜,64.59,265762.263,669539.94
688455.SH,科捷智能,机械基件,17.33,35380.328,291197.2031
688450.SH,光格科技,电器仪表,30.39,39819.541,148700.3973
688449.SH,联芸科技,半导体,52.55,342133.576,1540787.5455
688448.SH,磁谷科技,专用机械,65.99,173654.758,643527.2211
688443.SH,智翔金泰,生物制药,25.55,152379.202,366361.45
688439.SH,振华风光,元器件,35.79,70784.354,715800.0
688435.SH,英方软件,软件服务,28.86,54458.359,161755.1052
688433.SH,华曙高科,专用机械,75.45,305716.561,3140759.4135
688432.SH,有研硅,半导体,44.93,1636528.96,5617606.4367
688429.SH,时创能源,电气设备,9.66,13591.831,386400.7728
688428.SH,诺诚健华,生物制药,27.03,649151.535,739010.7417
688426.SH,康为世纪,生物制药,21.36,77361.541,239718.1536
688425.SH,铁建重工,工程机械,3.96,40646.521,2112064.812
688420.SH,美腾科技,专用机械,22.63,16951.994,200117.09
688419.SH,耐科装备,半导体,45.97,119546.098,526594.1649
688418.SH,震有科技,通信设备,28.17,96362.034,542426.3082
688416.SH,恒烁股份,半导体,66.97,356079.008,722477.0479
688411.SH,海博思创,电气设备,163.8,514748.557,2171567.034
688410.SH,山外山,医疗保健,8.98,116920.701,401801.9282
688409.SH,富创精密,半导体,158.97,970210.142,4867833.0876
688408.SH,中信博,电气设备,22.58,50634.103,494650.8022
688403.SH,汇成股份,半导体,19.58,871883.346,1944486.2756
688401.SH,路维光电,半导体,60.03,254186.506,1160677.4987
688400.SH,凌云光,专用机械,39.98,300286.711,1902046.9008
688399.SH,硕世生物,医疗保健,27.22,133561.817,337882.1322
688398.SH,赛特新材,矿物制品,21.29,49531.993,357276.4318
688396.SH,华润微,半导体,52.02,892430.364,6909352.0614
688395.SH,正弦电气,机械基件,25.75,36795.805,222989.0775
688393.SH,安必平,医疗保健,21.97,49741.677,205568.2347
688392.SH,骄成超声,专用机械,150.4,488398.501,1740630.336
688391.SH,钜泉科技,半导体,25.21,29617.62,291486.8435
688390.SH,固德威,电气设备,54.75,349122.563,1331098.9725
688389.SH,普门科技,医疗保健,11.37,27176.41,487188.2409
688388.SH,嘉元科技,电气设备,26.45,709139.465,1745454.8085
688387.SH,信科移动,通信设备,12.23,664622.785,4181131.25
688386.SH,泛亚微透,化工原料,44.09,86276.247,439176.081
688385.SH,复旦微电,半导体,54.32,625868.793,2929962.6776
688383.SH,新益昌,专用机械,119.22,218226.165,1211829.573
688382.SH,益方生物,生物制药,17.33,358506.437,1004432.936
688381.SH,帝奥微,半导体,37.12,467375.739,918720.0
688380.SH,中微半导,半导体,37.29,236895.436,1492961.085
688379.SH,华光新材,机械基件,50.26,169000.187,477362.4436
688378.SH,奥来德,专用机械,44.08,359746.493,1152362.2816
688377.SH,迪威尔,专用机械,16.68,48883.366,389596.9284
688376.SH,美埃科技,专用机械,53.58,116312.815,724679.6802
688375.SH,国博电子,元器件,69.2,538746.038,4124423.108
688373.SH,盟科药业,化学制药,5.56,75871.254,364862.9904
688372.SH,伟测科技,半导体,96.38,742977.67,1628788.267
688371.SH,菲沃泰,元器件,21.42,156438.819,718581.8808
688370.SH,丛麟科技,环境保护,28.81,52678.114,395007.8599
688369.SH,致远互联,软件服务,18.76,53686.096,216149.1556
688368.SH,晶丰明源,半导体,111.98,385536.512,1421612.9752
688367.SH,工大高科,运输设备,30.08,42158.677,263574.7968
688366.SH,昊海生科,医疗保健,29.78,10369.092,577886.5582
688365.SH,光云科技,软件服务,14.46,226959.319,616416.3522
688363.SH,华熙生物,医疗保健,34.5,93822.42,1661789.79
688362.SH,甬矽电子,半导体,50.92,785403.64,2312173.3232
688361.SH,中科飞测,半导体,331.48,2179133.755,11669809.7516
688360.SH,德马科技,机械基件,16.09,93914.062,424366.8313
688359.SH,三孚新科,化工原料,99.99,406322.476,996701.3199
688358.SH,祥生医疗,医疗保健,27.79,46049.829,311180.1924
688357.SH,建龙微纳,化工原料,26.38,24997.48,263958.0162
688356.SH,键凯科技,化学制药,108.81,932891.497,659940.2667
688355.SH,明志科技,机械基件,16.82,24155.072,208494.1602
688353.SH,华盛锂电,化工原料,86.21,561459.558,1375049.5
688352.SH,颀中科技,半导体,15.8,355224.067,578939.7006
688351.SH,微电生理,医疗保健,16.74,50703.001,787784.4
688350.SH,富淼科技,化工原料,28.22,37791.25,404236.2612
688349.SH,三一重能,电气设备,13.3,108936.065,2083030.173
688348.SH,昱能科技,电气设备,30.1,41422.451,470394.974
688347.SH,华虹宏力,半导体,197.21,3050790.262,8041237.75
688345.SH,博力威,电气设备,46.24,55523.838,468809.3264
688343.SH,云天励飞,软件服务,56.0,433711.546,2013779.04
688339.SH,亿华通,汽车配件,20.35,173644.116,398426.7485
688338.SH,赛科希德,医疗保健,30.45,46802.783,323203.608
688337.SH,普源精电,电器仪表,44.0,434160.595,818746.72
688336.SH,三生国健,生物制药,37.9,346095.511,3396694.266
688335.SH,复洁科技,环境保护,17.53,46262.577,259504.6538
688334.SH,西高院,电气设备,18.14,26651.505,566278.3754
688333.SH,铂力特,机械基件,93.47,812205.51,2564089.6034
688332.SH,中科蓝讯,半导体,79.88,376252.853,1425740.5764
688331.SH,荣昌生物,生物制药,111.21,811572.203,3957921.6402
688330.SH,宏力达,电气设备,35.5,47714.162,497000.0
688329.SH,艾隆科技,专用机械,23.41,44712.683,180725.2
688328.SH,深科达,专用机械,74.91,675872.274,712066.7433
688327.SH,云从科技,软件服务,9.45,122145.339,788950.071
688326.SH,经纬恒润,汽车配件,54.88,62548.529,612589.768
688325.SH,赛微微电,半导体,105.0,83178.878,862904.4375
688323.SH,瑞华泰,塑料,22.98,247187.698,460515.2934
688322.SH,奥比中光,元器件,80.03,441807.085,2563071.1914
688321.SH,微芯生物,化学制药,24.06,267595.347,1065717.4896
688320.SH,禾川科技,电器仪表,33.0,117541.106,498345.21
688319.SH,欧林生物,生物制药,29.87,169264.777,1210957.5791
688318.SH,财富趋势,软件服务,69.66,399907.498,2497779.8118
688317.SH,之江生物,医疗保健,18.65,196726.47,354058.5005
688316.SH,青云科技,软件服务,45.44,203937.871,217648.9664
688315.SH,诺禾致源,医疗保健,18.93,519844.242,787866.6
688314.SH,康拓医疗,医疗保健,29.02,55393.808,236885.3266
688313.SH,仕佳光子,通信设备,127.6,4864029.55,5767345.188
688312.SH,燕麦科技,专用机械,42.8,293441.52,629823.828
688311.SH,盟升电子,元器件,23.41,65312.503,409925.487
688310.SH,迈得医疗,医疗保健,14.72,27551.294,241885.8112
688309.SH,恒誉科技,环境保护,72.88,70947.783,578676.6744
688308.SH,欧科亿,机械基件,74.53,317883.092,1183400.0101
688307.SH,中润光学,元器件,41.48,142542.158,518751.3688
688306.SH,均普智能,专用机械,9.52,108335.79,1169325.2256
688305.SH,科德数控,机床制造,53.0,73200.914,700733.14
688303.SH,大全能源,电气设备,15.73,141731.554,3354332.5244
688302.SH,海创药业,生物制药,31.57,54969.096,312592.2492
688301.SH,奕瑞科技,医疗保健,80.41,388737.88,2520124.9854
688300.SH,联瑞新材,矿物制品,139.36,1201991.032,3365114.7712
688299.SH,长阳科技,元器件,12.8,60825.791,367862.912
688298.SH,东方生物,医疗保健,19.12,63514.126,385459.2
688297.SH,中无人机,航空,41.57,278913.83,2805975.0
688296.SH,和达科技,软件服务,24.6,109898.85,264187.272
688295.SH,中复神鹰,化纤,34.76,128598.317,3128400.0
688293.SH,奥浦迈,生物制药,72.56,460308.843,850154.3192
688292.SH,浩瀚深度,通信设备,20.71,118732.21,327944.921
688291.SH,金橙子,软件服务,37.12,55403.99,381098.7904
688290.SH,景业智能,专用机械,54.28,37444.428,554685.6916
688289.SH,圣湘生物,医疗保健,16.49,110213.722,948072.4322
688288.SH,鸿泉技术,IT设备,19.5,41437.773,194636.715
688286.SH,敏芯股份,半导体,47.86,231406.004,374808.411
688285.SH,高铁电气,运输设备,7.6,13129.08,285980.324
688283.SH,坤恒顺维,电器仪表,26.95,71461.947,328251.0
688282.SH,理工导航,通信设备,49.67,29048.771,442595.4624
688281.SH,华秦科技,航空,48.2,113670.67,1839306.698
688280.SH,精进电动,汽车配件,4.83,48135.771,251422.8003
688279.SH,峰岹科技,半导体,189.67,523231.383,1774516.4827
688278.SH,特宝生物,生物制药,50.8,138812.187,2073602.66
688277.SH,天智航,医疗保健,14.86,75773.22,693137.1214
688276.SH,百克生物,生物制药,17.33,70078.814,716868.6208
688275.SH,万润新能,电气设备,69.98,357457.053,868180.2776
688273.SH,麦澜德,医疗保健,28.29,23748.332,282900.0
688272.SH,富吉瑞,元器件,27.85,37714.335,211660.0
688271.SH,联影医疗,医疗保健,106.42,445499.144,8770689.436
688270.SH,ST臻镭,半导体,52.92,229309.461,1585031.2632
688269.SH,凯立新材,化工原料,25.12,62398.678,328328.448
688268.SH,华特气体,化工原料,116.7,312557.875,1490048.94
688267.SH,中触媒,化工原料,21.0,48147.453,479086.23
688266.SH,泽璟制药,生物制药,103.29,545810.988,2734170.9978
688265.SH,南模生物,医疗保健,61.11,414601.337,476434.9485
688262.SH,国芯科技,半导体,25.37,226086.032,852431.7463
688261.SH,东微半导,半导体,68.38,227150.029,834896.5508
688260.SH,昀冢科技,元器件,96.51,524020.542,1158120.0
688259.SH,创耀科技,半导体,30.9,43701.061,345153.0
688258.SH,卓易信息,软件服务,78.82,228518.232,954842.8204
688257.SH,新锐股份,机械基件,50.5,525317.067,1794079.665
688256.SH,寒武纪,半导体,981.0,9185387.638,61690577.4
688255.SH,凯尔达,机械基件,24.93,54384.08,273878.2377
688253.SH,英诺特,医疗保健,52.35,54665.377,722264.0505
688252.SH,天德钰,半导体,19.56,87883.008,800045.6628
688251.SH,井松智能,专用机械,18.0,46963.854,179825.94
688249.SH,晶合集成,半导体,30.01,1103306.073,6025207.6333
688248.SH,南网科技,电气设备,48.13,136521.396,2717901.1
688247.SH,宣泰医药,化学制药,9.62,80982.636,436113.08
688246.SH,嘉和美康,软件服务,18.29,113257.899,251644.0624
688244.SH,永信至诚,软件服务,20.65,332806.789,311735.4975
688239.SH,航宇科技,航空,51.53,264340.46,983773.9264
688238.SH,和元生物,医疗保健,8.26,434594.185,534779.7406
688237.SH,超卓航科,航空,58.88,61995.577,528047.616
688236.SH,春立医疗,医疗保健,14.05,28108.798,405241.34
688235.SH,百济神州,生物制药,250.56,895473.095,2882825.5968
688234.SH,天岳先进,半导体,102.5,1081170.439,4404537.75
688233.SH,神工股份,半导体,83.33,488666.719,1419157.3981
688232.SH,新点软件,软件服务,17.58,33319.285,566044.356
688231.SH,隆达股份,航空,30.24,106129.857,966407.8032
688230.SH,芯导科技,半导体,54.99,62730.795,646682.4
688229.SH,博睿数据,软件服务,57.24,28144.308,254145.6
688228.SH,开普云,软件服务,85.9,162832.839,580261.372
688227.SH,品高股份,软件服务,67.38,145037.379,761766.6114
688226.SH,威腾电气,电气设备,29.17,202991.276,550658.1335
688225.SH,亚信安全,软件服务,14.9,115783.761,596014.9
688223.SH,晶科能源,电气设备,3.79,257191.659,3880842.889
688222.SH,成都先导,化学制药,41.92,1042369.35,1681715.9584
688221.SH,前沿生物,生物制药,15.85,227295.445,593707.2395
688220.SH,翱捷科技,半导体,84.71,704153.427,3543426.9239
688219.SH,会通股份,塑料,10.15,33380.473,556862.901
688218.SH,江苏北人,专用机械,41.0,292382.796,477548.73
688217.SH,睿昂基因,医疗保健,25.24,36061.201,140980.2916
688216.SH,气派科技,半导体,35.95,188127.561,381938.9115
688215.SH,瑞晟智能,专用机械,41.14,38089.832,371705.2482
688213.SH,思特威,半导体,95.16,551752.493,3078516.402
688212.SH,澳华内镜,医疗保健,26.89,89737.789,362114.9917
688211.SH,中科微至,专用机械,31.0,22573.088,406387.99
688210.SH,统联精密,元器件,25.41,73588.468,413320.3305
688209.SH,英集芯,半导体,29.06,444362.582,1260576.304
688208.SH,道通科技,IT设备,23.85,137194.398,1598394.564
688207.SH,格灵深瞳,软件服务,18.08,179207.726,468223.3648
688206.SH,概伦电子,半导体,33.07,128073.006,1443766.0916
688205.SH,德科立,通信设备,183.53,2151827.193,2922485.8375
688203.SH,海正生材,塑料,18.45,330759.947,373941.0945
688202.SH,美迪西,医疗保健,105.83,978710.824,1421849.3326
688201.SH,ST信安,软件服务,7.55,12717.091,239451.119
688200.SH,华峰测控,半导体,367.09,1480018.648,7382818.6366
688199.SH,久日新材,化工原料,25.41,148568.831,409678.5693
688198.SH,佰仁医疗,医疗保健,67.6,37282.656,931177.156
688197.SH,首药控股,化学制药,34.75,112620.53,222417.0275
688196.SH,卓越新能,环境保护,36.12,217545.128,459413.1696
688195.SH,腾景科技,元器件,158.7,1807692.169,2873898.3
688193.SH,仁度生物,医疗保健,51.92,37744.821,208042.9208
688192.SH,迪哲医药,生物制药,58.3,474425.508,2688878.203
688191.SH,智洋创新,软件服务,18.42,98957.062,604180.9734
688190.SH,云路股份,矿物制品,65.16,35245.513,781920.0
688189.SH,ST南新,化学制药,6.38,15469.383,174065.1572
688188.SH,柏楚电子,专用机械,94.6,197481.601,3836572.058
688187.SH,时代电气,运输设备,44.17,98346.116,3837964.4275
688186.SH,广大特材,特种钢,14.16,53174.785,397172.9904
688185.SH,康希诺,生物制药,99.56,2031327.965,1138696.5924
688184.SH,ST帕瓦,电气设备,10.9,7964.657,107003.011
688183.SH,生益电子,元器件,105.22,1405796.311,8813134.6064
688182.SH,灿勤科技,通信设备,25.6,161411.593,1024000.0
688181.SH,八亿时空,元器件,39.7,341791.969,528128.703
688180.SH,君实生物,生物制药,33.42,671246.79,2561289.4164
688179.SH,阿拉丁,化学制药,20.13,619455.867,730247.7567
688178.SH,万德斯,环境保护,28.35,33052.103,240968.763
688177.SH,百奥泰,生物制药,19.23,108433.01,796275.84
688176.SH,亚虹医药,化学制药,12.94,539272.391,740416.7068
688175.SH,高凌信息,通信设备,30.94,384460.184,520138.8374
688173.SH,希荻微,半导体,12.32,102535.16,506890.6476
688172.SH,燕东微,半导体,40.35,467324.431,4836972.7935
688171.SH,纬德信息,软件服务,24.14,86681.533,282077.8312
688170.SH,德龙激光,专用机械,59.19,252059.313,611787.84
688169.SH,石头科技,家用电器,107.15,1227824.209,2781268.977
688168.SH,安博通,软件服务,39.44,162555.101,426184.696
688167.SH,炬光科技,元器件,244.88,2239993.926,3186843.832
688166.SH,博瑞医药,化学制药,33.43,446975.495,1456862.685
688165.SH,埃夫特,专用机械,14.32,80543.516,747188.96
688163.SH,赛伦生物,生物制药,35.3,95564.182,382016.6
688162.SH,巨一科技,专用机械,24.95,37664.273,342066.496
688161.SH,威高骨科,医疗保健,22.3,48967.772,892000.0
688160.SH,步科股份,电器仪表,87.61,131942.455,799136.3672
688159.SH,有方科技,通信设备,34.67,115725.031,321774.6969
688158.SH,优刻得,软件服务,27.23,281403.829,1116086.6297
688157.SH,松井股份,染料涂料,18.48,44219.249,346901.5704
688156.SH,路德科技,饲料,24.36,193764.032,245339.7912
688155.SH,先惠技术,电气设备,56.96,283736.032,725441.4208
688153.SH,唯捷创芯,半导体,24.33,83281.637,1017395.9316
688152.SH,麒麟信安,软件服务,38.21,203970.534,389352.6401
688151.SH,华强科技,医疗保健,16.45,46939.008,566702.5
688150.SH,莱特光电,元器件,36.94,218124.871,1486604.4944
688148.SH,芳源股份,电气设备,6.06,105223.945,309164.8986
688147.SH,微导纳米,专用机械,89.25,1396061.464,4145368.8943
688146.SH,中船特气,半导体,183.21,1585836.769,2656010.0268
688143.SH,长盈通,通信设备,160.29,1533056.856,1961539.2576
688141.SH,杰华特,半导体,90.39,2362328.777,4111556.3715
688139.SH,海尔生物,医疗保健,34.75,212252.776,1099812.8275
688138.SH,清溢光电,半导体,33.87,318788.564,1066227.6
688137.SH,近岸蛋白,生物制药,150.0,1230531.949,1048762.5
688136.SH,科兴制药,生物制药,23.36,228541.83,471836.96
688135.SH,利扬芯片,半导体,35.31,351902.872,823089.8709
688133.SH,泰坦科技,化工原料,20.64,165059.26,339397.968
688132.SH,邦彦技术,通信设备,15.76,26513.454,239906.9152
688131.SH,皓元医药,化学制药,94.15,629125.595,2007599.0515
688130.SH,晶华微,半导体,24.54,50434.764,147939.6354
688129.SH,东来技术,染料涂料,22.37,14185.755,269511.0756
688128.SH,中国电研,专用机械,21.91,36521.865,886259.5
688127.SH,蓝特光学,元器件,57.93,440654.797,2351365.3761
688126.SH,沪硅产业,半导体,21.57,1166924.764,6163881.8103
688125.SH,安达智能,专用机械,106.82,96201.88,879517.4248
688123.SH,聚辰股份,半导体,150.53,1587001.532,2392982.9365
688122.SH,西部超导,小金属,52.22,601817.257,3392548.019
688121.SH,*ST卓然,专用机械,1.08,16456.854,21888.0036
688120.SH,华海清科,半导体,222.3,1661101.334,11032335.522
688119.SH,中钢洛耐,其他建材,3.73,38069.157,419625.0
688118.SH,普元信息,软件服务,19.44,30342.696,184305.0024
688117.SH,圣诺生物,生物制药,17.98,158255.544,396172.0392
688116.SH,天奈科技,化工原料,33.95,349244.592,1244376.4795
688115.SH,思林杰,电器仪表,60.26,118829.827,562454.788
688114.SH,华大智造,医疗保健,66.56,965058.54,2766483.8656
688113.SH,联测科技,专用机械,36.47,27225.071,234858.0472
688112.SH,鼎阳科技,电器仪表,91.68,719919.94,1463184.3792
688111.SH,金山办公,软件服务,218.99,704886.213,10161429.4466
688110.SH,东芯股份,半导体,105.73,1334421.78,4677256.2502
688109.SH,品茗科技,软件服务,64.21,42472.412,506246.4083
688108.SH,赛诺医疗,医疗保健,15.44,286037.68,645317.888
688107.SH,安路科技,半导体,26.54,167358.062,1063854.3076
688106.SH,金宏气体,化工原料,24.2,214103.063,1283942.858
688105.SH,诺唯赞,生物制药,26.2,484804.26,1354500.962
688103.SH,国力电子,元器件,70.52,157300.185,672165.6112
688102.SH,斯瑞新材,铜,28.43,253246.49,2214149.1539
688101.SH,三达膜,环境保护,14.27,20616.43,473781.2667
688100.SH,威胜信息,通信设备,24.26,79272.556,1192828.2952
688099.SH,晶晨股份,半导体,94.57,1201073.707,4003337.24
688098.SH,申联生物,农业综合,8.41,24988.529,345351.604
688097.SH,博众精工,专用机械,39.6,203742.518,1771013.376
688096.SH,京源环保,环境保护,8.03,179906.882,187705.9074
688095.SH,福昕软件,软件服务,52.3,122699.176,477810.185
688093.SH,世华科技,化工原料,21.2,36989.257,594411.536
688092.SH,爱科科技,专用机械,22.13,16469.469,182934.7681
688091.SH,上海谊众,化学制药,36.58,175526.879,753815.2206
688090.SH,瑞松科技,专用机械,67.13,863222.412,1065504.1425
688089.SH,ST嘉必优,食品,8.33,5299.164,138577.88
688088.SH,虹软科技,软件服务,27.4,151240.869,1099206.896
688087.SH,英科再生,环境保护,31.45,86178.146,589903.5615
688085.SH,三友医疗,医疗保健,12.99,32105.039,455449.6644
688084.SH,晶品特装,专用机械,40.22,48237.335,304300.9002
688083.SH,中望软件,软件服务,47.78,89154.57,810569.5436
688082.SH,盛美上海,半导体,273.22,1473495.132,13175570.026
688081.SH,兴图新科,软件服务,24.69,30276.58,254405.76
688080.SH,映翰通,通信设备,35.83,27547.007,263909.8063
688079.SH,美迪凯,元器件,14.54,324059.726,589787.7648
688078.SH,龙软科技,软件服务,30.32,44831.619,221011.576
688077.SH,大地熊,矿物制品,26.9,63022.128,307947.165
688076.SH,ST诺泰,生物制药,28.93,78919.762,916548.688
688075.SH,安旭生物,医疗保健,30.64,42537.587,389381.6992
688073.SH,毕得医药,化学制药,70.8,363592.706,643450.932
688072.SH,拓荆科技,半导体,616.07,2819976.33,17507926.9911
688071.SH,华依科技,专用机械,33.71,65563.63,285826.0787
688070.SH,纵横股份,航空,33.52,49571.113,296385.516
688069.SH,德林海,环境保护,34.07,43465.433,533648.631
688068.SH,热景生物,医疗保健,85.48,338580.75,792862.0468
688067.SH,爱威科技,医疗保健,24.2,27376.799,164560.0
688066.SH,*ST航图,软件服务,9.17,107018.616,279540.3497
688065.SH,凯赛生物,化工原料,37.72,124640.756,2200501.816
688063.SH,派能科技,电气设备,41.2,224441.775,1010879.904
688062.SH,迈威生物,生物制药,24.33,335233.576,560173.92
688061.SH,灿瑞科技,半导体,40.13,63348.531,461051.1622
688060.SH,云涌科技,IT设备,35.68,15229.564,214760.4176
688059.SH,华锐精密,机械基件,80.2,196958.352,1050700.2
688058.SH,宝兰德,软件服务,25.25,24849.066,191487.1625
688057.SH,金达莱,环境保护,17.93,45721.754,494868.0
688056.SH,莱伯泰科,电器仪表,45.28,164477.791,305424.92
688055.SH,龙腾光电,元器件,3.51,35128.57,1170000.0234
688053.SH,ST思科瑞,元器件,38.55,23469.57,385500.0
688052.SH,纳芯微,半导体,209.77,843041.181,3008315.7654
688051.SH,佳华科技,软件服务,24.5,39834.469,189468.3
688050.SH,爱博医疗,医疗保健,37.79,85058.234,731001.0683
688049.SH,炬芯科技,半导体,42.45,427624.176,747187.92
688048.SH,长光华芯,半导体,231.76,2997676.78,4085462.9624
688047.SH,龙芯中科,半导体,95.2,332901.975,3817520.0
688046.SH,药康生物,生物制药,35.5,418514.202,1456161.01
688045.SH,必易微,半导体,53.35,138216.543,376528.295
688041.SH,海光信息,半导体,220.53,3789619.627,51258628.1193
688039.SH,当虹科技,软件服务,32.54,122888.88,359896.9556
688038.SH,中科通达,软件服务,18.48,31060.228,215058.0432
688037.SH,芯源微,半导体,311.63,1020930.93,6298051.6489
688036.SH,传音控股,通信设备,46.1,1300439.787,5306960.545
688035.SH,德邦科技,半导体,66.4,333292.214,944473.6
688033.SH,*ST天宜,电气设备,7.24,14302.146,407031.7864
688032.SH,禾迈股份,电气设备,67.35,39162.481,835635.0225
688031.SH,星环科技,软件服务,86.26,401934.104,1044918.2734
688030.SH,山石网科,软件服务,19.44,154752.421,350383.2396
688029.SH,南微医学,医疗保健,80.9,239905.323,1519685.466
688028.SH,沃尔德,机械基件,100.48,1212991.293,1516735.552
688027.SH,国盾量子,通信设备,314.96,419438.148,2531472.1024
688026.SH,洁特生物,医疗保健,29.25,495416.141,410566.1625
688025.SH,杰普特,专用机械,389.42,1018375.044,3701413.7348
688023.SH,安恒信息,软件服务,44.48,148107.196,454474.8448
688022.SH,ST瀚川,专用机械,9.81,72064.338,167220.279
688021.SH,奥福科技,汽车配件,19.87,23818.588,151834.0219
688020.SH,方邦股份,元器件,126.06,387660.358,1039024.338
688019.SH,安集科技,半导体,204.21,1139578.696,4663268.0865
688018.SH,乐鑫科技,半导体,117.65,1315405.893,2757531.2895
688017.SH,绿的谐波,机械基件,255.88,1336691.604,4691050.5988
688016.SH,心脉医疗,医疗保健,83.56,82758.474,1029978.1076
688015.SH,交控科技,运输设备,16.55,48774.254,312266.5585
688013.SH,天臣医疗,医疗保健,24.34,30488.374,197532.7304
688012.SH,中微公司,半导体,313.24,4635432.333,29513378.828
688011.SH,新光光电,元器件,58.24,98135.124,577522.4
688010.SH,福光股份,元器件,25.63,128682.728,411519.3808
688009.SH,中国通号,运输设备,4.71,127211.917,4060499.478
688008.SH,澜起科技,半导体,197.01,6750787.61,22553005.4145
688007.SH,光峰科技,元器件,10.15,60110.166,466509.834
688006.SH,杭可科技,电气设备,20.38,249433.296,1230283.9436
688005.SH,容百科技,电气设备,24.38,548180.117,1742240.6344
688004.SH,博汇科技,软件服务,29.3,240727.191,234657.84
688003.SH,天准科技,专用机械,69.27,212896.257,1349257.1029
688002.SH,睿创微纳,通信设备,171.82,1466446.574,7999074.9454
688001.SH,华兴源创,专用机械,56.72,670159.902,2674720.0832
605599.SH,菜百股份,服饰,13.4,53648.923,1042222.252
605598.SH,上海港湾,建筑工程,23.86,74885.433,574712.4796
605589.SH,圣泉集团,化工原料,35.8,1440578.47,3028390.02
605588.SH,冠石科技,元器件,42.35,45661.513,309576.806
605580.SH,恒盛能源,供气供热,20.2,137786.831,565600.0
605577.SH,龙版传媒,出版业,14.73,557058.71,654666.6012
605567.SH,春雪食品,食品,9.73,36904.326,193627.0
605566.SH,福莱蒽特,染料涂料,34.12,231362.973,454956.08
605555.SH,德昌股份,家用电器,12.09,69960.953,585239.421
605507.SH,国邦医药,化学制药,17.5,190475.772,1369117.575
605500.SH,森林包装,造纸,7.53,38090.217,312043.2
605499.SH,东鹏饮料,软饮料,113.04,320693.938,7641695.0376
605488.SH,福莱新材,塑料,28.26,213180.95,843500.5236
605399.SH,晨光新材,化工原料,11.87,53453.21,369209.5841
605398.SH,新炬网络,软件服务,22.87,169081.105,372132.4068
605389.SH,长龄液压,机械基件,59.4,61948.655,1110763.368
605388.SH,均瑶健康,乳制品,6.93,547241.611,416135.412
605378.SH,野马电池,电气设备,17.27,271600.143,451345.2328
605377.SH,华旺科技,造纸,8.08,23330.764,449789.6024
605376.SH,博迁新材,小金属,109.82,1140010.501,2872891.2
605369.SH,拱东医疗,医疗保健,17.73,31866.666,389710.719
605368.SH,蓝天燃气,供气供热,6.84,39201.742,488810.9556
605366.SH,宏柏新材,化工原料,11.04,1014084.063,853201.7808
605365.SH,立达信,家用电器,14.17,65384.741,711352.2793
605358.SH,立昂微,半导体,42.67,1556912.856,3294974.8398
605339.SH,南侨食品,食品,13.36,18327.018,566852.2416
605338.SH,巴比食品,食品,18.77,85055.316,449666.6959
605337.SH,李子园,乳制品,9.14,36587.509,354281.5724
605336.SH,*ST帅电,家用电器,11.65,10945.253,213675.5625
605333.SH,沪光股份,汽车配件,16.49,30560.222,765202.6196
605319.SH,无锡振华,汽车配件,22.09,131561.895,769067.768
605318.SH,法狮龙,其他建材,71.91,66640.275,904117.239
605305.SH,中际联合,工程机械,30.56,70010.117,649461.12
605303.SH,园林股份,建筑工程,31.53,10140.048,508381.5222
605300.SH,佳禾食品,乳制品,10.5,45281.555,477118.53
605299.SH,舒华体育,文教休闲,12.26,65655.299,499790.3018
605298.SH,必得科技,运输设备,44.97,38108.927,837570.747
605296.SH,神农集团,农业综合,30.22,59082.36,1565348.8568
605289.SH,罗曼股份,建筑工程,90.36,262042.346,1377844.5204
605288.SH,凯迪股份,电气设备,66.32,231615.289,651782.8595
605287.SH,德才股份,装修装饰,36.53,355221.998,511420.0
605286.SH,同力天启,运输设备,25.2,51765.412,423360.0
605277.SH,新亚电子,元器件,16.64,120308.711,642630.3104
605268.SH,王力安防,家居用品,10.05,35117.169,442752.75
605266.SH,健之佳,医药商业,16.06,24879.37,248195.8974
605259.SH,绿田机械,农用机械,17.41,11917.516,300287.68
605258.SH,协和电子,元器件,38.48,280097.812,338624.0
605255.SH,天普股份,汽车配件,56.1,40092.394,752188.8
605228.SH,神通科技,汽车配件,11.25,50298.537,536777.2125
605222.SH,起帆电缆,电气设备,21.6,91658.277,891880.848
605218.SH,伟时电子,元器件,13.48,75845.301,327314.2156
605208.SH,永茂泰,铝,14.51,119133.324,478742.94
605199.SH,ST葫芦娃,中成药,5.83,11079.521,233263.4304
605198.SH,安德利,软饮料,63.6,224471.566,1720608.96
605196.SH,华通线缆,电气设备,34.0,619437.646,1725127.7
605189.SH,富春染织,纺织,14.14,100596.339,336864.1486
605188.SH,国光连锁,超市连锁,12.58,94744.341,639942.713
605186.SH,健麾信息,专用机械,24.27,39437.472,330072.0
605183.SH,确成股份,化工原料,16.43,26584.112,677621.5042
605180.SH,华生科技,纺织,13.86,35464.817,234234.0
605179.SH,一鸣食品,乳制品,24.21,376239.127,970821.0
605178.SH,时空科技,装修装饰,62.87,246310.299,622915.96
605177.SH,东亚药业,化学制药,25.72,347291.144,292313.9728
605169.SH,洪通燃气,供气供热,13.52,61205.392,382453.76
605168.SH,三人行,互联网,47.36,215701.402,998429.312
605167.SH,利柏特,建筑工程,15.33,77718.14,781688.3508
605166.SH,聚合顺,化纤,8.39,29417.56,264061.826
605162.SH,新中港,供气供热,10.35,307509.573,458345.9205
605158.SH,华达新材,钢加工,7.66,48888.658,391747.72
605155.SH,西大门,家居用品,14.7,52708.755,275519.748
605151.SH,西上海,汽车配件,18.42,30348.45,247848.8364
605138.SH,盛泰集团,服饰,6.15,18223.851,341676.5955
605136.SH,丽人丽妆,其他商业,8.58,100378.167,343593.393
605133.SH,嵘泰股份,汽车配件,25.17,235500.194,710091.2577
605128.SH,上海沿浦,汽车配件,24.78,179362.279,778059.0426
605123.SH,派克新材,航空,76.0,81817.704,920898.84
605122.SH,四方新材,水泥,12.08,42422.49,208203.632
605118.SH,力鼎光电,元器件,31.06,122034.183,1269945.561
605117.SH,德业股份,电气设备,76.96,646629.989,9799179.0416
605116.SH,奥锐特,化学制药,19.84,50115.963,805867.4688
605111.SH,新洁能,半导体,50.18,665057.161,2084138.9868
605108.SH,同庆楼,酒店餐饮,12.0,24264.031,312000.0
605100.SH,华丰股份,机械基件,38.4,346608.228,913554.432
605099.SH,共创草坪,文教休闲,27.89,19954.479,1121530.2507
605098.SH,行动教育,文教休闲,54.02,62395.818,644194.4422
605090.SH,九丰能源,供气供热,31.69,267437.153,2236907.4173
605089.SH,味知香,食品,22.43,44251.734,309534.0
605088.SH,冠盛股份,汽车配件,23.69,193855.59,476628.3491
605086.SH,龙高股份,矿物制品,23.1,26608.748,413952.0
605080.SH,浙江自然,文教休闲,22.62,29294.142,317474.4144
605077.SH,华康股份,食品,11.7,110709.447,350659.764
605069.SH,正和生态,环境保护,12.69,288052.522,268644.5082
605068.SH,明新旭腾,汽车配件,20.2,50657.995,327641.3073
605066.SH,天正电气,电气设备,6.72,26868.728,337635.0432
605060.SH,联德股份,机械基件,37.53,292028.798,896531.652
605058.SH,澳弘电子,元器件,48.5,919139.665,693186.735
605056.SH,咸亨国际,电器仪表,13.25,68269.739,534495.99
605055.SH,迎丰股份,纺织,8.56,26689.03,376640.0
605050.SH,福然德,仓储物流,10.21,31087.617,503178.6132
605033.SH,美邦股份,农药化肥,19.75,41121.674,267020.0
605028.SH,世茂能源,供气供热,23.43,29128.171,374880.0
605020.SH,永和股份,化工原料,29.94,212264.569,1529391.1878
605018.SH,长华集团,汽车配件,11.46,76723.388,538695.4068
605016.SH,百龙创园,食品,20.22,95082.618,849264.8706
605011.SH,杭州热电,供气供热,19.11,515551.56,764591.1
605009.SH,豪悦护理,造纸,25.13,32222.145,540188.1975
605008.SH,长鸿高科,橡胶,13.35,48514.327,862359.804
605007.SH,五洲特纸,造纸,15.12,81629.781,717560.5752
605006.SH,山东玻纤,玻璃,14.23,299814.902,930074.6499
605005.SH,合兴股份,汽车配件,15.9,10401.4,637590.0
605003.SH,众望布艺,纺织,24.21,22256.607,266310.0
605001.SH,威奥股份,运输设备,5.82,23903.93,228659.652
603999.SH,读者传媒,出版业,6.6,90607.871,380160.0
603998.SH,方盛制药,中成药,10.31,98523.718,452692.9234
603997.SH,继峰股份,汽车配件,13.47,309600.221,1713740.8203
603995.SH,甬金股份,特种钢,25.25,115840.975,918113.9875
603993.SH,洛阳钼业,小金属,16.61,1315302.596,29002458.8942
603992.SH,松霖科技,家居用品,19.02,52903.777,842665.5036
603991.SH,领先股份,半导体,163.96,358870.895,1468040.454
603990.SH,麦迪科技,软件服务,19.05,184553.008,581492.487
603989.SH,艾华集团,元器件,26.89,352989.484,1072319.1511
603988.SH,中电电机,电气设备,17.03,61469.995,400545.6
603987.SH,康德莱,医疗保健,7.56,39885.925,330213.9204
603986.SH,兆易创新,半导体,334.4,10070374.399,22428820.8549
603985.SH,恒润股份,电气设备,16.54,139517.198,729179.132
603983.SH,丸美生物,日用化工,28.93,121479.779,1160093.0
603982.SH,泉峰汽车,汽车配件,6.74,192283.869,228859.059
603980.SH,吉华集团,染料涂料,9.0,556777.863,609150.06
603979.SH,金诚信,铜,72.13,248793.542,4499416.0238
603978.SH,深圳新星,小金属,26.25,382622.204,554122.5375
603977.SH,国泰集团,化工原料,10.48,54044.396,651061.4064
603976.SH,正川股份,医疗保健,29.25,83873.869,501972.4125
603970.SH,中农立华,农药化肥,11.68,95621.017,313958.5168
603969.SH,银龙股份,其他建材,7.16,48016.413,609712.5208
603968.SH,醋化股份,化工原料,12.3,284314.009,251510.4
603967.SH,中创物流,仓储物流,12.58,102789.913,436106.7086
603966.SH,法兰泰克,专用机械,7.57,64458.809,393410.7047
603960.SH,克来机电,汽车配件,16.19,90247.835,424498.4001
603959.SH,ST百利,建筑工程,4.22,24812.273,206906.178
603958.SH,哈森股份,服饰,17.71,112194.245,388486.56
603956.SH,威派格,专用机械,6.81,98108.891,388106.1903
603955.SH,大千生态,建筑工程,24.55,51581.107,333192.6
603950.SH,长源东谷,汽车配件,50.4,187569.189,1632298.752
603949.SH,雪龙集团,汽车配件,16.57,328838.678,348310.1821
603948.SH,建业股份,化工原料,20.79,204060.79,337815.0468
603939.SH,益丰药房,医药商业,23.53,293136.922,2852759.5525
603938.SH,三孚股份,化工原料,41.39,437854.894,1583682.8055
603937.SH,丽岛新材,铝,13.16,263740.771,274901.872
603936.SH,博敏电子,元器件,18.95,664024.048,1194604.21
603933.SH,睿能科技,元器件,18.12,42716.97,376070.8152
603931.SH,格林达,化工原料,31.24,126813.721,623420.4416
603929.SH,亚翔集成,装修装饰,137.8,342509.383,2940100.8
603928.SH,兴业股份,化工原料,14.38,363872.133,489932.352
603927.SH,中科软,软件服务,13.49,73725.446,1121072.96
603926.SH,铁流股份,汽车配件,16.25,43332.106,375112.725
603922.SH,ST金鸿顺,汽车配件,11.47,23915.774,205542.4
603920.SH,世运电路,元器件,43.18,1048122.276,3111517.5514
603919.SH,金徽酒,白酒,16.86,266022.429,855240.36
603918.SH,金桥信息,软件服务,10.19,58609.087,372044.5425
603917.SH,合力科技,汽车配件,13.74,38540.002,280076.16
603916.SH,苏博特,化工原料,10.34,39183.034,434618.9452
603915.SH,国茂股份,机械基件,12.81,77643.38,841146.2325
603912.SH,佳力图,专用机械,8.56,101687.388,464231.3128
603909.SH,建发合诚,建筑工程,10.09,49591.768,263019.1579
603908.SH,牧高笛,纺织,20.12,50771.429,187371.524
603906.SH,龙蟠科技,电气设备,20.94,1705973.717,1178914.671
603903.SH,中持股份,环境保护,13.07,116673.627,333702.5865
603901.SH,永创智能,专用机械,9.08,61603.892,516560.3828
603900.SH,莱绅通灵,服饰,6.25,57507.378,214202.375
603899.SH,晨光股份,文教休闲,22.13,47307.248,2026655.2202
603898.SH,好莱客,家居用品,11.55,33779.297,346765.0725
603897.SH,长城科技,电气设备,28.3,197169.939,584213.031
603896.SH,寿仙谷,中成药,14.68,20311.181,291022.0452
603895.SH,天永智能,专用机械,25.35,24105.966,273982.8
603893.SH,瑞芯微,半导体,199.56,2249092.701,8443295.7936
603890.SH,春秋电子,元器件,14.69,218000.113,740399.9447
603889.SH,新澳股份,纺织,6.24,76193.234,587893.7376
603888.SH,新华网,互联网,16.92,197556.086,1255822.704
603887.SH,城地香江,软件服务,8.25,128818.915,496674.255
603886.SH,元祖股份,食品,13.21,112548.85,317040.0
603885.SH,吉祥航空,空运,9.67,117225.602,2097428.1251
603883.SH,老百姓,医药商业,13.28,131118.691,1007806.1856
603882.SH,金域医学,医疗保健,28.29,277241.673,1295779.8834
603881.SH,数据港,软件服务,22.35,273431.476,1926687.114
603880.SH,南卫股份,医疗保健,8.29,57814.792,239615.818
603879.SH,永悦科技,化工原料,5.01,43119.543,180031.5444
603878.SH,武进不锈,钢加工,4.88,37731.75,273841.2
603877.SH,太平鸟,服饰,12.16,29671.094,570697.4976
603876.SH,鼎胜新材,铝,17.12,238477.847,1590905.4464
603871.SH,嘉友国际,仓储物流,12.18,112689.398,1666234.5966
603869.SH,ST智知,软件服务,8.4,4484.991,410442.48
603868.SH,飞科电器,家用电器,31.79,52820.264,1384772.4
603867.SH,新化股份,化工原料,34.66,288780.001,747570.1022
603866.SH,桃李面包,食品,4.3,85443.978,687879.256
603863.SH,松炀资源,造纸,13.62,114433.836,278733.3
603861.SH,白云电器,电气设备,11.0,75011.87,581445.15
603860.SH,中公高科,建筑工程,26.37,25839.338,175835.16
603859.SH,能科科技,软件服务,35.72,187623.842,874060.1844
603858.SH,步长制药,中成药,14.6,63905.024,1539669.864
603856.SH,东宏股份,塑料,11.84,30213.606,333954.4224
603855.SH,华荣股份,专用机械,16.79,18874.388,563359.0675
603848.SH,好太太,家居用品,13.77,66960.64,554113.7505
603843.SH,*ST正平,建筑工程,5.9,103920.128,412777.688
603839.SH,安正时尚,服饰,6.8,30425.11,263171.016
603838.SH,*ST四通,家居用品,11.77,42763.085,376658.832
603836.SH,海程邦达,仓储物流,9.59,21712.418,267493.1987
603833.SH,欧派家居,家居用品,30.69,72720.013,1858976.7768
603829.SH,洛凯股份,电气设备,15.38,39126.214,286477.4156
603828.SH,*ST利达,装修装饰,5.96,22036.981,355180.0016
603826.SH,坤彩科技,染料涂料,14.99,159691.635,1276788.24
603825.SH,ST华扬,互联网,7.42,10224.209,187975.7572
603823.SH,百合花,染料涂料,46.59,1796497.275,1939857.1143
603822.SH,ST嘉澳,化工原料,68.0,72546.273,519061.0
603819.SH,神力股份,电气设备,15.96,86729.251,347497.3992
603818.SH,曲美家居,家居用品,4.05,89915.71,278050.2795
603817.SH,海峡环保,环境保护,5.76,77500.977,328368.384
603816.SH,顾家家居,家居用品,23.29,126977.542,1900185.2187
603815.SH,交建股份,建筑工程,5.07,32391.397,313794.5694
603813.SH,原尚股份,公路,25.87,20631.146,271673.805
603811.SH,诚意药业,化学制药,6.92,25669.086,317092.392
603810.SH,丰山集团,农药化肥,12.41,50597.441,205189.7943
603809.SH,豪能股份,汽车配件,8.34,54515.314,767520.8592
603808.SH,歌力思,服饰,8.82,37215.575,320812.6824
603806.SH,福斯特,塑料,14.24,437616.608,3714853.8768
603803.SH,瑞斯康达,通信设备,10.9,233820.602,463123.124
603801.SH,志邦家居,家居用品,6.16,40161.134,267560.524
603800.SH,洪田股份,专用机械,50.93,216379.411,1059344.0
603799.SH,华友钴业,小金属,35.23,1192305.693,6650040.1656
603798.SH,康普顿,石油加工,14.19,93573.578,363902.1243
603797.SH,联泰环保,环境保护,4.77,211248.611,275040.6804
603790.SH,雅运股份,染料涂料,25.3,88046.447,484140.8
603789.SH,ST星农,农用机械,6.02,29960.087,156520.0
603788.SH,宁波高发,汽车配件,15.0,161968.396,334597.65
603787.SH,新日股份,摩托车,10.45,26158.07,240500.271
603786.SH,科博达,汽车配件,36.4,73411.58,1470038.388
603779.SH,威龙股份,红黄酒,8.35,224341.793,277289.138
603778.SH,国晟科技,电气设备,8.2,566746.579,527142.822
603777.SH,来伊份,食品,14.03,100820.629,469197.1526
603776.SH,永安行,公共交通,20.48,25823.343,574997.7088
603773.SH,沃格光电,元器件,80.7,2041815.052,1813156.302
603768.SH,常青股份,汽车配件,12.22,75687.446,290782.1098
603767.SH,中马传动,汽车配件,14.64,172822.445,451836.516
603766.SH,隆鑫通用,摩托车,14.04,196878.045,2883172.8276
603759.SH,海天股份,水务,8.15,44767.493,376334.4
603758.SH,秦安股份,汽车配件,10.37,62545.256,449141.292
603757.SH,大元泵业,机械基件,69.61,416382.561,1298555.7553
603755.SH,日辰股份,食品,26.13,51105.276,257677.5981
603739.SH,蔚蓝生物,农业综合,13.71,467364.798,346902.6219
603738.SH,泰晶科技,元器件,31.15,683928.825,1202039.5625
603737.SH,三棵树,染料涂料,22.85,334402.862,2023095.585
603733.SH,仙鹤股份,造纸,17.94,89752.185,1466152.2408
603730.SH,岱美股份,汽车配件,9.68,195593.559,2079838.7016
603729.SH,ST龙韵,广告包装,12.49,9908.809,115114.2099
603728.SH,鸣志电器,电气设备,48.61,238991.818,2036187.8325
603727.SH,博迈科,石油开采,20.25,280781.647,570481.5825
603726.SH,朗迪集团,家用电器,23.22,69663.205,430729.3746
603725.SH,天安新材,塑料,11.93,102083.863,363695.2361
603722.SH,阿科力,化工原料,27.86,29621.638,268308.8531
603721.SH,中广天择,影视音像,18.06,66855.215,234780.0
603719.SH,良品铺子,食品,9.29,36238.192,369726.5786
603718.SH,*ST海利,医疗保健,3.08,11258.262,199885.7476
603717.SH,天域生物,农业综合,6.02,42522.084,174668.0124
603716.SH,塞力医疗,医药商业,16.18,145859.138,365329.5144
603713.SH,密尔克卫,仓储物流,66.93,180131.285,1164906.6105
603712.SH,七一二,通信设备,11.26,80798.708,869272.0
603711.SH,香飘飘,软饮料,12.07,80811.338,498339.0387
603709.SH,中源家居,家居用品,12.75,33923.301,207368.6775
603708.SH,家家悦,超市连锁,8.95,29023.938,571313.1365
603707.SH,健友股份,生物制药,8.1,113127.856,1308677.31
603706.SH,东方环宇,供气供热,17.56,33341.991,332556.0212
603703.SH,盛洋科技,元器件,9.71,84884.961,402947.6191
603701.SH,德宏股份,汽车配件,18.95,68833.114,495280.8005
603700.SH,宁水集团,电器仪表,11.63,49539.377,232555.6897
603699.SH,纽威股份,机械基件,42.64,152580.564,3247332.348
603698.SH,航天工程,专用机械,20.28,317668.128,1086987.72
603697.SH,有友食品,食品,9.72,39682.363,415716.7212
603696.SH,安记食品,食品,13.47,255874.724,316814.4
603693.SH,江苏新能,新型电力,12.36,168122.137,1101864.2124
603690.SH,至纯科技,半导体,21.5,275249.488,823373.245
603689.SH,皖天然气,供气供热,7.85,51346.233,410906.68
603688.SH,石英股份,矿物制品,41.52,424168.296,2249048.3016
603687.SH,大胜达,广告包装,13.76,173094.741,756843.8944
603686.SH,福龙马,环境保护,15.1,740350.298,627299.904
603685.SH,晨丰科技,电气设备,26.17,81045.819,527235.7369
603683.SH,晶华新材,化工原料,14.86,241450.059,428611.5866
603682.SH,锦和商管,房产服务,9.12,269010.558,430920.0
603681.SH,永冠新材,化工原料,18.41,110193.62,437682.6538
603680.SH,今创集团,运输设备,10.2,59062.989,799393.176
603679.SH,华体科技,电气设备,22.33,132324.293,396773.2846
603678.SH,火炬电子,元器件,42.17,594665.804,2005464.3522
603677.SH,奇精机械,家用电器,14.27,18085.006,274841.4843
603676.SH,卫信康,化学制药,9.05,20106.751,393821.1575
603669.SH,灵康药业,化学制药,6.64,338432.04,473006.6887
603668.SH,天马科技,饲料,11.19,71016.083,565986.5073
603667.SH,五洲新春,机械基件,47.0,572057.063,1721153.16
603666.SH,亿嘉和,专用机械,25.28,84006.998,519580.8512
603665.SH,康隆达,服饰,24.2,123044.444,387605.834
603663.SH,三祥新材,小金属,41.73,635539.371,2475285.4737
603662.SH,柯力传感,电器仪表,45.6,164794.629,1280584.344
603661.SH,恒林股份,家居用品,33.65,80067.95,467960.455
603660.SH,苏州科达,IT设备,8.88,123471.226,507485.5176
603659.SH,璞泰来,化工原料,21.86,598087.256,4687186.6612
603658.SH,安图生物,医疗保健,33.21,125091.541,1897701.7608
603657.SH,春光科技,家用电器,37.37,254306.122,505205.4037
603656.SH,泰禾智能,专用机械,17.18,25142.603,314300.1972
603655.SH,朗博科技,汽车配件,29.95,29895.994,317470.0
603650.SH,彤程新材,化工原料,59.07,816267.272,3638966.001
603648.SH,畅联股份,仓储物流,9.48,22945.84,343567.3344
603639.SH,海利尔,农药化肥,10.45,12081.365,355172.8235
603638.SH,艾迪精密,专用机械,19.79,227020.324,1742893.426
603637.SH,镇海股份,建筑工程,13.52,63626.732,322703.3368
603636.SH,南威软件,软件服务,7.46,253702.549,432948.933
603633.SH,徕木股份,汽车配件,6.13,43172.271,261635.0204
603630.SH,拉芳家化,日用化工,15.81,242385.377,356048.4726
603629.SH,利通电子,元器件,93.64,1290662.98,3377813.9176
603628.SH,清源股份,电气设备,10.28,39855.158,279794.5636
603626.SH,科森科技,元器件,23.25,1176252.001,1290095.3025
603619.SH,中曼石油,石油开采,21.65,542830.929,1000962.8525
603618.SH,杭电股份,电气设备,32.09,1075302.557,2218624.3004
603617.SH,君禾股份,机械基件,6.66,35315.065,257559.7158
603616.SH,韩建河山,水泥,5.65,48499.624,218693.42
603615.SH,茶花股份,家居用品,18.23,79491.946,440837.86
603613.SH,国联股份,互联网,18.44,155814.244,1328671.7032
603612.SH,索通发展,矿物制品,16.17,134099.457,805434.9765
603611.SH,诺力股份,专用机械,15.9,49330.409,409585.272
603610.SH,麒盛科技,家居用品,12.96,107612.492,457477.1136
603609.SH,禾丰股份,饲料,6.31,20909.202,570434.5377
603608.SH,天创时尚,服饰,18.84,165204.173,800755.9548
603607.SH,京华激光,造纸,22.05,127299.221,393629.544
603606.SH,东方电缆,电气设备,37.54,837826.012,3096331.109
603605.SH,珀莱雅,日用化工,55.12,212544.611,2182620.2632
603602.SH,纵横通信,通信设备,12.18,133384.182,281428.035
603601.SH,再升科技,玻璃,9.81,1334256.799,1120636.521
603600.SH,永艺股份,家居用品,10.1,42840.549,333737.532
603599.SH,广信股份,农药化肥,10.39,66430.676,945769.8027
603598.SH,引力传媒,互联网,18.49,308980.934,499521.0326
603596.SH,伯特利,汽车配件,27.33,287788.797,2453255.1159
603595.SH,ST东尼,元器件,31.0,37764.124,720571.13
603590.SH,康辰药业,生物制药,31.19,286168.854,495911.9549
603589.SH,口子窖,白酒,17.79,80188.916,1064054.5905
603588.SH,高能环境,环境保护,15.74,764309.005,2397571.103
603587.SH,地素时尚,服饰,12.37,44208.135,584733.3636
603586.SH,金麒麟,汽车配件,13.74,25265.837,269376.5472
603585.SH,苏利股份,农药化肥,10.63,33900.753,287856.148
603583.SH,捷昌驱动,电气设备,27.28,98531.083,1045625.2136
603580.SH,艾艾精工,塑料,72.67,283414.597,949602.1444
603579.SH,荣泰健康,家用电器,17.83,43416.985,358476.4292
603578.SH,三星新材,家用电器,14.18,51194.439,255746.226
603577.SH,汇金通,电气设备,9.63,30535.633,326590.9533
603569.SH,长久物流,公路,5.92,22620.428,357276.3216
603568.SH,伟明环保,环境保护,13.36,132808.974,2736739.0864
603567.SH,珍宝岛,中成药,5.26,255448.102,494126.1358
603566.SH,普莱柯,农业综合,10.18,29428.679,352291.4214
603565.SH,中谷物流,水运,11.78,202165.091,2473874.3318
603559.SH,中通国脉,通信设备,8.61,54353.83,345499.497
603558.SH,健盛集团,纺织,12.85,37748.378,440289.83
603557.SH,*ST起步,服饰,3.12,24768.669,194512.3128
603556.SH,海兴电力,电器仪表,22.3,40622.675,1084369.166
603551.SH,奥普科技,家居用品,9.49,18419.718,361784.7077
603538.SH,美诺华,化学制药,29.46,2502003.519,992566.32
603536.SH,惠发食品,食品,10.19,52666.368,245102.4137
603535.SH,嘉诚国际,仓储物流,6.28,31042.332,320856.6924
603533.SH,掌阅科技,互联网,23.13,602269.214,1015168.2984
603530.SH,神马电力,电气设备,40.71,117305.261,1740209.2008
603529.SH,爱玛科技,摩托车,22.89,294079.417,1947403.8318
603528.SH,多伦科技,软件服务,6.25,40562.466,441206.3125
603527.SH,众源新材,铜,9.71,45426.876,307779.0352
603520.SH,司太立,化学制药,8.55,83437.776,374840.4645
603519.SH,立霸股份,家用电器,16.43,131755.066,437576.5754
603518.SH,锦泓集团,服饰,7.81,38809.193,268721.794
603517.SH,ST绝味,食品,11.16,44001.559,676298.1204
603516.SH,淳中科技,IT设备,73.86,332660.031,1501339.6638
603515.SH,欧普照明,家用电器,14.87,14827.278,1097034.9935
603511.SH,爱慕股份,服饰,12.88,20013.289,517630.8424
603508.SH,思维列控,IT设备,20.46,32246.701,780087.4224
603507.SH,振江股份,电气设备,27.42,285621.278,647945.0196
603506.SH,南都物业,房产服务,12.28,64195.543,230591.1384
603505.SH,金石资源,化工原料,13.9,109510.251,1169919.632
603501.SH,豪威集团,半导体,78.96,1116072.174,9530182.2168
603500.SH,祥和实业,运输设备,9.83,134079.282,327125.8856
603499.SH,翔港科技,广告包装,12.45,32481.378,527421.9645
603496.SH,恒为科技,IT设备,21.83,73988.244,699016.6836
603489.SH,八方股份,电气设备,27.8,58379.135,652238.04
603488.SH,展鹏科技,运输设备,7.61,43503.363,222204.6944
603486.SH,科沃斯,家用电器,47.96,229349.73,2755833.3968
603477.SH,巨星农牧,农业综合,13.75,162087.685,701347.3679
603466.SH,风语筑,文教休闲,11.51,350673.048,684647.6035
603458.SH,勘设股份,建筑工程,10.77,99012.207,329696.0865
603456.SH,九洲药业,医疗保健,16.35,369070.587,1431515.9115
603444.SH,吉比特,互联网,339.28,219578.446,2444210.4408
603439.SH,三力制药,中成药,12.65,141045.671,510857.853
603429.SH,*ST集友,广告包装,8.87,18127.947,465218.6385
603421.SH,鼎信通讯,通信设备,6.11,88921.559,398488.3955
603418.SH,友升股份,汽车配件,50.0,230542.358,440243.0
603416.SH,信捷电气,电器仪表,44.15,96095.732,616096.0315
603409.SH,汇通控股,汽车配件,17.55,42236.368,94555.89
603408.SH,建霖家居,家居用品,11.42,20153.282,511128.366
603406.SH,天富龙,化纤,27.93,48836.415,164004.4014
603402.SH,陕西旅游,旅游景点,57.7,76941.82,145019.141
603400.SH,华之杰,机械基件,47.7,268041.255,172817.577
603399.SH,永杉锂业,小金属,13.55,611198.236,694153.763
603398.SH,*ST沐邦,电气设备,7.78,62827.569,337373.087
603396.SH,金辰股份,专用机械,31.91,738912.365,442041.2525
603395.SH,红四方,农药化肥,25.39,202882.605,165035.0
603393.SH,新天然气,石油开采,25.46,204931.731,1079303.6298
603392.SH,万泰生物,生物制药,26.5,200803.539,3350640.92
603391.SH,力聚热能,专用机械,71.89,233840.387,163549.75
603390.SH,通达电气,汽车配件,11.32,179740.715,397415.768
603389.SH,亚振家居,家居用品,43.5,83964.27,1142971.2
603387.SH,基蛋生物,医疗保健,10.16,131847.234,515267.956
603386.SH,骏亚科技,元器件,17.5,201369.963,571064.55
603385.SH,惠达卫浴,家居用品,5.58,18975.6,212411.07
603383.SH,顶点软件,软件服务,26.11,47634.959,536237.7804
603382.SH,海阳科技,化纤,18.94,40315.012,218730.2946
603381.SH,永臻股份,电气设备,14.72,33800.72,209226.6944
603380.SH,易德龙,元器件,31.16,77507.338,499934.7792
603379.SH,三美股份,化工原料,47.75,195227.102,2915037.225
603378.SH,*ST亚士,染料涂料,4.72,48075.37,202297.5952
603377.SH,ST东时,汽车服务,3.02,5998.033,218295.0828
603376.SH,大明电子,汽车配件,26.85,50815.018,85922.148
603375.SH,盛景微,半导体,41.78,143491.61,266476.6002
603373.SH,安邦护卫,仓储物流,52.2,253989.031,332003.484
603370.SH,华新精科,电气设备,27.21,30922.951,229798.5177
603369.SH,今世缘,白酒,27.65,245875.735,3447402.0
603368.SH,柳药集团,医药商业,15.22,39919.844,604555.7508
603367.SH,辰欣药业,化学制药,14.44,129036.808,653776.9204
603366.SH,日出东方,家用电器,7.3,90158.328,593525.113
603365.SH,水星家纺,纺织,16.41,32450.842,428520.4017
603363.SH,傲农生物,饲料,2.78,53030.402,596778.3188
603360.SH,百傲化学,农药化肥,12.19,131682.477,860886.6903
603359.SH,*ST东珠,建筑工程,1.97,15941.693,87880.912
603358.SH,华达科技,汽车配件,44.49,249315.678,2054417.3994
603357.SH,设计总院,建筑工程,5.97,13261.876,334644.3501
603356.SH,华菱精工,运输设备,16.41,42652.98,218810.94
603355.SH,莱克电气,家用电器,32.44,210457.988,1860099.5436
603353.SH,和顺石油,石油贸易,37.13,206703.043,632762.034
603352.SH,至信股份,汽车配件,25.0,12543.704,113333.25
603351.SH,威尔药业,化学制药,28.49,90606.415,385865.9959
603350.SH,安乃达,电气设备,28.28,13511.397,124784.086
603348.SH,文灿股份,汽车配件,14.41,37921.468,453161.6452
603345.SH,安井食品,食品,78.39,286628.822,2299133.2338
603344.SH,星德胜,电气设备,21.47,60120.863,116004.557
603341.SH,龙旗科技,通信设备,33.95,356745.618,907830.8085
603339.SH,四方科技,专用机械,12.08,54955.259,373804.9696
603338.SH,浙江鼎力,工程机械,52.26,138373.368,2646174.1254
603337.SH,杰克科技,纺织机械,35.0,64695.136,1634604.3
603336.SH,宏辉果蔬,农业综合,9.6,133972.613,584370.144
603335.SH,迪生力,汽车配件,5.95,40771.444,254746.037
603334.SH,丰倍生物,化工原料,33.41,110767.356,106299.5947
603333.SH,福华尚纬,电气设备,9.0,68569.256,559374.84
603332.SH,苏州龙杰,化纤,12.19,48490.739,263727.2368
603331.SH,百达精工,专用机械,12.43,40436.557,251304.2708
603330.SH,天洋新材,塑料,9.06,244829.654,368482.1592
603329.SH,上海雅仕,仓储物流,10.23,34431.88,211129.9113
603328.SH,依顿电子,元器件,13.55,792830.417,1352889.723
603327.SH,福蓉科技,元器件,7.94,81326.121,830094.7636
603326.SH,我乐家居,家居用品,7.68,30111.309,245127.8592
603325.SH,博隆技术,化工机械,54.36,20328.781,185819.8752
603324.SH,盛剑科技,环境保护,23.55,95533.175,343543.6791
603323.SH,苏农银行,银行,4.54,134339.303,1008059.6024
603322.SH,超讯科技,通信设备,26.58,162185.168,418865.7144
603321.SH,梅轮电梯,运输设备,7.07,52101.36,243607.1015
603320.SH,迪贝电气,电气设备,17.7,26257.438,263988.774
603319.SH,美湖股份,汽车配件,26.21,331461.282,888911.3637
603318.SH,水发燃气,供气供热,9.09,436798.861,417295.4481
603317.SH,天味食品,食品,12.51,79552.059,1328658.4521
603316.SH,诚邦股份,建筑工程,14.64,256555.387,386882.496
603315.SH,福鞍股份,环境保护,10.46,51372.57,335103.1498
603313.SH,梦百合,家居用品,6.22,80383.363,354905.0518
603312.SH,西典新能,电气设备,33.08,36680.284,168441.706
603311.SH,金海高科,家用电器,25.68,161322.514,605749.8552
603310.SH,巍华新材,化工原料,14.52,14953.469,281702.52
603309.SH,维力医疗,医疗保健,11.14,24668.629,325144.7396
603308.SH,应流股份,机械基件,36.07,1070719.703,2627461.0773
603307.SH,扬州金泉,文教休闲,25.77,29495.337,250355.55
603306.SH,华懋科技,汽车配件,66.91,679724.469,2204655.7287
603305.SH,旭升集团,汽车配件,10.87,187758.005,1256255.2482
603303.SH,得邦照明,家用电器,27.78,73758.119,1324952.0988
603301.SH,振德医疗,医疗保健,78.49,119340.775,2071164.2938
603300.SH,海南华铁,多元金融,4.5,88202.756,899634.69
603299.SH,苏盐井神,食品,8.71,24201.065,822590.0813
603298.SH,杭叉集团,工程机械,21.73,102539.055,2846221.476
603297.SH,永新光学,元器件,101.2,111737.685,1120578.492
603296.SH,华勤技术,元器件,72.55,921391.741,5793814.7055
603291.SH,联合水务,水务,8.71,33054.008,368625.1426
603290.SH,斯达半导,半导体,78.85,280465.311,1888248.5475
603289.SH,泰瑞机器,专用机械,10.69,125196.893,313642.3551
603288.SH,海天味业,食品,33.86,490472.748,18825552.5516
603286.SH,日盈电子,汽车配件,42.83,181932.473,500615.0286
603285.SH,键邦股份,化工原料,36.91,146050.437,229937.4888
603283.SH,赛腾股份,专用机械,39.16,585013.426,1380492.5992
603282.SH,亚光股份,专用机械,17.1,19329.877,228832.2
603281.SH,江瀚新材,化工原料,18.15,58419.894,941325.792
603280.SH,南方路机,工程机械,27.89,57523.335,302346.2863
603279.SH,景津装备,环境保护,11.09,64124.428,639197.657
603278.SH,大业股份,钢加工,10.21,510008.479,348936.3474
603277.SH,银都股份,专用机械,11.18,15507.087,681696.028
603276.SH,恒兴新材,化工原料,17.68,53549.068,134863.5704
603275.SH,众辰科技,电器仪表,36.11,32288.322,162210.4532
603273.SH,天元智能,专用机械,14.44,29340.999,80948.3296
603272.SH,*ST联翔,家居用品,15.01,27501.38,155544.127
603271.SH,永杰新材,铝,38.82,42073.202,367144.032
603270.SH,金帝股份,机械基件,29.02,186079.945,300985.8634
603269.SH,海鸥股份,机械基件,24.3,957203.632,1049627.565
603268.SH,松发股份,船舶,218.75,1885362.921,5102339.375
603267.SH,鸿远电子,元器件,45.1,232366.782,1042174.859
603266.SH,天龙股份,汽车配件,21.31,332283.373,423827.7708
603262.SH,技源集团,食品,16.96,29694.41,176973.8688
603261.SH,立航科技,航空,47.61,81767.436,369001.305
603260.SH,合盛硅业,化工原料,31.33,146729.421,3703854.2177
603259.SH,药明康德,化学制药,162.0,7434240.038,40067139.24
603258.SH,电魂网络,互联网,13.88,48860.869,334981.8632
603257.SH,中国瑞林,建筑工程,63.39,68818.893,157841.1
603256.SH,宏和科技,玻璃,124.64,1969277.892,11274764.8896
603255.SH,鼎际得,化工原料,31.2,45066.537,189306.624
603248.SH,锡华科技,机械基件,21.44,457048.826,153306.72
603239.SH,浙江仙通,汽车配件,13.58,24726.217,367637.76
603238.SH,诺邦股份,纺织,12.77,33386.041,226678.993
603237.SH,五芳斋,食品,15.33,24424.959,290973.9777
603236.SH,移远通信,通信设备,68.49,863431.598,2776346.2548
603235.SH,天新药业,化学制药,25.77,22887.59,1128159.06
603233.SH,大参林,医药商业,18.36,162783.588,2090936.862
603232.SH,格尔软件,软件服务,15.44,158714.754,357127.2
603231.SH,索宝蛋白,食品,17.05,53909.229,181183.53
603230.SH,内蒙新华,出版业,13.02,645824.316,460286.946
603229.SH,奥翔药业,化学制药,8.06,65045.103,669219.4626
603228.SH,景旺电子,元器件,97.89,2687337.542,9613386.3189
603227.SH,雪峰科技,化工原料,7.53,39788.166,806984.6031
603226.SH,菲林格尔,家居用品,28.41,123370.971,1009952.2038
603225.SH,新凤鸣,化纤,17.09,168387.899,2851544.6013
603223.SH,恒通股份,公路,9.27,81203.439,654297.1794
603222.SH,济民健康,医疗保健,8.05,186099.789,422697.933
603221.SH,爱丽家居,家居用品,24.29,212278.96,588473.83
603220.SH,中贝通信,通信设备,15.88,297547.995,851736.8216
603219.SH,富佳股份,家用电器,13.1,99032.359,735434.0
603218.SH,日月股份,电气设备,9.51,108136.032,978518.6115
603217.SH,元利科技,化工原料,26.5,65847.65,551432.14
603216.SH,梦天家居,家居用品,21.91,153870.837,487913.79
603215.SH,比依股份,家用电器,15.24,34221.632,285336.0816
603214.SH,爱婴室,百货,13.66,35557.387,189245.64
603213.SH,镇洋发展,化工原料,13.7,22469.64,609504.232
603212.SH,赛伍技术,塑料,11.3,85768.125,494364.378
603211.SH,晋拓股份,汽车配件,18.52,67746.732,503388.416
603210.SH,泰鸿万立,汽车配件,13.73,119537.416,319466.2075
603209.SH,兴通股份,水运,15.12,97477.308,486095.2992
603208.SH,江山欧派,家居用品,11.4,20901.336,200502.402
603207.SH,小方制药,化学制药,24.07,51011.7,131429.1803
603206.SH,嘉环科技,通信设备,13.31,31317.44,406221.2
603205.SH,健尔康,医疗保健,21.72,23714.054,89790.48
603203.SH,快克智能,专用机械,39.34,287919.171,1283408.49
603202.SH,天有为,汽车配件,50.34,38942.76,252775.2624
603201.SH,常润股份,汽车配件,15.17,28392.23,285734.0799
603200.SH,上海洗霸,环境保护,49.21,1534273.456,863537.5721
603199.SH,九华旅游,旅游景点,31.39,53913.485,347424.52
603198.SH,迎驾贡酒,白酒,38.5,106529.285,3080000.0
603197.SH,保隆科技,汽车配件,28.81,80950.654,608329.2001
603196.SH,璞源材料,服饰,17.44,33196.925,413307.5952
603195.SH,公牛集团,家用电器,38.89,135719.941,7000835.4626
603194.SH,中力股份,工程机械,33.38,22182.155,527493.7922
603193.SH,润本股份,日用化工,19.43,44972.031,200782.4309
603192.SH,汇得科技,化工原料,21.15,102290.363,349539.024
603191.SH,望变电气,电气设备,13.14,61653.479,433573.4844
603190.SH,亚通精工,汽车配件,16.11,25967.897,270648.0
603189.SH,*ST网达,软件服务,10.2,85105.25,274939.266
603188.SH,亚邦股份,染料涂料,5.04,479741.217,287365.68
603187.SH,海容冷链,机械基件,10.71,22063.465,409509.5949
603186.SH,华正新材,元器件,224.25,5608257.692,3516026.9625
603185.SH,弘元绿能,电气设备,14.87,341282.045,1009706.0114
603182.SH,嘉华股份,食品,13.64,28776.316,224446.2
603181.SH,皇马科技,化工原料,12.24,42343.699,720568.8
603180.SH,金牌家居,家居用品,15.75,12994.552,242954.9325
603179.SH,新泉股份,汽车配件,37.51,702078.489,2678959.3237
603178.SH,圣龙股份,汽车配件,16.3,132023.537,385351.397
603177.SH,德创环保,环境保护,10.8,26251.123,220527.36
603176.SH,汇通集团,建筑工程,5.26,21109.04,242915.742
603175.SH,超颖电子,元器件,102.58,210981.795,466474.3436
603173.SH,福斯达,机械基件,29.88,28752.629,478080.0
603172.SH,万丰股份,染料涂料,19.69,62592.976,262625.22
603171.SH,税友股份,软件服务,37.44,162338.009,1519652.16
603170.SH,宝立食品,食品,13.5,100413.405,540013.5
603169.SH,兰石重装,专用机械,6.06,89262.499,791612.8308
603168.SH,莎普爱思,化学制药,5.95,32766.898,221645.83
603167.SH,渤海轮渡,水运,8.0,16415.003,375315.6
603166.SH,福达股份,汽车配件,10.37,58986.178,664422.1809
603165.SH,荣晟环保,造纸,13.88,158877.024,434067.0192
603163.SH,圣晖集成,建筑工程,72.0,112342.491,720000.0
603162.SH,海通发展,水运,13.5,569207.8,1833156.5598
603161.SH,科华控股,汽车配件,14.31,28277.823,275055.8013
603160.SH,汇顶科技,半导体,51.55,193485.502,2402141.334
603159.SH,上海亚虹,专用机械,22.27,64383.921,311780.0
603158.SH,腾龙股份,汽车配件,10.0,116434.655,490770.1
603156.SH,养元饮品,软饮料,42.2,445443.483,5318371.472
603155.SH,新亚强,化工原料,14.03,115845.674,642420.9327
603153.SH,上海建科,建筑工程,13.59,26754.313,548737.2918
603151.SH,邦基科技,饲料,17.85,46650.137,305738.013
603150.SH,万朗磁塑,塑料,64.87,160504.541,554528.221
603139.SH,康惠股份,中成药,34.45,48519.725,344086.6
603138.SH,海量数据,软件服务,13.13,173493.85,378594.2277
603137.SH,恒尚节能,装修装饰,19.56,139451.524,357817.5348
603136.SH,天目湖,旅游景点,8.92,53725.702,240953.0164
603135.SH,中重科技,专用机械,8.39,50274.637,528182.4659
603132.SH,金徽股份,铅锌,17.86,87202.316,1746708.0
603131.SH,上海沪工,专用机械,13.48,65187.352,454150.9056
603130.SH,云中马,纺织,39.8,58209.079,547306.516
603129.SH,春风动力,摩托车,272.97,404889.759,4189619.9916
603128.SH,华贸物流,仓储物流,5.41,56485.743,708194.1565
603127.SH,昭衍新药,医疗保健,52.06,4309890.714,3267893.1402
603126.SH,中材节能,环境保护,6.37,32216.679,388888.5
603125.SH,常青科技,化工原料,20.9,88804.68,846108.076
603124.SH,江南新材,铜,115.45,481837.323,895993.596
603123.SH,翠微股份,多元金融,9.25,218235.19,603355.2075
603122.SH,合富中国,医药商业,13.56,444745.557,539759.3256
603121.SH,华培动力,汽车配件,11.92,49525.075,403532.1704
603120.SH,肯特催化,化工原料,53.7,148437.649,203523.0
603119.SH,浙江荣泰,汽车配件,48.84,391479.596,2309448.24
603118.SH,共进股份,通信设备,15.08,854439.04,1187212.8112
603117.SH,万林物流,仓储物流,3.94,35301.873,236083.8938
603116.SH,红蜻蜓,服饰,7.15,106811.595,411983.572
603115.SH,海星股份,铝,66.3,510378.724,1621582.638
603113.SH,金能科技,化工原料,5.0,76389.464,424245.3
603112.SH,华翔股份,机械基件,16.65,125704.697,890119.8225
603111.SH,康尼机电,运输设备,6.07,23399.324,508420.2864
603110.SH,东方材料,染料涂料,23.95,230094.109,481937.9465
603109.SH,神驰机电,电气设备,17.27,21916.232,360681.1868
603108.SH,润达医疗,医药商业,9.66,125547.641,584047.2708
603107.SH,上海汽配,汽车配件,12.42,35279.049,270972.108
603106.SH,恒银科技,IT设备,7.09,51607.352,369048.68
603105.SH,芯能科技,电气设备,8.8,208681.405,440010.032
603103.SH,横店影视,影视音像,15.35,56226.358,973497.0
603102.SH,百合股份,医疗保健,36.75,49557.065,235200.0
603101.SH,汇嘉时代,百货,7.26,38567.88,341510.4
603100.SH,川仪股份,电器仪表,18.46,112341.216,944301.3632
603099.SH,长白山,旅游景点,43.12,749920.386,1174398.6408
603098.SH,森特股份,装修装饰,10.6,27976.675,571128.0
603097.SH,江苏华辰,电气设备,18.9,55700.991,424639.152
603096.SH,新经典,出版业,15.75,38582.876,242919.495
603095.SH,越剑智能,纺织机械,13.82,44344.439,356928.0344
603093.SH,南华期货,多元金融,13.09,159229.155,1154589.051
603092.SH,德力佳,机械基件,47.42,162905.74,163939.0014
603091.SH,众鑫股份,家居用品,45.8,24530.769,205865.962
603090.SH,宏盛股份,专用机械,34.9,116771.104,349000.0
603089.SH,正裕工业,汽车配件,9.48,25215.653,261381.8016
603088.SH,宁波精达,机床制造,9.69,60063.447,424297.7742
603087.SH,甘李药业,生物制药,73.56,996617.036,4129780.5096
603086.SH,先达股份,农药化肥,6.21,162620.728,270018.9351
603085.SH,天成自控,汽车配件,10.15,153108.766,403056.5
603083.SH,剑桥科技,通信设备,193.1,4211165.708,5321612.004
603082.SH,北自科技,运输设备,39.4,171003.837,159794.186
603081.SH,大丰实业,专用机械,9.44,31417.175,398839.1504
603080.SH,新疆火炬,供气供热,20.4,44759.684,288660.0
603079.SH,圣达生物,食品,13.32,72097.175,251787.4272
603078.SH,江化微,半导体,28.14,305025.555,1085183.0808
603077.SH,和邦生物,化工原料,2.19,221672.988,1934155.9279
603076.SH,乐惠国际,专用机械,19.97,34484.665,241040.4961
603075.SH,热威股份,家用电器,20.04,49772.559,84971.4036
603073.SH,彩蝶实业,纺织,22.97,478817.025,266452.0
603072.SH,天和磁材,矿物制品,29.17,30947.274,368212.91
603071.SH,物产环能,批发业,12.53,41029.872,699116.8632
603070.SH,万控智造,电气设备,11.44,24194.856,458744.0
603069.SH,海汽集团,公共交通,13.24,35709.136,418384.0
603068.SH,博通集成,半导体,42.44,485085.135,644185.3012
603067.SH,振华股份,化工原料,38.46,965136.2,2905750.6884
603066.SH,音飞储存,仓储物流,9.27,28334.236,272704.9527
603065.SH,宿迁联盛,化工原料,14.03,323157.786,587811.5428
603063.SH,禾望电气,电气设备,26.66,323226.59,1232313.7112
603062.SH,麦加芯彩,染料涂料,37.59,13464.65,139357.7829
603061.SH,金海通,半导体,296.7,796302.964,2581290.0
603060.SH,国检集团,建筑工程,5.54,35563.485,445396.1114
603059.SH,倍加洁,日用化工,25.98,52415.244,260965.7226
603058.SH,永吉股份,广告包装,8.39,40991.818,347902.7604
603057.SH,紫燕食品,食品,17.76,36851.543,731712.0
603055.SH,台华新材,纺织,9.45,63851.103,839613.5093
603053.SH,成都燃气,供气供热,8.83,18477.234,784889.87
603052.SH,可川科技,元器件,48.25,188623.812,906604.4725
603051.SH,鹿山新材,塑料,23.5,163309.417,379837.315
603050.SH,科林电气,电气设备,15.92,50089.781,642084.1664
603049.SH,中策橡胶,汽车配件,43.41,135719.017,2192119.4823
603048.SH,浙江黎明,汽车配件,24.12,69475.885,354274.56
603045.SH,福达合金,小金属,45.03,175252.34,609909.7356
603043.SH,广州酒家,食品,13.29,56663.685,747499.2396
603042.SH,华脉科技,通信设备,16.05,447397.49,335070.714
603041.SH,美思德,化工原料,11.43,25857.952,209337.8211
603040.SH,新坐标,汽车配件,42.53,71143.241,839330.4006
603039.SH,泛微网络,软件服务,33.2,278591.278,1021361.812
603038.SH,华立股份,家居用品,15.24,82138.966,409463.9004
603037.SH,凯众股份,汽车配件,10.71,165426.75,285046.7571
603036.SH,如通股份,专用机械,13.49,60144.217,277902.094
603035.SH,常熟汽饰,汽车配件,10.39,24817.077,380634.6369
603033.SH,三维股份,橡胶,7.65,43684.087,774586.215
603032.SH,德新科技,专用机械,18.14,133026.628,422447.2224
603031.SH,安孚科技,电气设备,33.9,459967.648,1110190.083
603030.SH,全筑股份,装修装饰,2.05,61001.995,269971.3675
603029.SH,天鹅股份,农用机械,16.66,35525.409,202155.772
603028.SH,赛福天,钢加工,7.07,24075.249,201820.22
603027.SH,千禾味业,食品,7.41,101250.314,986077.3026
603026.SH,石大胜华,化工原料,59.0,667925.705,1372935.9
603025.SH,大豪科技,纺织机械,12.71,63401.385,1409761.1708
603023.SH,威帝股份,汽车配件,3.99,34268.628,222688.8426
603022.SH,新通联,广告包装,9.08,28237.98,181600.0
603021.SH,*ST华鹏,家居用品,4.26,47900.205,136297.8906
603020.SH,爱普股份,食品,12.75,433055.987,478938.195
603019.SH,中科曙光,IT设备,76.78,1719399.957,11233330.9154
603018.SH,华设集团,建筑工程,5.11,40290.335,418584.4747
603017.SH,中衡设计,建筑工程,10.01,62984.087,276466.4903
603016.SH,新宏泰,电气设备,31.68,131872.114,469370.88
603015.SH,弘讯科技,电气设备,10.48,71272.833,423621.512
603014.SH,威高血净,医疗保健,29.97,48985.607,304150.2453
603013.SH,亚普股份,汽车配件,14.29,26952.451,726245.8084
603012.SH,创力集团,专用机械,8.61,136030.973,556636.5
603011.SH,合锻智能,专用机械,23.33,481063.464,1153468.7952
603010.SH,万盛股份,化工原料,12.18,72140.528,695207.9694
603009.SH,北特科技,汽车配件,43.35,284630.023,1501599.783
603008.SH,ST喜临门,家居用品,10.7,91252.196,394072.868
603007.SH,顺景科技,建筑工程,4.43,48529.75,307924.427
603006.SH,联明股份,汽车配件,10.94,31331.049,278154.2042
603005.SH,晶方科技,半导体,25.82,671463.627,1683907.3294
603004.SH,鼎龙科技,化工原料,19.77,102309.552,116405.76
603002.SH,宏昌电子,化工原料,18.69,2530765.333,2119592.7165
603001.SH,奥康国际,服饰,11.33,128201.793,454310.34
603000.SH,人民网,互联网,16.1,221189.644,1780162.671
601999.SH,出版传媒,出版业,6.7,108189.025,369112.849
601998.SH,中信银行,银行,9.08,448055.042,37012803.3644
601997.SH,贵阳银行,银行,5.64,219404.08,2062095.7284
601996.SH,丰林集团,家居用品,2.84,40472.928,318339.6896
601995.SH,中金公司,证券,30.19,525982.31,8826174.5056
601992.SH,金隅集团,水泥,1.41,77740.783,1175116.3203
601991.SH,大唐发电,火力发电,5.35,649837.158,6631907.6685
601990.SH,南京证券,证券,6.53,92862.484,2763316.2944
601988.SH,中国银行,银行,6.81,1769228.455,143531315.5788
601985.SH,中国核电,新型电力,9.17,1225885.773,17315972.2533
601975.SH,招商南油,水运,4.97,1466802.817,2326131.3159
601969.SH,海南矿业,普钢,9.08,98011.057,1791008.7528
601968.SH,宝钢包装,广告包装,4.47,30665.462,570273.4365
601966.SH,玲珑轮胎,汽车配件,10.47,75948.983,1532287.3269
601965.SH,中国汽研,汽车服务,14.05,247259.951,1408228.409
601963.SH,重庆银行,银行,11.2,108265.139,2278154.704
601958.SH,金钼股份,小金属,18.92,321043.179,6104735.5248
601956.SH,东贝集团,家用电器,5.52,65750.575,343132.3632
601952.SH,苏垦农发,种植业,8.94,140638.973,1231932.0
601949.SH,中国出版,出版业,5.73,268923.044,1090973.7213
601939.SH,建设银行,银行,11.15,1062363.007,10696928.224
601933.SH,永辉超市,超市连锁,2.96,175012.057,2641811.0112
601929.SH,吉视传媒,影视音像,2.27,203792.522,792181.9214
601928.SH,凤凰传媒,出版业,8.33,70892.568,2119901.7
601921.SH,浙版传媒,出版业,7.45,68412.878,1655555.539
601919.SH,中远海控,水运,16.6,1261434.869,20761186.242
601918.SH,新集能源,煤炭开采,11.53,469761.318,2986894.6954
601916.SH,浙商银行,银行,2.92,520261.086,6290975.312
601908.SH,京运通,电气设备,2.92,67820.89,705064.0468
601901.SH,方正证券,证券,6.6,216313.179,5433186.924
601900.SH,南方传媒,出版业,12.37,112826.258,1090997.0137
601899.SH,紫金矿业,铜,29.37,3385707.791,60507466.3347
601898.SH,中煤能源,煤炭开采,14.09,445113.53,12895168.5636
601890.SH,亚星锚链,船舶,9.46,498390.181,907592.4
601888.SH,中国中免,旅游服务,50.69,608704.732,9897098.3095
601886.SH,江河集团,装修装饰,12.89,117256.164,1460439.7069
601882.SH,海天精工,机床制造,21.6,135150.617,1127520.0
601881.SH,中国银河,证券,11.4,274655.593,8257496.064
601880.SH,辽港股份,港口,1.48,160312.941,2725131.5776
601878.SH,浙商证券,证券,8.84,167246.205,4008953.26
601877.SH,正泰电器,电气设备,25.69,641327.62,5520701.361
601872.SH,招商轮船,水运,22.03,5013474.95,17788208.3155
601869.SH,长飞光纤,通信设备,393.99,3338732.849,16009322.6817
601868.SH,中国能建,建筑工程,2.38,611023.333,8324703.8336
601866.SH,中远海发,水运,2.47,241915.326,2398475.6468
601865.SH,福莱特,玻璃,9.12,91036.033,1733735.712
601860.SH,紫金银行,银行,2.59,155933.13,919887.192
601858.SH,中国科传,出版业,21.15,186423.725,1671907.5
601857.SH,中国石油,石油开采,11.59,1781854.581,187667688.1702
601838.SH,成都银行,银行,19.58,541450.779,8298856.5132
601828.SH,美凯龙,其他商业,2.17,134169.505,783891.2774
601827.SH,三峰环境,环境保护,7.9,37598.495,1320827.307
601825.SH,沪农商行,银行,8.71,169730.488,8215532.6032
601818.SH,光大银行,银行,3.08,931096.043,14293299.2048
601816.SH,京沪高铁,铁路,4.81,849467.378,23533251.7914
601811.SH,新华文轩,出版业,19.01,808148.248,1505409.3139
601808.SH,中海油服,石油开采,12.56,193092.403,3718347.808
601801.SH,皖新传媒,出版业,5.41,112409.626,1059240.7792
601800.SH,中国交建,建筑工程,6.05,401810.189,7092338.2255
601799.SH,星宇股份,汽车配件,68.1,243482.81,1945476.714
601798.SH,蓝科高新,化工机械,7.7,36053.967,272986.714
601789.SH,宁波建工,建筑工程,4.18,74115.486,454281.8148
601788.SH,光大证券,证券,13.43,194359.443,5246696.4884
601778.SH,晶科科技,新型电力,3.37,245383.331,1254666.9745
601777.SH,千里科技,汽车整车,8.05,329637.91,3639485.5805
601766.SH,中国中车,运输设备,6.22,636643.935,15131890.356
601728.SH,中国电信,电信运营,6.42,728585.025,49838285.8254
601727.SH,上海电气,电气设备,6.42,223881.955,8099240.6232
601718.SH,ST际华,服饰,1.93,26637.075,841686.4135
601717.SH,中创智领,专用机械,13.35,192587.135,2058791.2095
601702.SH,华峰铝业,铝,14.91,37064.0,1488809.1246
601700.SH,风范股份,电气设备,6.38,366187.117,726527.1574
601699.SH,潞安环能,煤炭开采,15.27,274783.053,4567881.8484
601698.SH,中国卫通,电信运营,22.99,495113.958,9711862.0346
601696.SH,中银证券,证券,10.76,214216.431,2989128.0
601689.SH,拓普集团,汽车配件,42.88,1230197.11,7451839.0528
601688.SH,华泰证券,证券,17.6,812994.993,12859894.256
601686.SH,友发集团,钢加工,5.02,22378.461,742632.3446
601678.SH,滨化股份,化工原料,5.66,241662.552,1156528.3458
601677.SH,明泰铝业,铝,16.06,230430.027,1996724.7036
601669.SH,中国电建,建筑工程,4.58,319594.988,5986758.8622
601668.SH,中国建筑,建筑工程,4.39,1192061.574,18139651.3856
601666.SH,平煤股份,煤炭开采,8.85,168126.361,2185388.1135
601665.SH,齐鲁银行,银行,7.15,352266.179,4399997.3875
601658.SH,邮储银行,银行,5.49,934882.03,39817762.5294
601636.SH,旗滨集团,玻璃,5.22,241013.284,1544417.2314
601633.SH,长城汽车,汽车整车,13.41,257519.32,8331945.3189
601628.SH,中国人寿,保险,35.94,850128.293,74839766.82
601619.SH,嘉泽新能,新型电力,3.93,87253.12,995566.8177
601618.SH,中国中冶,建筑工程,2.55,236825.136,4552417.896
601616.SH,广电电气,电气设备,3.76,29393.883,320981.9128
601615.SH,明阳智能,电气设备,9.56,380175.082,2161990.8452
601611.SH,中国核建,建筑工程,10.0,180913.38,3013834.2
601609.SH,金田股份,铜,11.11,499337.357,1920517.0402
601608.SH,中信重工,专用机械,4.6,158202.661,2106594.564
601607.SH,上海医药,医药商业,16.47,286188.078,4593824.7525
601606.SH,长城军工,专用机械,30.5,333152.611,2208896.62
601601.SH,中国太保,保险,30.83,852715.903,21103262.9445
601600.SH,中国铝业,铝,9.02,1326149.362,11909412.5898
601599.SH,浙文影业,纺织,3.21,47627.685,372534.1425
601598.SH,中国外运,仓储物流,6.71,102638.525,3460662.5042
601595.SH,上海电影,影视音像,22.49,169025.64,1008001.8
601588.SH,北辰实业,区域地产,1.8,93138.881,478800.0
601579.SH,会稽山,红黄酒,39.6,2347559.819,1898675.064
601577.SH,长沙银行,银行,9.88,261813.988,3973295.1544
601568.SH,北元化工,化工原料,3.57,62674.625,1418083.3254
601567.SH,三星电气,电气设备,13.75,306102.218,1932162.925
601566.SH,九牧王,服饰,9.22,173678.648,529815.4984
601555.SH,东吴证券,证券,7.97,208763.327,3960056.1316
601528.SH,瑞丰银行,银行,5.15,70057.826,955722.0135
601519.SH,大智慧,软件服务,8.34,464026.994,1658959.44
601518.SH,吉林高速,路桥,2.78,26332.85,525573.7896
601515.SH,衢州东峰,广告包装,3.18,44714.333,611981.6826
601512.SH,中新集团,园区开发,8.39,37614.847,1257568.71
601500.SH,通用股份,汽车配件,3.84,46983.335,607872.2688
601456.SH,国联民生,证券,8.38,104192.833,3673177.0756
601399.SH,国机重装,工程机械,3.13,270198.319,2257842.9967
601398.SH,工商银行,银行,8.31,2625583.216,224047748.5875
601390.SH,中国中铁,建筑工程,4.28,346971.994,8698637.8884
601388.SH,怡球资源,铝,3.17,56082.786,697787.5642
601377.SH,兴业证券,证券,5.68,311397.756,4905240.7864
601375.SH,中原证券,证券,3.91,91613.349,1347980.2027
601369.SH,陕鼓动力,机械基件,8.53,65182.456,1468341.4903
601368.SH,绿城水务,水务,4.6,24134.224,406167.626
601366.SH,利群股份,百货,3.6,28092.524,345506.796
601360.SH,三六零,互联网,8.67,774464.178,6068616.6993
601339.SH,百隆东方,纺织,7.38,60534.177,1106681.922
601336.SH,新华保险,保险,56.12,431580.495,11703485.3516
601333.SH,广深铁路,铁路,3.09,193793.827,1746541.233
601330.SH,绿色动力,环境保护,8.32,105778.987,822927.3728
601328.SH,交通银行,银行,7.83,1582843.594,20414720.1825
601326.SH,秦港股份,港口,3.6,83861.652,1712721.24
601319.SH,中国人保,保险,7.91,403043.743,28078725.4706
601318.SH,中国平安,保险,52.67,3151177.341,56146562.8817
601311.SH,骆驼股份,电气设备,7.4,85445.75,868128.114
601298.SH,青岛港,港口,10.05,107728.637,5419035.375
601288.SH,农业银行,银行,7.02,2102919.056,224109435.9816
601279.SH,英利汽车,汽车配件,3.61,60666.252,572468.746
601238.SH,广汽集团,汽车整车,5.36,715741.052,3957661.9136
601236.SH,红塔证券,证券,6.99,153379.748,3280570.3563
601233.SH,桐昆股份,化纤,22.68,477201.781,5385756.5496
601231.SH,环旭电子,元器件,23.07,462982.89,5511274.6599
601229.SH,上海银行,银行,9.81,591245.08,13939066.9647
601228.SH,广州港,港口,3.16,118300.014,2384071.9224
601226.SH,华电科工,建筑工程,6.61,63515.716,768229.8657
601225.SH,陕西煤业,煤炭开采,26.6,1107386.936,25788700.0
601222.SH,林洋能源,新型电力,6.04,180101.364,1232897.0008
601218.SH,吉鑫科技,电气设备,5.95,1145711.113,576574.9325
601216.SH,君正集团,化工原料,4.77,677810.558,4024934.2998
601212.SH,白银有色,铜,5.57,473422.11,4124459.3965
601211.SH,国泰海通,证券,16.6,1052261.238,22325545.84
601208.SH,东材科技,化工原料,50.92,5794652.515,5143851.3268
601200.SH,上海环境,环境保护,6.82,32914.999,918129.0646
601199.SH,江南水务,水务,6.21,63948.19,580765.5963
601188.SH,龙江交通,路桥,2.89,33977.224,377280.8011
601187.SH,厦门银行,银行,6.89,145516.521,1814398.8889
601186.SH,中国铁建,建筑工程,6.06,256825.186,6970966.773
601179.SH,中国西电,电气设备,11.79,729412.893,6043415.3496
601177.SH,杭齿前进,机械基件,13.7,74163.081,551310.605
601169.SH,北京银行,银行,5.66,1032434.669,11966929.1138
601168.SH,西部矿业,铜,35.13,992259.783,8371479.0
601166.SH,兴业银行,银行,18.24,1501087.104,38601055.728
601163.SH,三角轮胎,汽车配件,12.2,26473.694,976000.0
601162.SH,天风证券,证券,3.49,308865.313,3000691.7045
601158.SH,重庆水务,水务,4.04,19365.54,1939212.1604
601156.SH,东航物流,仓储物流,18.47,137769.346,1744668.0732
601155.SH,新城控股,区域地产,12.82,528686.954,2891708.5578
601139.SH,深圳燃气,供气供热,6.51,204198.269,1872760.6695
601138.SH,工业富联,通信设备,55.69,4502354.498,110511750.0187
601137.SH,博威合金,小金属,18.41,170291.302,1690271.6229
601136.SH,首创证券,证券,13.65,128627.958,3731000.637
601133.SH,柏诚股份,建筑工程,21.81,184719.549,1143687.3927
601128.SH,常熟银行,银行,6.28,274492.773,2291056.5376
601127.SH,赛力斯,汽车整车,47.97,2619032.031,7469904.7098
601126.SH,四方股份,电气设备,35.27,695155.198,2912342.3033
601121.SH,宝地矿业,普钢,7.1,94145.683,590321.619
601118.SH,海南橡胶,橡胶,6.51,1334095.091,2785907.4978
601117.SH,中国化学,建筑工程,7.15,323003.484,4352968.191
601116.SH,三江购物,超市连锁,9.94,66949.057,544392.3296
601113.SH,华鼎股份,化纤,3.49,31146.227,385349.1178
601111.SH,中国国航,空运,5.74,493891.491,6680274.8381
601108.SH,财通证券,证券,7.94,333426.894,3687152.586
601107.SH,四川成渝,路桥,6.27,69466.564,1356037.98
601106.SH,中国一重,工程机械,2.95,190762.233,2023045.9555
601101.SH,昊华能源,煤炭开采,13.15,285912.296,1893597.2385
601100.SH,恒立液压,工程机械,87.39,821183.322,11717434.719
601099.SH,太平洋,证券,3.4,317064.666,2317547.576
601098.SH,中南传媒,出版业,10.48,181236.674,1882208.0
601096.SH,宏盛华源,钢加工,4.04,66384.83,663762.506
601089.SH,福元医药,化学制药,16.29,48222.1,781920.0
601088.SH,中国神华,煤炭开采,47.49,3000106.073,80489394.8211
601086.SH,国芳集团,百货,13.58,1019748.662,904428.0
601083.SH,锦江航运,水运,13.02,170817.807,252744.24
601077.SH,渝农商行,银行,6.78,408294.697,5992328.3472
601069.SH,西部黄金,黄金,24.14,194606.71,2141672.7976
601068.SH,中铝国际,建筑工程,4.44,95414.23,1136458.2708
601066.SH,中信建投,证券,22.75,230044.377,14777651.525
601065.SH,江盐集团,化工原料,6.64,23691.767,426803.3304
601061.SH,中信金属,商贸代理,10.87,205948.055,5326300.0
601058.SH,赛轮轮胎,汽车配件,12.94,543099.528,4254801.7882
601038.SH,一拖股份,农用机械,13.78,64398.062,1008289.9034
601033.SH,永兴股份,环境保护,14.18,48182.474,340320.0
601026.SH,道生天合,电气设备,15.24,144061.637,169294.6068
601022.SH,宁波远洋,水运,8.46,86815.569,1107103.7718
601021.SH,春秋航空,空运,39.65,164245.127,3879091.931
601020.SH,华钰矿业,铅锌,19.35,191271.694,1586631.6945
601019.SH,山东出版,出版业,6.8,77082.786,1419092.0
601018.SH,宁波港,港口,3.59,296766.241,6984125.4356
601016.SH,节能风电,新型电力,3.28,206819.7,1980549.3784
601015.SH,陕西黑猫,焦炭加工,3.83,535073.879,782276.5808
601012.SH,隆基绿能,电气设备,11.07,727012.619,8388914.1912
601011.SH,宝泰隆,焦炭加工,2.97,157274.819,568952.3565
601010.SH,ST文峰,百货,1.4,14729.122,253217.468
601009.SH,南京银行,银行,12.11,721548.297,14972279.8792
601008.SH,连云港,港口,4.44,50798.368,550843.272
601007.SH,金陵饭店,酒店餐饮,6.73,32103.736,262470.0
601006.SH,大秦铁路,铁路,4.84,1029548.241,9613640.1152
601005.SH,重庆钢铁,普钢,1.2,87352.64,997636.392
601003.SH,柳钢股份,普钢,3.57,54513.819,940417.1826
601002.SH,晋亿实业,机械基件,5.3,71806.812,505853.571
601001.SH,晋控煤业,煤炭开采,17.4,253316.819,2912238.0
601000.SH,唐山港,港口,4.69,223278.941,2779260.5134
600999.SH,招商证券,证券,16.86,590692.915,12513500.9358
600998.SH,九州通,医药商业,5.06,350028.114,2551489.9212
600997.SH,开滦股份,焦炭加工,5.31,59878.869,843121.7469
600996.SH,贵广网络,影视音像,6.69,90775.112,834109.1331
600995.SH,南网储能,水力发电,12.06,125690.996,3854382.9948
600993.SH,马应龙,中成药,22.65,57064.295,974670.27
600992.SH,贵绳股份,钢加工,10.39,87517.968,254648.51
600990.SH,四创电子,通信设备,17.42,41731.192,468620.1234
600989.SH,宝丰能源,化工原料,23.32,1683179.257,17101395.52
600988.SH,赤峰黄金,黄金,39.07,1217095.204,6500901.8398
600987.SH,航民股份,纺织,6.29,22349.294,642095.0881
600986.SH,浙文互联,互联网,6.77,166431.27,1006952.2657
600985.SH,淮北矿业,煤炭开采,16.29,287940.229,4387318.4223
600984.SH,建设机械,工程机械,3.65,105973.719,458821.0235
600983.SH,惠而浦,家用电器,7.5,9060.077,574829.25
600982.SH,宁波能源,供气供热,5.35,351622.935,597930.7125
600981.SH,苏豪汇鸿,商贸代理,2.39,40938.829,535941.5348
600980.SH,北矿科技,专用机械,18.54,38034.17,350894.529
600979.SH,广安爱众,水力发电,3.94,90302.322,489224.481
600977.SH,中国电影,影视音像,13.4,622331.9,2501780.0
600976.SH,健民集团,中成药,26.98,29317.425,413599.6228
600975.SH,新五丰,农业综合,5.09,64186.087,636077.8053
600973.SH,宝胜股份,电气设备,5.72,51054.185,784421.4664
600971.SH,恒源煤电,煤炭开采,8.43,129833.438,1011604.1307
600970.SH,中材国际,建筑工程,7.78,96906.242,2039770.4362
600969.SH,郴电国际,水力发电,9.51,60544.163,351918.0255
600968.SH,海油发展,石油开采,4.03,237135.762,4096536.9926
600967.SH,内蒙一机,运输设备,12.9,573652.573,2195315.163
600966.SH,博汇纸业,造纸,4.84,39923.135,647032.6412
600965.SH,*ST福成,农业综合,2.56,9012.111,209587.456
600963.SH,岳阳林纸,造纸,3.36,79224.341,590542.8144
600962.SH,国投中鲁,软饮料,24.32,147567.037,637694.72
600961.SH,株冶集团,铅锌,22.24,364613.242,2386068.8848
600960.SH,渤海汽车,汽车配件,3.86,33366.558,366898.983
600959.SH,江苏有线,影视音像,3.09,57823.766,1545221.7693
600958.SH,东方证券,证券,8.52,386989.586,6363999.4308
600956.SH,新天绿能,供气供热,7.26,98257.86,1704712.3795
600955.SH,维远股份,化工原料,12.59,35887.463,692450.0
600941.SH,中国移动,电信运营,97.96,1289069.778,8843514.3484
600939.SH,重庆建工,建筑工程,2.64,34106.515,502253.3736
600938.SH,中国海油,石油开采,34.17,1505934.997,10216830.0
600936.SH,北投科技,软件服务,4.27,122413.896,713528.1874
600935.SH,华塑股份,化工原料,2.3,41135.976,806702.414
600933.SH,爱柯迪,汽车配件,12.9,117434.606,1249081.071
600930.SH,华电新能,新型电力,3.98,863161.41,4275791.7692
600929.SH,雪天盐业,食品,5.88,121181.841,964386.6204
600928.SH,西安银行,银行,3.57,96304.603,1579137.4137
600927.SH,永安期货,多元金融,11.94,56120.684,1731830.9718
600926.SH,杭州银行,银行,17.43,645240.362,12635011.3575
600925.SH,苏能股份,煤炭开采,4.19,31463.403,2886444.4491
600919.SH,江苏银行,银行,12.57,1056592.332,23067614.8965
600918.SH,中泰证券,证券,5.36,134207.146,2445673.7176
600917.SH,重庆燃气,供气供热,4.96,56291.379,774275.7408
600916.SH,中国黄金,服饰,7.15,96724.83,1201200.0
600909.SH,华安证券,证券,7.5,630685.838,3768156.975
600908.SH,无锡银行,银行,5.93,127786.537,1185592.4311
600906.SH,财达证券,证券,6.22,106591.41,1321274.17
600905.SH,三峡能源,新型电力,3.53,201700.007,10091440.4853
600903.SH,贵州燃气,供气供热,6.84,437205.604,796165.911
600901.SH,江苏金租,多元金融,6.99,253921.774,4047526.2276
600900.SH,长江电力,水力发电,28.9,3270960.934,70713149.153
600897.SH,厦门空港,机场,14.41,108646.035,600801.894
600895.SH,张江高科,园区开发,27.39,337826.15,4241860.8144
600894.SH,广日股份,运输设备,7.66,50403.146,645848.6104
600893.SH,航发动力,航空,38.09,639870.622,10151460.3632
600892.SH,大晟文化,互联网,4.05,99348.696,226524.3975
600889.SH,*ST京化,机械基件,13.23,12580.983,484675.758
600888.SH,新疆众和,铝,9.83,306878.02,1526683.4397
600887.SH,伊利股份,乳制品,27.32,1065641.504,17195015.9404
600886.SH,国投电力,水力发电,15.64,673295.701,11658337.2072
600885.SH,宏发股份,电气设备,32.29,618912.346,4997181.9947
600884.SH,杉杉股份,电气设备,11.87,777985.549,2178275.2139
600883.SH,博闻科技,种植业,8.04,26536.096,189814.752
600882.SH,妙可蓝多,乳制品,19.21,73903.232,976739.3656
600881.SH,亚泰集团,综合类,1.86,160163.346,601180.086
600880.SH,博瑞传播,广告包装,4.11,108662.371,449235.4122
600879.SH,航天电子,航空,13.73,893538.436,4529937.9389
600877.SH,电科芯片,半导体,11.03,107736.561,1306017.6285
600876.SH,凯盛新能,玻璃,7.52,51830.627,297547.6
600875.SH,东方电气,电气设备,23.48,792205.05,5314384.7768
600874.SH,创业环保,环境保护,5.55,37233.254,682882.0455
600873.SH,梅花生物,食品,7.55,130786.434,2117202.4835
600872.SH,中炬高新,食品,17.26,124260.269,1330725.288
600871.SH,石化油服,石油开采,2.16,408800.708,2926154.6784
600869.SH,远东股份,电气设备,17.11,1432385.692,3797312.4697
600868.SH,梅雁吉祥,水力发电,2.75,70678.954,521990.8925
600867.SH,通化东宝,生物制药,7.77,131328.932,1521787.7556
600866.SH,星湖科技,饲料,4.25,102125.09,706125.855
600865.SH,百大集团,百货,10.46,138668.329,393547.3538
600864.SH,哈投股份,证券,5.5,155402.131,1144313.775
600863.SH,华能蒙电,火力发电,5.1,1413796.771,3602295.801
600862.SH,中航高科,航空,17.55,126091.519,2444801.1705
600861.SH,北京人力,文教休闲,12.81,20895.507,725190.3687
600860.SH,京城股份,专用机械,7.51,31827.024,333474.6408
600859.SH,王府井,百货,9.67,90472.022,1086741.7727
600858.SH,银座股份,百货,4.9,28225.016,253598.52
600857.SH,宁波中百,百货,17.05,144711.753,382465.4295
600855.SH,航天长峰,专用机械,12.3,75491.992,575196.831
600854.SH,春兰股份,家用电器,4.74,30494.723,246223.329
600853.SH,龙建股份,建筑工程,3.29,23868.764,333506.999
600851.SH,海欣股份,化学制药,7.66,59953.53,565465.8726
600850.SH,电科数字,软件服务,13.28,100959.632,1083964.728
600848.SH,上海临港,园区开发,8.92,169468.925,2135369.7716
600847.SH,万里股份,电气设备,13.1,79395.867,200806.494
600846.SH,同济科技,建筑工程,10.68,20071.762,667245.282
600845.SH,宝信软件,软件服务,17.38,220803.725,3708986.1996
600844.SH,金煤科技,化工原料,3.29,94760.183,270678.3674
600843.SH,上工申贝,纺织机械,7.44,150676.882,349101.6888
600841.SH,动力新科,汽车配件,5.68,44866.325,592437.916
600839.SH,四川长虹,家用电器,6.43,204513.62,2967418.3798
600838.SH,上海九百,百货,8.11,66253.263,325115.302
600835.SH,上海机电,运输设备,17.7,91730.588,1427512.611
600834.SH,申通地铁,公共交通,7.65,19393.253,365197.1535
600833.SH,第一医药,医药商业,10.39,55423.189,231786.6657
600831.SH,广电网络,影视音像,3.36,67224.677,238878.192
600830.SH,香溢融通,多元金融,8.54,104003.37,387991.5858
600829.SH,人民同泰,医药商业,9.25,90116.474,536396.955
600828.SH,茂业商业,百货,4.31,52112.016,746216.2462
600827.SH,百联股份,超市连锁,7.91,76368.112,1269119.8709
600826.SH,兰生股份,文教休闲,7.9,37417.819,572105.044
600825.SH,新华传媒,出版业,11.39,64324.547,1190127.3181
600824.SH,益民集团,百货,3.69,37347.428,388935.9999
600822.SH,上海物贸,汽车服务,9.02,53252.691,357325.4058
600821.SH,金开新能,新型电力,5.59,206072.548,1099734.675
600820.SH,隧道股份,建筑工程,5.29,54484.648,1663226.8369
600819.SH,耀皮玻璃,玻璃,5.53,36294.173,436459.1763
600818.SH,ST中路,文教休闲,9.84,57652.964,234150.5736
600817.SH,宇通重工,专用机械,9.85,19106.382,521780.898
600816.SH,建元信托,多元金融,2.38,109937.227,1301654.8202
600815.SH,厦工股份,工程机械,3.84,547763.568,681252.288
600814.SH,杭州解百,百货,6.88,34057.37,505734.0768
600812.SH,华北制药,化学制药,5.48,494359.0,940220.2592
600810.SH,神马股份,化纤,6.27,25270.29,675780.0984
600809.SH,山西汾酒,白酒,115.1,805792.198,14041787.942
600808.SH,马钢股份,普钢,2.44,229228.374,1456131.2928
600807.SH,济高发展,医疗保健,2.66,36056.942,209481.8096
600805.SH,悦达投资,综合类,4.65,33877.235,395378.061
600803.SH,新奥股份,供气供热,19.49,220897.511,5986795.3383
600802.SH,福建水泥,水泥,7.14,572618.337,327189.3576
600801.SH,华新建材,水泥,23.65,244668.761,3173114.824
600800.SH,渤海化学,化工原料,3.22,49240.746,357333.1244
600798.SH,宁波海运,水运,3.47,84325.342,418667.3674
600797.SH,浙大网新,软件服务,6.37,59154.802,654534.3168
600796.SH,钱江生化,环境保护,5.12,29388.148,159476.6848
600795.SH,国电电力,火力发电,5.45,704996.078,9720412.4095
600794.SH,保税科技,仓储物流,3.18,31136.088,381648.3996
600793.SH,宜宾纸业,造纸,16.51,57898.736,292068.504
600792.SH,云煤能源,焦炭加工,5.22,505869.598,579380.1192
600791.SH,京能置业,全国地产,6.71,87919.005,303502.4927
600790.SH,轻纺城,商品城,3.77,197449.834,552603.1693
600789.SH,鲁抗医药,化学制药,8.15,1058969.466,823393.033
600787.SH,中储股份,仓储物流,4.62,67984.633,1002576.7752
600785.SH,新华百货,百货,10.76,191574.317,339890.9688
600784.SH,鲁银投资,综合类,6.97,33578.721,470929.6531
600783.SH,鲁信创投,专用机械,14.21,141939.487,1057734.5653
600782.SH,新钢股份,普钢,2.7,94575.018,849326.067
600780.SH,通宝能源,火力发电,6.2,73969.8,710831.55
600779.SH,水井坊,白酒,25.99,33174.545,1266685.026
600778.SH,友好集团,百货,5.71,42405.009,177703.7079
600777.SH,新潮能源,石油开采,4.05,116447.303,2578291.722
600776.SH,东方通信,通信设备,12.15,120938.863,1161540.1215
600775.SH,南京熊猫,通信设备,9.44,211270.63,634215.544
600774.SH,汉商集团,化学制药,7.85,36427.514,226751.96
600773.SH,西藏城投,区域地产,9.82,172497.493,934458.3358
600771.SH,广誉远,中成药,14.01,114201.603,685777.0311
600770.SH,综艺股份,综合类,6.03,375974.502,783900.0
600769.SH,祥龙电业,水务,13.81,161000.296,517843.5132
600768.SH,富邦新材,铝,14.75,27705.501,197277.12
600765.SH,中航重机,航空,13.03,118382.2,2022899.9426
600764.SH,中国海防,船舶,18.31,125905.09,1301162.4314
600763.SH,通策医疗,医疗保健,33.5,193262.284,1488927.6
600761.SH,安徽合力,工程机械,14.92,86451.311,1328913.6576
600760.SH,中航沈飞,航空,43.57,358596.628,12328361.1139
600759.SH,ST洲际,石油开采,2.29,240981.213,948904.0482
600758.SH,辽宁能源,煤炭开采,3.87,298793.072,511127.6958
600757.SH,长江传媒,出版业,7.36,63743.948,893133.8656
600756.SH,浪潮软件,软件服务,13.54,61230.967,438829.7752
600755.SH,厦门国贸,仓储物流,5.69,86576.594,1213198.1865
600754.SH,锦江酒店,酒店餐饮,17.54,144700.755,1589201.3514
600753.SH,ST海钦,商贸代理,13.65,55924.315,314369.328
600751.SH,海航科技,水运,2.87,68563.845,738505.2717
600750.SH,华润江中,中成药,22.6,77210.077,1421145.178
600749.SH,西藏旅游,旅游景点,12.54,47610.242,284614.737
600748.SH,上实发展,全国地产,4.09,92934.912,754426.2261
600746.SH,江苏索普,化工原料,7.18,121565.587,838511.2022
600745.SH,*ST闻泰,半导体,16.0,339901.568,2038190.72
600744.SH,华银电力,火力发电,6.17,381665.515,1253203.6931
600743.SH,华远控股,区域地产,2.33,268884.907,546641.5097
600742.SH,富维股份,汽车配件,7.7,31284.021,572154.583
600741.SH,华域汽车,汽车配件,15.15,311379.451,4776376.86
600740.SH,山西焦化,焦炭加工,3.79,113353.208,971043.9348
600739.SH,辽宁成大,生物制药,10.13,111885.003,1542106.0067
600738.SH,丽尚国潮,百货,4.18,41593.497,317958.4716
600737.SH,中粮糖业,食品,15.12,1489006.728,3233938.4784
600736.SH,苏州高新,园区开发,6.48,129222.486,746037.7992
600735.SH,ST新华锦,服饰,6.51,21038.707,276969.1218
600734.SH,*ST实达,软件服务,1.85,44168.688,402902.8235
600733.SH,北汽蓝谷,汽车整车,4.77,891304.446,2883439.1466
600732.SH,爱旭股份,电气设备,10.95,379216.62,2305252.3635
600731.SH,湖南海利,农药化肥,5.91,17974.709,320134.4757
600730.SH,*ST高科,文教休闲,8.76,61443.46,513910.656
600729.SH,重百集团,百货,18.47,30145.696,355515.7316
600728.SH,佳都科技,软件服务,4.4,59496.873,938343.692
600727.SH,鲁北化工,化工原料,7.8,140609.367,412294.818
600726.SH,华电能源,火力发电,5.01,206248.311,3745143.4362
600725.SH,云维股份,商贸代理,3.33,56050.855,410412.51
600724.SH,宁波富达,综合类,4.98,33678.312,719581.4646
600722.SH,金牛化工,化工原料,16.19,1317375.29,1101437.5943
600721.SH,百花医药,生物制药,12.58,1215941.095,483760.8808
600720.SH,中交设计,建筑工程,5.19,27368.305,523696.8462
600719.SH,大连热电,供气供热,8.39,404441.911,339459.0644
600718.SH,东软集团,软件服务,7.82,50789.272,935615.2198
600717.SH,天津港,港口,4.36,99092.877,1261784.436
600716.SH,凤凰股份,区域地产,3.7,22678.247,346342.422
600715.SH,文投控股,影视音像,1.6,54347.657,457979.552
600714.SH,金瑞矿业,化工原料,17.05,179608.293,491340.5915
600713.SH,南京医药,医药商业,5.01,49165.976,646196.8641
600712.SH,南宁百货,百货,5.33,78713.452,287099.5972
600711.SH,盛屯矿业,小金属,10.28,464909.791,3177148.7248
600710.SH,苏美达,商贸代理,11.43,109354.419,1493614.5642
600708.SH,光明地产,全国地产,3.07,75501.441,683160.2846
600707.SH,彩虹股份,元器件,9.15,2378757.117,3282717.7755
600706.SH,曲江文旅,旅游景点,7.95,59181.786,201954.009
600704.SH,物产中大,仓储物流,4.92,206996.209,2544220.5108
600703.SH,三安光电,半导体,11.88,1673246.181,5926954.2156
600702.SH,舍得酒业,白酒,32.37,119259.177,1074525.0633
600699.SH,均胜电子,汽车配件,21.11,1849983.929,2946260.6366
600698.SH,湖南天雁,汽车配件,6.63,106140.778,550589.4771
600697.SH,欧亚集团,百货,11.26,43570.525,174953.376
600694.SH,大商股份,百货,14.42,39579.573,546220.3712
600693.SH,东百集团,百货,9.47,354069.102,822898.3016
600692.SH,亚通股份,区域地产,6.69,54262.028,170602.0245
600691.SH,潞化科技,农药化肥,2.76,101128.509,655661.736
600690.SH,海尔智家,家用电器,20.43,525815.674,12622648.7367
600689.SH,上海三毛,综合类,11.89,26690.068,180970.6749
600688.SH,上海石化,石油加工,2.81,249894.067,2059396.5935
600686.SH,金龙汽车,汽车整车,11.05,215904.366,792337.377
600685.SH,中船防务,船舶,29.19,632738.025,2397769.3488
600684.SH,珠江股份,区域地产,3.61,52838.056,308099.3127
600683.SH,京投发展,区域地产,8.74,126822.957,647439.6224
600682.SH,南京新百,综合类,5.75,74133.147,669334.6725
600681.SH,百川能源,供气供热,3.63,134774.116,486350.5944
600679.SH,上海凤凰,文教休闲,10.68,47174.861,367065.5124
600678.SH,ST金顶,水泥,5.54,57096.077,193340.46
600676.SH,久事动娱,汽车配件,6.5,51125.6,668520.385
600675.SH,中华企业,区域地产,2.42,172278.438,1463164.7426
600674.SH,川投能源,水力发电,16.91,616089.13,8242960.0988
600673.SH,东阳光,综合类,30.15,615810.359,9049697.0685
600671.SH,天目药业,中成药,22.87,76952.64,278489.1335
600668.SH,尖峰集团,水泥,7.38,22513.282,304720.6428
600667.SH,太极实业,半导体,16.55,1793610.494,3461502.341
600666.SH,奥瑞德,元器件,3.14,121996.638,807559.5498
600665.SH,天地源,全国地产,3.35,42643.686,289481.0375
600664.SH,哈药股份,化学制药,7.24,3452202.33,1823401.1676
600663.SH,陆家嘴,园区开发,11.12,433492.532,4375072.4824
600662.SH,外服控股,文教休闲,4.24,40289.008,965347.088
600661.SH,昂立教育,文教休闲,9.52,106580.597,272794.4576
600660.SH,福耀玻璃,汽车配件,51.65,666128.806,10345424.2395
600658.SH,电子城,园区开发,4.13,70835.995,461975.605
600657.SH,信达地产,全国地产,3.35,448900.969,955379.331
600655.SH,豫园股份,百货,4.58,58483.814,1781549.6054
600654.SH,中安科,仓储物流,2.97,123790.101,688277.2446
600653.SH,申华控股,汽车服务,1.66,68835.307,323099.1298
600651.SH,飞乐音响,电器仪表,4.92,68537.638,1233457.776
600650.SH,锦江在线,公共交通,10.24,20601.534,399933.5424
600649.SH,城投控股,区域地产,3.99,113312.13,994228.5192
600648.SH,外高桥,园区开发,9.81,62118.225,1116153.0567
600645.SH,中源协和,医疗保健,18.68,197023.341,873794.7336
600644.SH,乐山电力,水力发电,9.08,224779.196,525115.2864
600643.SH,爱建集团,多元金融,4.01,53910.649,637731.0317
600642.SH,申能股份,火力发电,9.09,273504.945,4448718.1746
600641.SH,先导基电,半导体,45.32,3785499.97,4217614.7068
600640.SH,国脉文化,影视音像,12.28,175377.04,972024.9964
600639.SH,浦东金桥,园区开发,10.07,135050.387,856188.3569
600638.SH,新黄浦,区域地产,5.26,94310.053,354206.7168
600637.SH,东方明珠,影视音像,8.48,300271.743,2850891.0304
600635.SH,大众公用,供气供热,4.5,115274.086,1088456.265
600633.SH,浙数文化,互联网,9.83,138332.68,1246517.2335
600630.SH,龙头股份,服饰,7.66,349315.852,325443.9856
600629.SH,华建集团,建筑工程,16.38,460668.772,1883380.4262
600628.SH,新世界,百货,6.35,31871.357,410765.879
600626.SH,申达股份,汽车配件,3.72,37689.765,491317.0284
600624.SH,ST复华,化学制药,4.69,17252.588,318613.6961
600623.SH,华谊集团,化工原料,8.69,91713.238,1630274.1543
600622.SH,光大嘉宝,区域地产,2.48,103720.772,371921.9792
600621.SH,华鑫股份,证券,13.16,148343.775,1396143.4788
600620.SH,天宸股份,综合类,4.32,22973.77,296644.5072
600619.SH,海立股份,家用电器,13.39,294377.845,1056705.0572
600618.SH,氯碱化工,化工原料,9.85,43586.281,738592.4
600617.SH,国新能源,供气供热,3.74,193125.212,664052.9698
600616.SH,金枫酒业,红黄酒,5.18,180978.166,346544.59
600615.SH,鑫源智造,铝,9.66,55861.828,217607.0526
600613.SH,神奇制药,中成药,8.2,627808.17,393042.4
600612.SH,老凤祥,服饰,31.37,25008.545,994772.8152
600611.SH,大众交通,公共交通,4.25,100288.696,664409.47
600610.SH,中毅达,化工原料,7.56,110714.333,535797.3852
600609.SH,金杯汽车,汽车配件,3.53,127850.284,460509.1858
600606.SH,绿地控股,全国地产,1.47,454481.631,2065970.0901
600605.SH,汇通能源,房产服务,29.1,132627.61,600281.784
600604.SH,市北高新,园区开发,4.74,66737.363,667133.5752
600603.SH,广汇物流,仓储物流,4.74,44275.059,546901.2
600602.SH,云赛智联,软件服务,15.71,202687.458,1687730.013
600601.SH,方正科技,元器件,12.65,1875471.529,5275421.0245
600600.SH,青岛啤酒,啤酒,50.42,185628.308,3575412.7878
600598.SH,北大荒,种植业,12.64,198949.804,2246987.3936
600597.SH,光明乳业,乳制品,6.86,56979.83,945620.4044
600596.SH,新安股份,化工原料,10.48,269825.152,1414377.656
600595.SH,中孚实业,铝,5.99,352959.69,2400735.1549
600594.SH,益佰制药,中成药,3.59,58842.674,281597.4101
600593.SH,大连圣亚,旅游景点,48.97,602733.259,630733.6
600592.SH,龙溪股份,机械基件,15.55,474365.219,621305.848
600590.SH,泰豪科技,通信设备,8.02,162622.533,676542.739
600589.SH,大位科技,软件服务,7.09,223429.431,1048235.1591
600588.SH,用友网络,软件服务,9.01,287426.867,3078714.6574
600587.SH,新华医疗,医疗保健,12.99,163667.347,788031.2055
600586.SH,金晶科技,玻璃,3.94,45242.645,558431.0538
600585.SH,海螺水泥,水泥,17.38,410796.46,6912825.48
600584.SH,长电科技,半导体,62.6,3122737.633,11201735.396
600583.SH,海油工程,石油开采,6.61,397270.544,2922515.5228
600582.SH,天地科技,专用机械,4.96,102993.997,2052740.0944
600581.SH,*ST八钢,普钢,2.45,16312.661,375559.9855
600580.SH,卧龙电驱,电气设备,25.35,535696.901,3948598.3875
600579.SH,中化装备,化工机械,7.01,18929.569,346014.1608
600578.SH,京能电力,火力发电,5.36,371605.213,3588316.856
600577.SH,精达股份,电气设备,8.84,911476.661,1972923.8412
600576.SH,祥源文旅,旅游景点,5.19,34833.828,342742.4619
600575.SH,淮河能源,火力发电,3.23,146166.821,1255262.3353
600573.SH,惠泉啤酒,啤酒,11.11,241998.821,277750.0
600572.SH,康恩贝,中成药,4.3,158515.177,1088669.786
600571.SH,信雅达,软件服务,10.07,43951.521,460955.9619
600570.SH,恒生电子,软件服务,18.83,347123.826,3565738.9957
600569.SH,安阳钢铁,普钢,1.77,36539.886,508418.5878
600568.SH,ST中珠,医疗保健,2.28,35747.466,380547.3444
600567.SH,山鹰国际,造纸,1.31,61224.904,812915.0111
600566.SH,济川药业,中成药,26.02,249157.53,2394228.2184
600563.SH,法拉电子,元器件,113.49,273645.587,2553525.0
600562.SH,国睿科技,通信设备,26.44,161507.933,3283472.0232
600561.SH,江西长运,公共交通,6.09,28315.786,173246.3712
600560.SH,金自天正,电气设备,11.37,23180.558,254284.9335
600559.SH,老白干酒,白酒,10.95,78875.879,1001648.403
600558.SH,大西洋,钢加工,4.9,101815.247,439826.352
600557.SH,康缘药业,中成药,12.22,64810.725,691846.0536
600556.SH,天下秀,互联网,4.48,133960.097,809870.9248
600552.SH,凯盛科技,元器件,15.99,974749.884,1510426.4331
600551.SH,时代出版,出版业,7.95,99774.193,539053.884
600550.SH,保变电气,电气设备,10.42,204002.43,1918872.697
600549.SH,厦门钨业,小金属,43.19,1054691.039,6711432.308
600548.SH,深高速,路桥,8.16,30837.819,1460930.5776
600547.SH,山东黄金,黄金,26.43,1796552.059,9552973.6419
600546.SH,山煤国际,煤炭开采,13.56,284315.653,2688210.4716
600545.SH,卓郎智能,纺织机械,3.85,325816.582,688346.197
600543.SH,*ST莫高,红黄酒,4.07,3742.689,130695.84
600540.SH,新赛股份,种植业,5.44,420170.149,316269.088
600539.SH,狮头股份,互联网,13.3,82016.868,305900.0
600538.SH,国发股份,医药商业,4.78,41791.985,250566.7874
600537.SH,*ST亿晶,电气设备,2.09,34394.08,247396.435
600536.SH,中国软件,软件服务,30.21,220135.57,2548684.4739
600535.SH,天士力,中成药,14.01,210578.684,2093023.95
600533.SH,栖霞建设,区域地产,2.24,39908.54,235200.0
600531.SH,豫光金铅,铅锌,10.97,197728.454,1326561.1819
600530.SH,ST交昂,医疗保健,3.69,11060.916,285945.48
600529.SH,山东药玻,医疗保健,18.1,59128.86,1201141.521
600528.SH,中铁工业,运输设备,6.84,41169.968,1519541.2944
600527.SH,江南高纤,化纤,2.17,63763.815,375792.1153
600526.SH,菲达环保,环境保护,4.7,41584.608,413825.882
600525.SH,长园集团,电气设备,4.79,53849.576,631695.7158
600523.SH,贵航股份,汽车配件,11.7,34879.735,472732.182
600522.SH,中天科技,通信设备,30.49,2990322.311,10406083.6353
600521.SH,华海药业,化学制药,16.65,1028163.137,2492924.913
600520.SH,三佳科技,半导体,23.41,128941.838,370884.63
600519.SH,贵州茅台,白酒,1255.79,3145413.157,156983997.2464
600518.SH,康美药业,中成药,1.33,208450.668,1838372.8426
600517.SH,国网英大,多元金融,5.0,128109.337,2859217.85
600516.SH,方大炭素,矿物制品,5.29,201362.681,2129738.3416
600515.SH,海南机场,机场,2.7,247611.854,2477523.375
600513.SH,联环药业,化学制药,16.6,745954.769,473857.458
600512.SH,腾达建设,建筑工程,2.08,56116.047,330180.2816
600511.SH,国药股份,医药商业,26.29,93330.784,1454747.6856
600510.SH,黑牡丹,全国地产,6.24,49730.924,643983.912
600509.SH,天富能源,火力发电,7.26,109434.885,997812.5124
600508.SH,上海能源,煤炭开采,10.65,132272.902,1077572.538
600507.SH,方大特钢,特种钢,4.12,100224.339,953033.4148
600506.SH,统一股份,石油加工,16.03,181961.728,400148.2338
600505.SH,西昌电力,水力发电,10.59,66399.976,386076.9825
600503.SH,华丽家族,区域地产,2.53,408806.112,405379.37
600502.SH,安徽建工,建筑工程,4.24,115617.241,727810.3736
600501.SH,航天晨光,专用机械,14.73,124469.354,630185.0466
600500.SH,中化国际,塑料,5.07,453573.726,1819271.2941
600499.SH,科达制造,专用机械,11.43,438075.327,2192109.8652
600498.SH,烽火通信,通信设备,34.49,1802379.62,4385822.5535
600497.SH,驰宏锌锗,铅锌,8.8,429660.923,4435534.84
600496.SH,精工钢构,钢加工,3.35,72241.356,666692.076
600495.SH,晋西车轴,运输设备,4.07,27344.489,491733.6963
600493.SH,凤竹纺织,纺织,6.58,32461.343,178976.0
600491.SH,ST龙元,建筑工程,1.5,57604.923,229463.7
600490.SH,鹏欣资源,铜,6.71,141088.996,1337048.9594
600489.SH,中金黄金,黄金,21.48,947708.215,10412027.4648
600488.SH,津药药业,化学制药,6.52,923351.654,711910.1284
600487.SH,亨通光电,通信设备,52.7,6057116.676,12930716.001
600486.SH,扬农化工,农药化肥,51.55,126242.487,2083196.8445
600483.SH,福能股份,新型电力,11.22,202061.676,3119324.4852
600482.SH,中国动力,船舶,34.68,710979.226,7866278.5152
600481.SH,双良节能,电气设备,3.97,131786.847,819489.194
600480.SH,凌云股份,汽车配件,7.65,79599.482,928086.6015
600479.SH,千金药业,中成药,12.13,466477.262,507649.1123
600478.SH,科力远,电气设备,4.64,148412.052,785978.3696
600477.SH,杭萧钢构,钢加工,2.41,45981.824,568511.3844
600476.SH,*ST湘邮,软件服务,9.86,9316.019,158815.02
600475.SH,华光环能,电气设备,14.4,93572.25,1357755.408
600470.SH,六国化工,农药化肥,5.51,61254.455,287401.6
600469.SH,风神股份,汽车配件,4.93,22629.95,417195.9256
600468.SH,百利电气,电气设备,5.89,74393.62,640676.0917
600467.SH,好当家,渔业,2.39,92564.754,349177.6377
600463.SH,空港股份,园区开发,8.21,29531.159,246300.0
600461.SH,洪城环境,水务,8.89,111882.456,1171486.5286
600460.SH,士兰微,半导体,29.64,1688011.649,4932308.8152
600459.SH,贵研铂业,小金属,17.97,179967.965,1365192.2211
600458.SH,时代新材,塑料,10.76,135939.675,935225.844
600456.SH,宝钛股份,小金属,24.51,63320.656,1171032.6525
600455.SH,博通股份,文教休闲,24.52,25793.2,153147.016
600452.SH,涪陵电力,水力发电,8.82,103940.147,1355229.7794
600449.SH,宁夏建材,水泥,12.32,57854.629,589118.992
600448.SH,华纺股份,纺织,3.06,157811.529,192724.8282
600446.SH,金证股份,软件服务,10.15,102826.182,955386.5125
600444.SH,国机通用,专用机械,14.5,31019.356,212311.755
600439.SH,ST瑞贝卡,服饰,1.84,13188.428,208285.3136
600438.SH,通威股份,电气设备,11.44,481590.929,5150277.5896
600436.SH,片仔癀,中成药,118.19,193730.381,7130605.9868
600435.SH,北方导航,专用机械,11.02,142876.25,1666618.1854
600433.SH,冠豪高新,造纸,3.28,60649.767,574091.5776
600429.SH,三元股份,乳制品,4.81,71898.391,720325.1094
600428.SH,中远海特,水运,10.98,335306.536,3012824.5992
600426.SH,华鲁恒升,农药化肥,19.82,584729.472,5450387.026
600425.SH,青松建化,水泥,3.63,52064.755,582507.4431
600423.SH,*ST柳化,农药化肥,2.67,5476.584,213251.565
600422.SH,昆药集团,中成药,8.18,40362.812,619206.2044
600420.SH,国药现代,化学制药,8.42,67020.45,1129267.4134
600419.SH,天润乳业,乳制品,9.15,90368.704,288696.4958
600418.SH,江淮汽车,汽车整车,24.72,3614355.828,5572328.5104
600416.SH,湘电股份,电气设备,8.24,87503.18,1216044.6976
600415.SH,小商品城,商品城,10.83,350793.88,5938694.6136
600410.SH,华胜天成,软件服务,13.92,643802.958,1526320.6224
600409.SH,三友化工,化纤,6.32,143311.335,1304668.8208
600408.SH,安泰集团,焦炭加工,3.44,217813.853,346339.2
600406.SH,国电南瑞,电气设备,22.86,1040353.371,18306690.7932
600405.SH,动力源,电气设备,4.88,30020.718,299060.8448
600403.SH,大有能源,煤炭开采,7.41,843720.78,1771591.9884
600400.SH,红豆股份,服饰,3.62,391041.912,829476.6278
600399.SH,抚顺特钢,特种钢,4.3,167880.551,848003.0
600398.SH,海澜之家,服饰,5.85,250343.806,2809620.6255
600397.SH,江钨装备,专用机械,15.72,588219.552,1556216.9628
600396.SH,华电辽能,火力发电,12.56,867591.428,1849719.7408
600395.SH,盘江股份,煤炭开采,5.07,113003.381,1088338.8243
600392.SH,盛和资源,小金属,19.7,612848.85,3453068.402
600391.SH,航发科技,航空,39.38,336994.222,1300049.5772
600390.SH,五矿资本,多元金融,4.81,141951.459,2163569.5055
600389.SH,江山股份,农药化肥,17.95,97389.179,773016.75
600388.SH,紫金龙净,环境保护,16.79,74505.273,2132407.7377
600386.SH,北巴传媒,汽车服务,3.52,23029.048,283852.8
600383.SH,金地集团,全国地产,2.57,747892.28,1160247.9852
600382.SH,广东明珠,普钢,5.67,62462.475,367595.7957
600381.SH,*ST春天,医疗保健,4.12,15253.274,241869.0084
600380.SH,健康元,化学制药,9.9,285628.873,1811158.866
600379.SH,宝光股份,电气设备,13.45,114498.047,444121.152
600378.SH,昊华科技,化工原料,40.5,851772.615,4343889.87
600377.SH,宁沪高速,路桥,13.19,160546.198,5015079.377
600376.SH,首开股份,区域地产,3.2,247106.726,825460.864
600375.SH,汉马科技,汽车整车,3.65,57286.391,533880.317
600373.SH,中文传媒,出版业,7.37,83536.334,993003.3619
600372.SH,中航机载,航空,11.16,221122.124,5400208.6056
600371.SH,万向德农,种植业,13.61,809359.457,398198.658
600370.SH,*ST三房,化工原料,1.36,18654.255,547082.1843
600369.SH,西南证券,证券,3.88,82158.097,2578302.3308
600368.SH,五洲交通,路桥,4.27,195505.609,687322.2153
600367.SH,红星发展,化工原料,32.62,661554.948,1050276.5784
600366.SH,宁波韵升,矿物制品,10.81,300276.197,1188063.4291
600365.SH,ST通葡,互联网,2.86,2850.788,125619.78
600363.SH,ST联光,元器件,10.98,776306.835,495075.573
600362.SH,江西铜业,铜,41.89,1104213.092,8693211.3586
600361.SH,创新新材,铝,3.45,145464.597,1287768.7005
600360.SH,华微电子,半导体,10.24,569604.339,983342.3872
600359.SH,新农开发,种植业,7.31,170351.821,278885.8568
600358.SH,国旅联合,广告包装,5.47,64890.081,276200.3749
600356.SH,恒丰纸业,造纸,10.8,291317.949,322629.912
600354.SH,敦煌种业,种植业,9.08,669425.636,479244.3068
600353.SH,旭光电子,元器件,27.55,871435.351,2283374.856
600352.SH,浙江龙盛,染料涂料,12.35,455768.583,4017864.8965
600351.SH,亚宝药业,中成药,6.82,133823.311,471944.0
600350.SH,山东高速,路桥,10.26,96804.972,4960269.6408
600348.SH,华阳股份,煤炭开采,9.09,251222.217,3279217.5
600346.SH,恒力石化,石油加工,16.4,481340.781,11544123.672
600345.SH,长江通信,通信设备,46.42,346090.436,982058.2706
600343.SH,航天动力,机械基件,19.1,761212.345,1218974.033
600340.SH,*ST华幸,园区开发,1.34,167363.166,521709.5834
600339.SH,中油工程,石油开采,3.37,304095.797,1881520.7075
600338.SH,西藏珠峰,铅锌,11.99,204207.9,1096138.0298
600337.SH,ST美克,家居用品,3.74,161985.951,537437.2894
600336.SH,澳柯玛,家用电器,6.14,35452.626,489981.0872
600335.SH,国机汽车,汽车服务,5.2,49539.637,773477.588
600333.SH,长春燃气,供气供热,6.84,139733.871,416576.9988
600332.SH,白云山,中成药,19.69,112014.488,2768199.1821
600331.SH,宏达股份,农药化肥,11.55,241386.359,2346960.0
600330.SH,天通股份,专用机械,24.21,2549925.079,2986144.6824
600329.SH,达仁堂,中成药,35.54,64877.463,2015435.7276
600328.SH,中盐化工,化工原料,5.7,64350.95,835796.415
600327.SH,大东方,医疗保健,3.83,40721.445,338870.5485
600326.SH,西藏天路,水泥,6.53,92659.274,889689.2532
600325.SH,华发股份,区域地产,2.86,446654.673,787115.5006
600323.SH,瀚蓝环境,环境保护,29.76,117992.839,2426472.9696
600322.SH,津投城开,区域地产,2.82,109193.939,311807.4
600320.SH,振华重工,专用机械,4.08,157523.126,1359821.568
600319.SH,亚星化学,化工原料,6.3,22408.876,244256.922
600318.SH,新力金融,多元金融,6.72,94075.45,344552.9472
600316.SH,洪都航空,航空,32.42,270197.713,2324885.209
600315.SH,上海家化,日用化工,18.5,158535.077,1243618.1
600313.SH,农发种业,种植业,6.88,381455.803,744552.7056
600312.SH,平高电气,电气设备,20.53,365245.031,2785759.4289
600310.SH,广西能源,水力发电,4.97,400542.613,728458.2179
600309.SH,万华化学,化工原料,69.79,1665564.576,21847561.2964
600308.SH,华泰股份,造纸,3.25,20604.133,492982.815
600307.SH,酒钢宏兴,普钢,1.46,53840.89,914450.1804
600305.SH,恒顺醋业,食品,6.77,34434.848,746703.8523
600303.SH,曙光股份,汽车整车,3.17,130630.171,214771.3674
600302.SH,ST标准,纺织机械,6.76,17854.789,233902.6248
600301.SH,华锡有色,小金属,48.71,429611.609,1341160.1947
600300.SH,维维股份,软饮料,3.08,68092.534,498079.7976
600299.SH,安迪苏,饲料,8.35,266188.542,2571615.7155
600298.SH,安琪酵母,食品,37.97,216118.727,3267896.0237
600295.SH,鄂尔多斯,特种钢,13.13,121544.387,2593931.6819
600292.SH,电投水电,水力发电,11.4,94097.738,500783.2846
600289.SH,ST信通,软件服务,4.83,50038.019,273340.6641
600288.SH,大恒科技,元器件,10.21,108315.642,445972.8
600287.SH,苏豪时尚,商贸代理,5.01,16049.738,218834.8461
600285.SH,羚锐制药,中成药,19.08,79518.444,1080863.874
600284.SH,浦东建设,建筑工程,5.15,47894.607,499681.84
600283.SH,钱江水利,水务,8.03,14839.878,450342.3947
600282.SH,南钢股份,普钢,4.61,198378.085,2842106.951
600281.SH,华阳新材,小金属,4.62,46691.044,237653.724
600280.SH,中央商场,百货,2.96,70036.479,333987.1008
600279.SH,重庆港,港口,4.35,23362.564,516286.8405
600278.SH,东方创业,商贸代理,6.46,30442.325,555895.0802
600276.SH,恒瑞医药,化学制药,47.01,3629285.0,29987689.8123
600273.SH,嘉化能源,化工原料,6.27,73327.928,822190.8057
600272.SH,开开实业,医药商业,15.5,365238.342,248000.0
600271.SH,航天信息,软件服务,6.57,55428.597,1217345.1822
600269.SH,赣粤高速,路桥,3.82,49800.637,892125.474
600268.SH,国电南自,电气设备,10.31,121185.622,1046975.8605
600267.SH,海正药业,化学制药,11.64,313972.536,1373836.7244
600266.SH,城建发展,区域地产,4.35,200735.256,902948.4225
600265.SH,*ST景谷,林业,22.63,16203.069,293737.4
600262.SH,北方股份,专用机械,14.44,44232.355,343672.0
600261.SH,阳光照明,家用电器,3.26,48241.672,435227.278
600259.SH,中稀有色,小金属,70.1,453606.253,2358415.659
600258.SH,首旅酒店,酒店餐饮,10.74,187130.673,1199231.7294
600257.SH,大湖股份,渔业,5.4,63708.945,259868.088
600256.SH,广汇能源,石油开采,6.8,872753.366,4346562.04
600255.SH,鑫科材料,小金属,3.34,143570.447,603253.098
600252.SH,中恒集团,中成药,2.17,128353.118,690963.3927
600251.SH,冠农股份,农业综合,10.33,239306.724,802634.3888
600250.SH,南京商旅,商贸代理,8.73,53209.511,273066.8922
600249.SH,两面针,日用化工,5.34,30961.33,293700.0
600248.SH,陕建股份,建筑工程,2.87,45145.895,1063547.1791
600246.SH,万通发展,区域地产,12.14,899995.688,2294960.775
600243.SH,*ST海华,运输设备,3.56,25303.074,156230.6
600241.SH,时代万恒,电气设备,10.69,326386.711,314608.9449
600239.SH,ST云城,区域地产,1.42,22612.527,228007.5398
600238.SH,ST椰岛,红黄酒,4.05,16269.759,180334.998
600237.SH,铜峰电子,元器件,8.84,415407.05,552160.3672
600236.SH,桂冠电力,水力发电,9.87,289676.197,7779906.8886
600235.SH,民丰特纸,造纸,5.94,31194.534,208672.2
600234.SH,科新发展,装修装饰,18.82,43743.761,494064.522
600233.SH,圆通速递,仓储物流,17.78,253244.192,6089851.803
600232.SH,金鹰股份,纺织机械,6.88,77633.119,250926.328
600231.SH,凌钢股份,普钢,1.69,45255.463,479348.7946
600230.SH,沧州大化,化工原料,13.58,317158.195,562159.038
600229.SH,城市传媒,出版业,5.67,37278.886,374621.3226
600228.SH,返利科技,互联网,9.33,222922.825,388162.7076
600227.SH,赤天化,农药化肥,4.04,760753.388,516150.3192
600226.SH,亨通股份,供气供热,5.18,602975.253,1540729.4616
600223.SH,福瑞达,日用化工,5.69,35860.274,578427.6472
600222.SH,太龙药业,中成药,7.62,118939.77,426234.7584
600221.SH,海航控股,空运,1.22,257645.145,5227152.8178
600219.SH,南山铝业,铝,4.88,1181166.93,5604046.3808
600218.SH,全柴动力,汽车配件,8.05,105498.769,350657.9195
600217.SH,中再资环,环境保护,3.3,28199.694,547025.721
600216.SH,浙江医药,化学制药,12.5,179172.088,1189236.875
600215.SH,派斯林,专用机械,6.06,34428.555,276871.0374
600212.SH,绿能慧充,电气设备,5.63,39514.831,385474.9526
600211.SH,西藏药业,生物制药,36.16,81516.943,1165506.2272
600210.SH,紫江企业,广告包装,6.4,107075.991,970711.168
600208.SH,衢州发展,全国地产,2.85,260751.255,2424773.2455
600207.SH,安彩高科,电气设备,5.09,243436.941,554460.1134
600206.SH,有研新材,半导体,44.64,2139015.199,3779013.9312
600203.SH,福日电子,元器件,9.64,85509.563,571640.5284
600202.SH,哈空调,专用机械,5.16,26572.311,197803.8012
600201.SH,生物股份,农业综合,11.59,144645.122,1274816.3202
600199.SH,金种子酒,白酒,6.93,85447.854,455853.1824
600198.SH,大唐电信,通信设备,7.09,79524.708,923082.4082
600197.SH,伊力特,白酒,9.29,21890.405,439579.2963
600196.SH,复星医药,化学制药,23.76,710012.721,5033529.3888
600195.SH,中牧股份,农业综合,6.64,67857.063,678042.4712
600192.SH,长城电工,电气设备,7.21,61421.64,318500.308
600191.SH,华资实业,食品,8.73,46289.204,423345.636
600189.SH,泉阳泉,软饮料,8.76,262840.123,626513.2728
600188.SH,兖矿能源,煤炭开采,19.95,748676.408,11892897.24
600187.SH,*ST国中,水务,1.24,19275.489,200108.8564
600186.SH,莲花控股,食品,11.46,1800288.673,2050352.4918
600185.SH,珠免集团,旅游服务,4.69,103900.251,884067.7202
600184.SH,光电股份,专用机械,17.38,230848.685,1012780.395
600183.SH,生益科技,元器件,131.86,9869090.642,31801320.9954
600182.SH,S佳通,汽车配件,12.27,11656.168,208590.0
600180.SH,*ST瑞茂,仓储物流,1.46,14539.904,158647.615
600179.SH,安通控股,水运,4.39,113511.495,1695540.2615
600178.SH,东安动力,汽车配件,9.77,78011.23,455747.2474
600177.SH,雅戈尔,服饰,8.4,239229.204,3782891.196
600176.SH,中国巨石,玻璃,39.55,5871608.739,15707626.585
600173.SH,卧龙新能,全国地产,5.89,32808.32,412545.1418
600172.SH,黄河旋风,矿物制品,13.5,1750590.877,1733776.11
600171.SH,上海贝岭,半导体,21.3,207464.584,1510006.629
600170.SH,上海建工,建筑工程,2.22,221103.144,1972678.6134
600169.SH,ST太重,工程机械,2.2,19073.878,733291.13
600168.SH,武汉控股,水务,4.42,17522.439,439081.7392
600167.SH,联美控股,供气供热,5.8,60150.681,1312447.49
600166.SH,福田汽车,汽车整车,2.77,202835.967,2193119.9108
600165.SH,宁科生物,化工原料,3.3,44772.608,241861.488
600163.SH,中闽能源,新型电力,5.67,308935.953,1078998.7887
600162.SH,香江控股,全国地产,4.16,225896.275,1359670.2496
600161.SH,天坛生物,生物制药,12.55,289159.212,2481601.107
600160.SH,巨化股份,化工原料,32.28,667660.858,8714780.4108
600159.SH,大龙地产,区域地产,2.72,56752.962,225760.8704
600158.SH,中体产业,文教休闲,6.86,116924.068,658225.9866
600157.SH,永泰能源,火力发电,1.45,523449.365,3163575.7945
600156.SH,华升股份,纺织,7.15,251439.818,287509.1505
600155.SH,华创云信,证券,5.84,100299.97,1274982.2592
600153.SH,建发股份,仓储物流,8.96,277370.309,2597986.5856
600152.SH,维科技术,电气设备,9.18,1012445.571,485694.8892
600151.SH,航天机电,汽车配件,9.12,151657.743,1308038.0976
600150.SH,中国船舶,船舶,39.81,4991779.776,29959498.3953
600149.SH,廊坊发展,综合类,5.16,39924.356,196162.56
600148.SH,长春一东,汽车配件,15.7,22867.917,222180.905
600143.SH,金发科技,塑料,12.82,292033.778,3377846.932
600141.SH,兴发集团,农药化肥,26.87,390991.369,3214091.8619
600138.SH,中青旅,旅游景点,6.89,49136.612,498725.76
600137.SH,浪莎股份,服饰,18.1,21325.277,175963.856
600136.SH,ST明诚,房产服务,1.46,11211.537,283691.067
600135.SH,乐凯胶片,塑料,7.59,65164.897,419960.0889
600133.SH,东湖高新,环境保护,7.81,70734.147,832733.3619
600132.SH,重庆啤酒,啤酒,38.27,105200.104,1852157.7824
600131.SH,国网信通,通信设备,15.07,334326.359,1802228.9857
600130.SH,波导股份,元器件,4.58,79930.808,343500.0
600129.SH,太极集团,中成药,13.42,123114.452,740003.2244
600128.SH,苏豪弘业,商贸代理,8.68,27913.534,214194.19
600127.SH,金健米业,农业综合,13.8,3659491.224,885660.816
600126.SH,杭钢股份,普钢,5.88,117809.197,1985787.1908
600125.SH,铁龙物流,铁路,5.28,30898.531,689315.5632
600123.SH,兰花科创,煤炭开采,6.99,112196.301,1029794.76
600121.SH,郑州煤电,煤炭开采,5.65,1110719.842,688402.78
600120.SH,浙江东方,多元金融,4.6,97704.212,1571075.49
600119.SH,*ST长投,仓储物流,4.7,8024.462,171677.088
600118.SH,中国卫星,航空,56.47,1778910.698,6677515.9477
600117.SH,西宁特钢,特种钢,2.16,25362.9,703104.8184
600116.SH,三峡水利,水力发电,6.21,78688.487,1187440.7409
600115.SH,中国东航,空运,3.26,824874.45,5550138.5574
600114.SH,东睦股份,机械基件,24.27,290365.807,1495962.7545
600113.SH,浙江东日,区域地产,28.12,115913.973,1156944.5344
600111.SH,北方稀土,小金属,34.5,1159676.959,12471977.01
600110.SH,诺德股份,电气设备,11.09,1056944.82,1924315.6181
600109.SH,国金证券,证券,8.05,113779.589,2965026.6345
600108.SH,亚盛集团,种植业,3.97,546116.118,772925.2947
600107.SH,*ST尔雅,服饰,5.62,4328.766,202320.0
600106.SH,重庆路桥,路桥,4.52,39667.165,600719.3452
600105.SH,永鼎股份,通信设备,33.56,4326770.972,4906454.5488
600104.SH,上汽集团,汽车整车,10.93,580063.434,12564338.3075
600103.SH,青山纸业,造纸,3.36,422011.671,743342.544
600101.SH,明星电力,水力发电,7.85,56167.147,430072.0625
600100.SH,同方股份,IT设备,6.48,144615.76,2170992.9096
600099.SH,林海股份,汽车整车,9.35,28430.143,204877.2
600098.SH,广州发展,火力发电,6.49,155991.715,2275306.385
600097.SH,开创国际,渔业,9.21,25263.386,221902.6086
600096.SH,云天化,农药化肥,27.9,302017.108,5086144.053
600095.SH,湘财股份,证券,8.55,269652.457,2444605.4835
600094.SH,大名城,区域地产,4.39,273040.545,933414.97
600089.SH,特变电工,电气设备,17.79,1146225.426,8988918.0354
600088.SH,中视传媒,影视音像,13.09,120339.293,520597.6776
600085.SH,同仁堂,中成药,23.93,205198.99,3281928.4279
600084.SH,*ST尼雅,红黄酒,4.26,21271.482,478707.6168
600082.SH,ST海泰,园区开发,3.3,25317.459,209330.682
600081.SH,东风科技,汽车配件,10.92,336945.86,603904.6104
600080.SH,ST金花,中成药,4.58,9390.2,170957.7974
600079.SH,ST人福,化学制药,19.18,207614.71,2959816.9384
600078.SH,澄星股份,化工原料,9.76,83529.25,646671.1504
600076.SH,康欣新材,广告包装,2.16,73037.647,290421.3744
600075.SH,新疆天业,化工原料,4.65,180606.419,794125.7445
600073.SH,光明肉业,食品,5.46,51119.163,512000.307
600072.SH,中船科技,电气设备,9.47,678812.319,1025920.4231
600071.SH,凤凰光学,元器件,15.67,62738.994,441226.3013
600067.SH,冠城新材,电气设备,2.67,90027.939,371575.5429
600066.SH,宇通客车,汽车整车,26.89,630036.449,5953282.5088
600064.SH,南京高科,园区开发,8.02,217959.91,1387732.3592
600063.SH,皖维高新,化纤,5.36,123551.803,1109041.0304
600062.SH,华润双鹤,化学制药,16.16,131912.268,1677772.2464
600061.SH,国投资本,证券,6.11,165004.32,3906793.7558
600060.SH,海信视像,家用电器,27.1,209696.7,3536474.933
600059.SH,古越龙山,红黄酒,11.88,1723118.402,1082912.3712
600058.SH,五矿发展,商贸代理,8.68,63858.515,930418.4876
600057.SH,厦门象屿,仓储物流,6.23,178308.97,1303633.8546
600056.SH,中国医药,医药商业,8.98,100847.284,1342825.647
600055.SH,万东医疗,医疗保健,10.38,45303.741,729777.4218
600054.SH,黄山旅游,旅游景点,10.29,54938.092,528185.7
600053.SH,*ST九鼎,多元金融,7.83,10724.033,339462.4464
600052.SH,东望时代,供气供热,3.89,87955.887,328391.7383
600051.SH,宁波联合,综合类,6.39,27741.78,198652.32
600050.SH,中国联通,电信运营,4.27,796966.263,13232904.7284
600048.SH,保利发展,全国地产,5.77,1471249.807,6906945.8418
600039.SH,四川路桥,建筑工程,8.89,160604.371,7730380.0434
600038.SH,中直股份,航空,26.69,107739.037,1785388.0488
600037.SH,歌华有线,影视音像,7.16,176608.893,996512.9764
600036.SH,招商银行,银行,41.71,2673146.171,86043327.0924
600035.SH,楚天高速,路桥,3.73,39188.851,600573.2307
600033.SH,福建高速,路桥,3.71,111831.895,1018172.4
600032.SH,浙江新能,新型电力,7.78,654039.4,1870837.3834
600031.SH,三一重工,工程机械,17.03,1114103.996,14431886.17
600030.SH,中信证券,证券,25.4,2180231.362,30928439.474
600029.SH,南方航空,空运,4.81,254286.821,6482438.443
600028.SH,中国石化,石油加工,5.48,1849847.663,51867223.6284
600027.SH,华电国际,火力发电,5.16,642172.692,4755289.4868
600026.SH,中远海能,水运,22.62,870079.41,8658917.904
600025.SH,华能水电,水力发电,10.1,405527.514,18817405.243
600023.SH,浙能电力,火力发电,5.38,385463.351,7213898.1926
600022.SH,山东钢铁,普钢,1.3,130678.152,1390850.448
600021.SH,上海电力,火力发电,12.98,271573.856,3662794.7884
600020.SH,中原高速,路桥,3.89,34872.565,874227.6302
600019.SH,宝钢股份,普钢,5.97,569379.563,12784215.1329
600018.SH,上港集团,港口,5.54,329165.995,12896189.4462
600017.SH,日照港,港口,2.86,95384.04,879637.0154
600016.SH,民生银行,银行,3.54,874714.533,12553591.6128
600015.SH,华夏银行,银行,6.31,531367.475,9709338.344
600012.SH,皖通高速,路桥,15.94,95864.119,1857966.4
600011.SH,华能国际,火力发电,7.24,1035570.449,7962341.9676
600010.SH,包钢股份,普钢,2.1,699028.144,6576824.499
600009.SH,上海机场,机场,22.53,116799.32,5587932.9564
600008.SH,首创环保,水务,2.76,194026.033,2026003.0332
600007.SH,中国国贸,园区开发,20.71,87934.113,2086082.0575
600006.SH,东风股份,汽车整车,5.5,234095.836,1100000.0
600004.SH,白云机场,机场,7.67,73156.812,1815272.9361
600000.SH,浦发银行,银行,9.7,1106982.193,32306663.151
302132.SZ,中航成飞,航空,58.91,545428.22785,3452535.4245
301687.SZ,新广益,化工原料,48.96,116955.57998,152524.1088
301678.SZ,新恒汇,半导体,50.36,251479.14213,699857.956
301668.SZ,昊创瑞通,电气设备,30.01,49651.69545,145248.4
301667.SZ,纳百川,汽车配件,56.92,104336.73109,135070.0216
301665.SZ,泰禾股份,农药化肥,22.09,25272.12957,230111.53
301662.SZ,宏工科技,专用机械,76.43,624612.74205,340816.656
301658.SZ,首航新能,电气设备,22.0,138348.0724,214316.74
301656.SZ,联合动力,汽车配件,13.77,103205.26418,455568.6078
301638.SZ,南网数字,软件服务,20.52,103843.74598,513480.168
301636.SZ,泽润新能,电气设备,44.4,191692.32387,167749.416
301633.SZ,港迪技术,专用机械,59.06,60926.42066,150701.6302
301632.SZ,广东建科,建筑工程,13.19,28330.68291,242448.6875
301631.SZ,壹连科技,元器件,57.82,88272.12974,252062.8208
301630.SZ,同宇新材,化工原料,206.85,514623.7058,338700.327
301629.SZ,矽电股份,半导体,242.77,346035.74177,466026.1474
301628.SZ,强达电路,元器件,106.29,273270.87315,308908.5012
301626.SZ,苏州天脉,元器件,261.8,562056.69401,1377565.42
301622.SZ,英思特,矿物制品,35.02,41740.067,226437.2188
301618.SZ,长联科技,染料涂料,30.49,34892.06486,146813.6186
301617.SZ,博苑新材,化工原料,53.9,131580.62612,371651.28
301616.SZ,浙江华业,机械基件,37.11,61091.16808,105399.0798
301613.SZ,新铝时代,汽车配件,33.96,23089.6772,284928.4752
301611.SZ,珂玛科技,半导体,80.17,507700.74688,1175137.4719
301609.SZ,山大电力,电气设备,30.92,58356.04853,303528.3444
301608.SZ,博实结,通信设备,51.33,139058.29217,305446.3512
301607.SZ,富特科技,汽车配件,40.16,263411.86888,609593.8608
301606.SZ,绿联科技,元器件,45.73,326821.45685,754539.5124
301603.SZ,乔锋智能,机床制造,111.67,195976.58391,421358.8275
301602.SZ,超研股份,医疗保健,15.77,40852.859,328803.5538
301601.SZ,惠通科技,专用机械,16.02,62103.1235,118035.36
301600.SZ,慧翰股份,通信设备,73.43,47844.8636,236874.1655
301598.SZ,博科测试,专用机械,50.83,23161.056,91641.9153
301596.SZ,瑞迪智驱,机械基件,42.98,51433.433,188432.0564
301595.SZ,太力科技,橡胶,43.97,69736.26712,179540.5025
301592.SZ,六九一二,软件服务,106.78,156873.33037,249420.9952
301591.SZ,肯特股份,塑料,39.28,197130.62216,175560.7816
301590.SZ,优优绿能,电气设备,63.5,46583.22615,154766.01
301589.SZ,诺瓦星云,IT设备,152.96,85352.68932,527176.64
301588.SZ,美新科技,家居用品,25.72,82504.18877,188679.8624
301587.SZ,中瑞股份,电气设备,22.74,144572.692,167031.4398
301586.SZ,佳力奇,航空,28.87,25588.59805,152754.3457
301585.SZ,蓝宇股份,染料涂料,27.57,14867.7136,187784.5083
301584.SZ,建发致新,医药商业,18.52,44675.82449,441870.9024
301581.SZ,黄山谷捷,半导体,34.48,21588.4618,145831.436
301580.SZ,爱迪特,医疗保健,48.28,208058.78652,486777.3064
301578.SZ,辰奕智能,IT设备,23.12,23584.35512,69639.5208
301577.SZ,美信科技,元器件,53.49,65125.73659,100781.5788
301575.SZ,艾芬达,家居用品,23.84,69172.509,173508.4736
301571.SZ,国科天成,元器件,65.31,284078.4532,778254.8592
301568.SZ,思泰克,专用机械,64.13,176928.88592,306400.314
301567.SZ,贝隆精密,元器件,36.19,37318.8627,76867.1981
301566.SZ,达利凯普,元器件,22.76,308143.98712,491410.7048
301565.SZ,中仑新材,塑料,19.59,73897.39785,250771.59
301563.SZ,云汉芯城,元器件,102.73,187821.36531,553903.7232
301560.SZ,众捷股份,汽车配件,38.27,423756.63379,223619.264
301559.SZ,中集环科,专用机械,12.77,13363.515,114930.0
301558.SZ,三态股份,互联网,6.78,69358.78608,535650.51
301557.SZ,常友科技,电气设备,76.63,56007.8187,190586.473
301556.SZ,托普云农,软件服务,58.72,50960.54329,173106.56
301555.SZ,惠柏新材,化工原料,34.9,60740.4236,168732.077
301552.SZ,科力装备,汽车配件,24.26,13808.7608,75060.44
301551.SZ,无线传媒,影视音像,21.39,106565.2907,330590.3643
301550.SZ,斯菱智驱,汽车配件,96.46,1021087.61941,1987700.0962
301548.SZ,崇德科技,机械基件,52.55,77692.57398,177267.966
301539.SZ,宏鑫科技,汽车配件,15.2,23458.518,118519.72
301538.SZ,骏鼎达,塑料,38.2,42410.6239,166962.65
301536.SZ,星宸科技,半导体,113.28,1449486.1559,2129377.4016
301535.SZ,浙江华远,汽车配件,13.61,41370.59764,231092.4921
301533.SZ,威马农机,农用机械,28.19,25745.232,80480.1948
301529.SZ,福赛科技,汽车配件,133.06,422222.1319,845818.5102
301528.SZ,多浦乐,电器仪表,66.2,109974.57485,306216.706
301526.SZ,国际复材,玻璃,26.54,1750846.48976,3727258.7566
301525.SZ,儒竞科技,家用电器,40.67,190041.83916,293581.2754
301522.SZ,上大股份,小金属,21.49,89012.30196,594803.8733
301520.SZ,万邦医药,生物制药,67.81,737780.23995,236917.2904
301519.SZ,舜禹股份,专用机械,11.97,20065.173,91083.2013
301518.SZ,长华化学,化工原料,24.62,73170.39145,144616.649
301517.SZ,陕西华达,元器件,34.14,86075.96435,333017.2644
301516.SZ,中远通,电气设备,18.48,211954.01276,129684.1392
301515.SZ,港通医疗,医疗保健,20.19,23480.06356,136398.7944
301512.SZ,智信精密,专用机械,30.6,32945.0456,149087.178
301511.SZ,德福科技,电气设备,93.87,2092875.03098,3742103.1438
301510.SZ,固高科技,电器仪表,26.45,281133.87202,1005187.814
301509.SZ,金凯生科,化学制药,30.36,81491.6186,172265.3724
301508.SZ,中机认检,电器仪表,24.12,32719.567,141913.3968
301507.SZ,民生健康,化学制药,13.29,56271.58052,471992.0907
301505.SZ,苏州规划,建筑工程,18.03,48361.86168,164378.4282
301503.SZ,智迪科技,IT设备,22.2,17816.3475,128022.96
301502.SZ,华阳智能,电气设备,47.51,40087.014,112459.9708
301501.SZ,恒鑫生活,造纸,26.4,16977.51232,114840.0
301500.SZ,飞南资源,环境保护,24.01,160494.29717,345865.7307
301499.SZ,维科精密,汽车配件,24.79,34488.83442,342733.8971
301498.SZ,乖宝宠物,饲料,39.27,212902.35946,744351.069
301491.SZ,汉桑科技,IT设备,36.1,17799.331,138085.388
301489.SZ,思泉新材,元器件,101.07,383419.93099,703253.1456
301488.SZ,豪恩汽电,汽车配件,87.52,71943.124,366224.8144
301487.SZ,盟固利,化工原料,17.45,876777.79165,802030.618
301486.SZ,致尚科技,元器件,209.86,2481517.16745,1530273.9368
301479.SZ,弘景光电,元器件,46.14,83834.04535,328982.3526
301469.SZ,恒达新材,造纸,28.62,32174.57702,131190.3594
301468.SZ,博盈特焊,专用机械,29.01,70192.39653,282857.3634
301459.SZ,丰茂股份,汽车配件,31.12,17622.268,81220.088
301458.SZ,钧崴电子,元器件,34.5,179142.708,405312.9
301456.SZ,盘古智能,电气设备,24.79,78326.94146,169939.9122
301449.SZ,天溯计量,电器仪表,42.8,138381.8494,87926.18
301448.SZ,开创电气,机械基件,47.98,129236.138,340096.634
301446.SZ,福事特,机械基件,38.4,60533.061,122004.48
301439.SZ,泓淋电力,电气设备,13.72,33908.03438,251412.6888
301429.SZ,森泰股份,其他建材,17.55,28519.697,77206.311
301428.SZ,世纪恒通,互联网,26.31,46356.299,183189.9525
301421.SZ,波长光电,元器件,68.05,177356.00036,413210.488
301419.SZ,阿莱德,通信设备,40.67,203928.83516,455924.1211
301418.SZ,协昌科技,电气设备,34.28,39175.14084,105696.5524
301413.SZ,安培龙,电器仪表,49.29,168660.57063,376452.375
301408.SZ,华人健康,医药商业,14.69,235108.94723,336340.771
301399.SZ,英特科技,机械基件,19.23,56602.48295,105156.5628
301398.SZ,星源卓镁,汽车配件,36.8,190312.03779,401790.6579
301397.SZ,溯联股份,汽车配件,21.34,44024.58446,197307.2926
301396.SZ,宏景科技,软件服务,146.86,1321257.53161,2078168.8648
301395.SZ,仁信新材,化工原料,13.09,182080.50116,169320.0663
301393.SZ,昊帆生物,化工原料,63.27,206348.33801,278183.6379
301392.SZ,汇成真空,专用机械,134.99,535799.01219,550703.8541
301391.SZ,卡莱特,IT设备,42.9,44154.5658,398265.582
301390.SZ,经纬股份,建筑工程,40.28,121129.572,197598.3736
301389.SZ,隆扬电子,元器件,50.21,329464.91108,1423453.5
301388.SZ,欣灵电气,电气设备,24.64,80232.19608,179040.6464
301387.SZ,光大同创,元器件,48.9,98982.3936,208717.914
301386.SZ,未来电器,电气设备,20.26,20786.793,170117.5472
301383.SZ,天键股份,元器件,22.33,32054.483,157681.2853
301382.SZ,蜂助手,互联网,33.55,487722.76845,792976.393
301381.SZ,赛维时代,互联网,22.68,166411.02137,921050.4492
301380.SZ,挖金客,软件服务,33.28,77730.46645,274064.7936
301379.SZ,天山电子,元器件,18.42,160021.60487,402808.0074
301378.SZ,通达海,软件服务,24.79,32846.4145,153236.4102
301377.SZ,鼎泰高科,机械基件,333.64,771993.39978,3298396.202
301376.SZ,致欧科技,家居用品,21.88,93638.43658,423690.6652
301373.SZ,凌玮科技,化工原料,114.6,676743.9432,798250.884
301372.SZ,科净源,环境保护,33.79,31932.807,139114.7816
301371.SZ,敷尔佳,日用化工,20.58,39302.39768,160473.1674
301370.SZ,国科恒泰,医药商业,8.68,19020.336,408480.8
301369.SZ,联动科技,半导体,124.5,409811.51659,682970.895
301368.SZ,丰立智能,机械基件,37.0,48851.23537,444370.0
301367.SZ,瑞迈特,医疗保健,46.19,75232.4736,443860.9574
301366.SZ,一博科技,元器件,67.51,756104.35201,789842.6964
301365.SZ,矩阵股份,建筑工程,33.53,71687.9637,412831.0837
301363.SZ,美好医疗,医疗保健,15.38,202462.64462,802882.6014
301362.SZ,民爆光电,电气设备,103.97,315688.97748,425702.0459
301361.SZ,众智科技,电气设备,27.37,31978.93445,154191.632
301360.SZ,荣旗科技,专用机械,58.74,144281.5993,200036.18
301359.SZ,东南电子,元器件,18.75,55854.9234,133400.6756
301358.SZ,湖南裕能,电气设备,51.2,907147.60146,3913367.552
301357.SZ,北方长龙,专用机械,87.51,186682.0435,544115.3025
301356.SZ,天振股份,家居用品,19.11,28271.926,241115.4564
301355.SZ,南王科技,广告包装,12.18,69918.111,172606.3122
301353.SZ,普莱得,专用机械,20.37,48127.63239,83164.3953
301349.SZ,信德新材,化工原料,42.48,127938.86682,368187.7536
301348.SZ,蓝箭电子,半导体,20.94,113643.672,405144.1884
301345.SZ,涛涛车业,摩托车,215.0,168066.95033,755875.5
301339.SZ,苏交数智,IT设备,11.96,112603.61616,685592.2892
301338.SZ,凯格精机,专用机械,83.58,294107.41231,907135.53
301337.SZ,亚华电子,软件服务,26.45,47617.9147,269614.901
301336.SZ,趣睡科技,家居用品,40.67,35310.7787,163354.7153
301335.SZ,天元宠物,文教休闲,24.04,66116.896,212490.6346
301333.SZ,诺思格,医疗保健,63.5,133768.94735,612511.475
301332.SZ,德尔玛,家用电器,7.64,34103.24587,202337.9128
301331.SZ,恩威医药,中成药,22.2,41333.91116,227752.02
301330.SZ,熵基科技,IT设备,24.73,49296.02876,506145.4478
301329.SZ,信音电子,元器件,19.81,61126.9554,130825.24
301328.SZ,维峰电子,元器件,47.4,152354.89877,545877.834
301327.SZ,华宝新能,电气设备,41.92,42060.70678,598504.8352
301326.SZ,捷邦科技,元器件,90.5,143618.835,652277.845
301325.SZ,曼恩斯特,专用机械,33.14,179882.99719,476860.4078
301323.SZ,新莱福,橡胶,68.3,74782.674,468284.6958
301322.SZ,绿通科技,摩托车,40.29,123808.51727,433382.8298
301321.SZ,翰博高新,元器件,42.8,189443.66045,631770.8599
301320.SZ,豪江智能,电气设备,13.91,26568.45173,159991.7072
301319.SZ,唯特偶,元器件,77.9,433339.59261,1071266.8325
301318.SZ,维海德,IT设备,21.17,19114.64575,197262.4834
301317.SZ,鑫磊股份,机械基件,41.43,79093.852,216250.9281
301316.SZ,慧博云通,软件服务,36.81,357212.96268,1440181.6794
301315.SZ,威士顿,软件服务,42.26,69375.251,341460.8
301314.SZ,科瑞思,元器件,48.03,78645.16848,143768.199
301313.SZ,凡拓数创,文教休闲,28.13,96865.72,221415.4495
301312.SZ,智立方,专用机械,72.28,399180.31888,612745.7492
301311.SZ,昆船智能,机械基件,17.38,346124.08435,417120.0
301310.SZ,鑫宏业,汽车配件,61.01,555761.21093,600504.3472
301309.SZ,万得凯,机械基件,29.44,23639.81341,178432.6016
301308.SZ,江波龙,半导体,288.6,2722866.97278,8134245.834
301307.SZ,美利信,通信设备,50.8,383903.83819,554821.852
301306.SZ,西测测试,航空,85.62,169326.81178,498843.525
301305.SZ,朗坤科技,环境保护,24.8,132362.45539,308391.8539
301303.SZ,真兰仪表,电器仪表,13.81,37207.87146,434805.9194
301302.SZ,华如科技,软件服务,20.69,97151.757,287570.31
301301.SZ,川宁生物,化学制药,8.19,141377.9484,507086.9065
301300.SZ,远翔新材,化工原料,33.42,35012.143,130587.8579
301299.SZ,卓创资讯,互联网,43.76,80260.834,200682.0472
301298.SZ,东利机械,汽车配件,12.8,19289.292,138501.7498
301297.SZ,富乐德,半导体,43.71,1338896.50116,2354561.5905
301296.SZ,新巨丰,广告包装,6.37,18730.28,272337.7566
301295.SZ,美硕科技,电气设备,34.89,47608.652,102576.6
301293.SZ,三博脑科,医疗保健,49.08,365936.1972,845187.048
301292.SZ,海科新源,化工原料,57.86,610763.3657,492904.7112
301291.SZ,明阳电气,电气设备,37.12,269928.92104,617351.7513
301290.SZ,东星医疗,医疗保健,27.59,76834.446,219557.0815
301289.SZ,国缆检测,电器仪表,44.58,20893.031,345499.0122
301288.SZ,清研环境,环境保护,16.93,19473.657,132239.5528
301287.SZ,康力源,文教休闲,40.45,30179.324,68892.013
301286.SZ,侨源股份,化工原料,46.2,88584.84432,745187.058
301285.SZ,鸿日达,元器件,85.14,152445.8108,1759588.38
301283.SZ,聚胶股份,日用化工,25.43,14653.01748,232331.5367
301282.SZ,金禄电子,元器件,40.6,464786.53513,716906.274
301281.SZ,科源制药,化学制药,45.72,127034.30236,495101.88
301280.SZ,珠城科技,元器件,38.88,106712.1163,386597.0592
301279.SZ,金道科技,工程机械,24.01,70681.91564,313329.7797
301278.SZ,快可电子,电气设备,29.27,37385.32622,158309.722
301277.SZ,新天地,化学制药,10.48,94695.97148,410898.1632
301276.SZ,嘉曼服饰,服饰,17.44,45299.89423,126034.6944
301275.SZ,汉朔科技,元器件,37.95,93562.41364,1141760.664
301273.SZ,瑞晨环保,机械基件,37.7,121232.38402,290216.862
301272.SZ,英华特,专用机械,34.63,35306.628,137433.6569
301270.SZ,汉仪股份,软件服务,30.95,41816.0265,292455.216
301269.SZ,华大九天,半导体,85.45,828805.5648,4681574.127
301268.SZ,铭利达,机械基件,11.73,35133.065,425254.0242
301267.SZ,华厦眼科,医疗保健,15.06,49097.94374,976557.2664
301266.SZ,宇邦新材,电气设备,24.09,77034.0203,326738.4516
301265.SZ,华新科技,环境保护,21.91,153403.49103,534457.4484
301263.SZ,泰恩康,医药商业,18.52,81419.1513,674689.7116
301262.SZ,海看股份,影视音像,20.71,326061.51567,252818.1534
301261.SZ,恒工精密,机械基件,50.85,88828.0548,531786.7575
301260.SZ,格力博,专用机械,11.52,16784.831,236742.5664
301259.SZ,艾布鲁,环境保护,18.86,64371.79617,273582.0284
301258.SZ,富士莱,化学制药,27.0,34927.75494,246067.2
301257.SZ,普蕊斯,医疗保健,40.21,221100.96446,302806.2302
301256.SZ,华融化学,化工原料,9.83,37846.11275,471840.0
301255.SZ,通力科技,机械基件,18.71,22427.91228,250109.4799
301252.SZ,同星科技,机械基件,34.1,103260.10081,462761.0064
301251.SZ,威尔高,元器件,78.75,771309.2496,1368936.45
301248.SZ,杰创智能,软件服务,51.16,168388.61475,574673.6292
301246.SZ,宏源药业,化学制药,17.71,134223.9039,421667.8389
301239.SZ,普瑞眼科,医疗保健,31.12,66352.65223,442040.928
301238.SZ,瑞泰新材,化工原料,16.48,284821.91304,1208533.2784
301237.SZ,和顺科技,塑料,35.73,51509.87813,288771.6465
301236.SZ,软通动力,软件服务,34.97,336896.4151,3035247.0278
301235.SZ,华康洁净,医疗保健,39.7,206181.27783,413746.651
301234.SZ,五洲医疗,医疗保健,147.98,367695.15056,596625.764
301233.SZ,盛帮股份,汽车配件,36.72,57771.8168,144589.0392
301232.SZ,飞沃科技,机械基件,77.2,272559.56422,484162.888
301231.SZ,荣信文化,出版业,28.28,93850.4945,185038.868
301230.SZ,泓博医药,生物制药,36.32,697018.26656,591100.3728
301229.SZ,纽泰格,汽车配件,11.84,29047.37714,153068.2304
301228.SZ,实朴检测,电器仪表,50.46,92893.82406,603511.1874
301227.SZ,森鹰窗业,家居用品,30.69,150212.62851,226824.8796
301226.SZ,祥明智能,电气设备,36.55,118042.43758,397664.0
301225.SZ,恒勃股份,汽车配件,55.1,176121.14015,242373.88
301223.SZ,中荣股份,广告包装,18.13,13644.08685,350140.3388
301222.SZ,浙江恒威,电气设备,24.2,67205.7542,257972.242
301221.SZ,光庭信息,软件服务,26.31,30622.5368,235055.6448
301220.SZ,亚香股份,化工原料,28.49,47630.0212,222569.7518
301219.SZ,腾远钴业,小金属,39.8,145525.08392,1087495.598
301218.SZ,华是科技,软件服务,68.0,1507330.01418,487581.76
301217.SZ,铜冠铜箔,元器件,99.7,1879042.26951,8265284.535
301216.SZ,万凯新材,化工原料,17.11,264743.26356,931829.0788
301215.SZ,中汽股份,汽车服务,5.34,69303.57163,706161.6
301213.SZ,观想科技,软件服务,41.12,65787.33418,297690.296
301212.SZ,联盛化学,化工原料,28.0,108427.48446,262500.0
301211.SZ,亨迪药业,化学制药,12.37,207513.64421,516566.7468
301210.SZ,金杨精密,电气设备,30.32,197589.96802,186615.052
301209.SZ,联合化学,染料涂料,63.89,255858.12253,855846.1618
301208.SZ,中亦科技,软件服务,29.26,50002.8566,197273.5534
301207.SZ,华兰疫苗,生物制药,19.51,207303.41175,1171844.738
301206.SZ,三元生物,食品,25.13,126285.31527,327401.4303
301205.SZ,联特科技,通信设备,251.65,2163257.03962,2106033.685
301203.SZ,国泰环保,环境保护,33.15,33531.438,145089.2625
301202.SZ,朗威股份,机械基件,34.75,43139.027,276670.8125
301201.SZ,诚达药业,生物制药,29.85,191546.49456,324004.7355
301200.SZ,大族数控,专用机械,218.01,522851.57692,9270615.8181
301199.SZ,迈赫股份,专用机械,17.93,16141.3906,322158.8887
301198.SZ,喜悦智行,塑料,14.03,38816.288,227674.9116
301197.SZ,工大科雅,软件服务,27.27,98412.42694,296559.3411
301196.SZ,唯科科技,专用机械,80.47,451454.929,867431.9979
301195.SZ,北路智控,软件服务,26.64,19653.70452,233605.6272
301193.SZ,家联科技,家居用品,20.94,75736.3364,385675.8516
301192.SZ,泰祥股份,汽车配件,19.57,35445.90562,98604.6192
301191.SZ,菲菱科思,通信设备,74.23,183367.0422,542307.3071
301190.SZ,善水科技,染料涂料,39.52,1366481.91561,718687.008
301189.SZ,奥尼电子,IT设备,65.09,325365.4439,1028046.4307
301188.SZ,力诺药包,玻璃,31.18,403518.36314,834176.0008
301187.SZ,欧圣电气,家用电器,15.32,50480.70023,390558.122
301186.SZ,超达装备,专用机械,30.87,116928.12403,334384.1487
301185.SZ,鸥玛软件,软件服务,16.94,30426.894,237956.8576
301183.SZ,东田微,元器件,255.33,1081168.69719,1498776.8868
301182.SZ,凯旺科技,元器件,55.98,97824.175,489176.7516
301181.SZ,标榜股份,汽车配件,24.27,42863.53596,284530.8012
301180.SZ,万祥科技,元器件,11.72,53253.19472,192369.736
301179.SZ,泽宇智能,软件服务,19.55,46487.0396,464263.625
301178.SZ,天亿马,软件服务,33.32,46511.87772,228867.0832
301177.SZ,迪阿股份,服饰,22.83,24215.908,913222.83
301176.SZ,逸豪新材,元器件,51.29,377375.93631,841430.9144
301175.SZ,中科环保,环境保护,5.57,69637.135,346387.16
301173.SZ,毓恬冠佳,汽车配件,32.66,23779.47416,100686.5342
301172.SZ,君逸数码,软件服务,17.0,104693.35731,282689.43
301171.SZ,易点天下,互联网,31.02,933552.89976,1556846.3394
301170.SZ,锡南科技,汽车配件,23.0,23464.072,87408.51
301169.SZ,零点有数,文教休闲,49.21,58296.29878,354356.289
301168.SZ,通灵股份,电气设备,42.02,120931.099,400506.4866
301167.SZ,建研设计,建筑工程,13.48,29532.3502,142628.1056
301166.SZ,优宁维,医药商业,35.11,181747.14001,198092.3755
301165.SZ,锐捷网络,通信设备,97.7,771343.64819,10880227.628
301163.SZ,宏德股份,电气设备,23.64,28028.805,129371.3184
301162.SZ,国能日新,软件服务,35.59,55221.26609,431414.862
301161.SZ,唯万密封,工程机械,27.7,66438.02308,213837.2828
301160.SZ,翔楼新材,机械基件,37.59,194253.955,416411.4685
301159.SZ,三维天地,软件服务,31.38,37329.207,166361.07
301158.SZ,德石股份,专用机械,14.32,51229.8158,272300.9576
301157.SZ,华塑科技,电气设备,60.2,33556.976,291731.608
301156.SZ,美农生物,饲料,11.73,37567.2816,138757.2198
301155.SZ,海力风电,电气设备,46.54,388180.62171,579599.3866
301153.SZ,中科江南,软件服务,16.7,64301.843,554026.341
301152.SZ,天力锂能,小金属,22.93,261794.29536,162995.1534
301151.SZ,冠龙节能,机械基件,20.69,68739.25512,349206.8545
301150.SZ,中一科技,电气设备,39.8,1167756.14535,1209279.22
301149.SZ,隆华新材,化工原料,7.92,126483.35558,269367.7536
301148.SZ,嘉戎技术,环境保护,53.32,131297.27828,313892.7072
301141.SZ,中科磁业,矿物制品,35.05,48176.7398,277955.613
301139.SZ,元道退,,0.94,18169.04736,7158.6734
301138.SZ,华研精机,专用机械,28.25,25878.22955,193682.2825
301137.SZ,哈焊华通,机械基件,30.32,91425.58609,551258.2288
301136.SZ,招标股份,建筑工程,12.33,176575.46917,339043.1886
301135.SZ,瑞德智能,元器件,17.85,26765.81327,179886.4095
301133.SZ,金钟股份,汽车配件,25.04,52483.847,278284.544
301132.SZ,满坤科技,元器件,64.64,624201.72336,612403.8848
301131.SZ,聚赛龙,塑料,33.73,28010.84978,132069.4777
301130.SZ,西点药业,化学制药,27.77,111732.78003,163891.3198
301129.SZ,瑞纳智能,电器仪表,22.8,36634.40508,153837.3
301128.SZ,强瑞技术,专用机械,99.78,489763.34957,1271091.4332
301127.SZ,武汉天源,环境保护,15.4,215868.96734,1007817.888
301126.SZ,达嘉维康,医药商业,10.47,31948.391,146078.9058
301125.SZ,腾亚精工,机械基件,14.79,70613.05684,260294.3865
301123.SZ,奕东电子,元器件,64.47,283048.89294,1064023.1952
301122.SZ,采纳股份,医疗保健,66.0,382771.03332,499220.7
301121.SZ,紫建电子,电气设备,35.39,43445.0243,271656.1173
301120.SZ,新特电气,电气设备,14.19,65531.41673,320354.0218
301119.SZ,正强股份,汽车配件,30.49,325003.55421,359031.946
301118.SZ,恒光股份,化工原料,24.17,98876.52889,256041.0278
301117.SZ,ST佳缘,软件服务,11.7,41013.4279,135550.35
301116.SZ,益客食品,食品,9.3,28756.56516,417548.889
301115.SZ,联检科技,建筑工程,34.85,201156.56428,519969.667
301113.SZ,雅艺科技,家居用品,17.93,27355.92053,128493.9106
301112.SZ,信邦智能,专用机械,28.52,23742.848,314480.3432
301111.SZ,粤万年青,中成药,21.06,84386.02376,336957.894
301110.SZ,青木科技,互联网,33.92,85642.41488,308781.5616
301109.SZ,军信股份,环境保护,13.05,42809.01756,814696.884
301108.SZ,洁雅股份,日用化工,53.8,180674.60308,348799.926
301107.SZ,瑜欣电子,机械基件,22.94,75970.49408,186182.6458
301106.SZ,骏成科技,元器件,18.23,42966.546,260617.5384
301105.SZ,鸿铭股份,专用机械,48.26,40536.32352,95615.125
301103.SZ,何氏眼科,医疗保健,17.04,48935.93215,207263.6544
301102.SZ,兆讯传媒,广告包装,9.38,13542.705,380828.0
301101.SZ,明月镜片,文教休闲,29.22,49217.13655,567169.2582
301100.SZ,风光股份,化工原料,16.27,34521.17751,144358.829
301099.SZ,雅创电子,元器件,48.06,522591.92171,552567.447
301098.SZ,金埔园林,建筑工程,8.76,55414.0123,169056.3492
301097.SZ,天益医疗,医疗保健,33.89,31687.42678,134171.8656
301096.SZ,百诚医药,医疗保健,46.18,218385.829,383823.2228
301095.SZ,广立微,半导体,65.0,253922.88615,1134276.0
301093.SZ,华兰股份,医疗保健,60.37,264267.87407,1228432.908
301092.SZ,争光股份,化工原料,40.5,86786.12,246983.985
301091.SZ,深城交,建筑工程,19.4,121876.77558,1022923.2
301090.SZ,华润材料,化工原料,7.08,50513.0442,1041420.7764
301089.SZ,拓新药业,化学制药,24.26,52384.064,217489.2018
301088.SZ,戎美股份,服饰,13.53,20606.249,254364.0
301087.SZ,可孚医疗,医疗保健,52.8,134724.02921,1024274.064
301086.SZ,鸿富瀚,元器件,151.01,512043.59992,1053459.3509
301085.SZ,亚康股份,软件服务,71.06,374050.2519,424399.4546
301083.SZ,百胜智能,专用机械,14.0,18254.2523,121721.46
301082.SZ,久盛电气,电气设备,9.69,55119.3414,264253.9551
301081.SZ,严牌股份,环境保护,19.21,247432.70349,432542.574
301080.SZ,百普赛斯,生物制药,123.46,2569684.7806,1565933.9972
301079.SZ,邵阳液压,机械基件,27.73,200892.5668,213336.3182
301078.SZ,孩子王,其他商业,6.85,83055.92152,863775.41
301077.SZ,星华新材,化工原料,20.93,17012.752,200030.9402
301076.SZ,新瀚新材,化工原料,19.88,51690.18548,302887.5052
301075.SZ,多瑞医药,化学制药,60.6,71716.275,342996.0
301073.SZ,君亭酒店,酒店餐饮,16.65,63520.40674,296668.8675
301072.SZ,中捷精工,汽车配件,42.45,88605.249,288329.739
301071.SZ,力量钻石,矿物制品,58.24,805000.08964,1089373.9584
301070.SZ,开勒股份,机械基件,60.7,109852.14143,514820.373
301069.SZ,凯盛新材,化工原料,15.72,67649.47291,670889.0424
301068.SZ,大地海洋,环境保护,24.93,61707.47877,250101.4995
301067.SZ,显盈科技,元器件,30.31,80412.13814,200096.6177
301066.SZ,万事利,纺织,12.3,38967.8116,286733.541
301065.SZ,本立科技,化学制药,20.13,34400.978,173696.7375
301063.SZ,海锅股份,电气设备,18.53,53120.092,179087.4469
301062.SZ,上海艾录,广告包装,6.89,39393.33153,189648.0768
301061.SZ,匠心家居,家居用品,39.21,82344.9983,740440.4637
301060.SZ,兰卫医学,医疗保健,11.44,220837.05828,412030.3616
301059.SZ,金三江,化工原料,12.66,31775.02791,261485.4636
301058.SZ,中粮科工,建筑工程,8.62,48069.9246,441580.3604
301057.SZ,汇隆新材,化纤,22.55,91882.21375,186176.408
301056.SZ,森赫股份,运输设备,13.28,65768.04746,233722.4224
301055.SZ,张小泉,家居用品,29.09,60208.395,444110.3393
301053.SZ,远信工业,专用机械,34.05,50318.884,419576.358
301052.SZ,果麦文化,出版业,23.36,90676.92843,187440.1728
301051.SZ,信濠光电,元器件,17.44,130799.029,393859.9024
301050.SZ,雷电微力,航空,26.3,92593.2286,553588.7
301049.SZ,超越科技,环境保护,20.82,18505.859,74888.2908
301048.SZ,金鹰重工,运输设备,9.03,29399.426,481600.0602
301047.SZ,义翘神州,生物制药,147.77,1713645.63053,1767042.5262
301046.SZ,能辉科技,建筑工程,31.66,280857.77056,412197.37
301045.SZ,天禄科技,元器件,60.78,175413.098,551291.6184
301043.SZ,绿岛风,机械基件,46.86,46862.67381,265920.1908
301042.SZ,安联锐视,IT设备,28.75,66230.94222,265221.625
301041.SZ,金百泽,元器件,36.6,307109.74751,289150.248
301040.SZ,中环海陆,机械基件,25.08,34588.926,236665.4136
301039.SZ,中集车辆,汽车整车,7.25,83930.28188,1049044.115
301038.SZ,深水规院,建筑工程,17.7,113862.372,394851.6
301037.SZ,保立佳,染料涂料,13.21,35215.348,89810.2986
301036.SZ,双乐股份,染料涂料,22.28,24141.613,155245.7032
301035.SZ,润丰股份,农药化肥,48.97,56275.85986,1781288.647
301033.SZ,迈普医学,医疗保健,52.26,37661.78764,297542.8326
301032.SZ,新柴股份,工程机械,10.45,47905.075,171235.581
301031.SZ,中熔电气,电气设备,87.69,186229.93074,1007546.7003
301030.SZ,*ST仕净,环境保护,4.06,76892.21136,82054.9142
301029.SZ,怡合达,专用机械,23.5,126156.6998,1064107.7488
301028.SZ,鼎熔岩,专用机械,12.96,38220.13324,324777.4704
301027.SZ,华蓝集团,建筑工程,17.28,111919.2108,218541.3696
301026.SZ,浩通科技,小金属,19.48,125819.32838,311743.8944
301025.SZ,读客文化,出版业,9.85,97741.74592,272993.4395
301024.SZ,霍普股份,建筑工程,33.24,29817.135,204625.44
301023.SZ,奕帆传动,电气设备,28.05,47861.65028,187234.311
301022.SZ,海泰科,专用机械,21.99,20881.5162,148914.3009
301021.SZ,英诺激光,专用机械,70.82,559376.97776,1081331.4586
301020.SZ,密封科技,汽车配件,22.24,73811.09245,325593.6
301019.SZ,宁波色母,塑料,16.27,49154.72143,236153.6809
301018.SZ,申菱环境,专用机械,84.3,586260.47538,2384197.047
301017.SZ,漱玉平民,医药商业,14.37,209925.36358,371744.8587
301016.SZ,雷尔伟,运输设备,14.48,36019.49908,425457.152
301015.SZ,百洋医药,医药商业,25.94,265711.05587,1363293.8204
301013.SZ,利和兴,专用机械,32.18,313203.41868,608979.4688
301012.SZ,扬电科技,电气设备,21.71,60901.6235,427600.5942
301011.SZ,华立科技,文教休闲,15.22,38642.445,223272.6453
301010.SZ,晶雪节能,其他建材,21.15,165210.4333,228420.0
301009.SZ,可靠股份,造纸,9.18,18254.769,138650.13
301008.SZ,宏昌科技,家用电器,48.9,411360.38362,565483.023
301007.SZ,德迈仕,汽车配件,29.8,68817.13502,450948.798
301006.SZ,迈拓股份,电器仪表,13.95,20117.002,120299.6385
301005.SZ,超捷股份,汽车配件,56.46,311046.2123,1039632.4206
301004.SZ,嘉益股份,家居用品,33.88,62240.227,461131.8712
301003.SZ,江苏博云,塑料,57.6,117362.832,432806.976
301002.SZ,崧盛股份,电气设备,28.16,155385.4933,247231.8464
301001.SZ,凯淳股份,互联网,25.06,22623.479,122898.5002
301000.SZ,肇民科技,汽车配件,22.68,57840.83274,521596.6812
300999.SZ,金龙鱼,食品,23.9,201815.68201,1296926.569
300998.SZ,宁波方正,专用机械,28.82,94171.17086,310335.4892
300997.SZ,欢乐家,软饮料,15.54,143942.39065,613194.8802
300996.SZ,普联软件,软件服务,11.62,130166.64313,387111.3526
300995.SZ,奇德新材,塑料,25.78,35885.8134,156561.1666
300994.SZ,久祺股份,文教休闲,11.37,18948.31,134634.6714
300993.SZ,玉马科技,家居用品,9.9,25214.64016,240082.227
300992.SZ,泰福泵业,机械基件,26.2,65343.60526,204329.27
300991.SZ,创益通,元器件,24.89,93936.74402,261610.0785
300990.SZ,同飞股份,专用机械,94.47,454573.25621,782684.8947
300989.SZ,蕾奥规划,建筑工程,14.97,47610.14754,243852.7671
300988.SZ,津荣天宇,机械基件,16.32,47864.226,264549.8112
300987.SZ,川网传媒,互联网,14.02,64276.18093,243061.936
300986.SZ,志特新材,建筑工程,10.94,219966.09287,629396.798
300985.SZ,致远新能,汽车配件,33.44,59632.43074,623697.8
300984.SZ,金沃股份,机械基件,30.4,117365.9518,377049.68
300983.SZ,尤安设计,建筑工程,36.03,29807.95929,550575.1506
300982.SZ,苏文电能,建筑工程,14.32,24630.222,277660.6472
300981.SZ,中红医疗,医疗保健,19.47,602807.3258,765165.9378
300980.SZ,祥源新材,塑料,15.94,95591.0044,221017.664
300979.SZ,华利集团,服饰,32.9,71748.74778,3839430.0
300978.SZ,东箭科技,汽车配件,8.76,26377.121,251490.1392
300977.SZ,深圳瑞捷,建筑工程,20.08,154528.69556,192313.188
300976.SZ,达瑞电子,元器件,53.43,230844.20039,643167.2743
300975.SZ,商络电子,元器件,22.26,581713.98775,1100814.6534
300973.SZ,立高食品,食品,25.35,35004.35253,300559.2153
300972.SZ,万辰集团,食品,157.23,392004.05572,2842498.278
300971.SZ,博亚精工,机械基件,17.69,32096.70238,163195.2032
300970.SZ,华绿生物,种植业,17.32,128339.72493,214242.5112
300969.SZ,恒帅股份,汽车配件,72.55,116530.46548,567887.3015
300968.SZ,格林精密,元器件,9.37,50275.38866,387337.06
300967.SZ,晓鸣股份,农业综合,15.7,33343.242,195930.819
300966.SZ,共同药业,化学制药,24.62,53568.577,188753.4154
300965.SZ,恒宇信通,航空,41.88,37483.232,230314.0344
300964.SZ,本川智能,元器件,67.54,347730.57168,583523.9872
300963.SZ,中洲特材,小金属,10.57,45880.66595,360008.4922
300962.SZ,中金辐照,医疗保健,13.12,33631.39,346370.4928
300961.SZ,深水海纳,环境保护,11.84,62731.152,181277.8592
300960.SZ,通业科技,运输设备,19.23,53336.42535,253027.1862
300959.SZ,线上线下,电信运营,83.73,163533.27796,496837.9113
300958.SZ,建工修复,环境保护,12.42,30578.136,113083.3548
300957.SZ,贝泰妮,日用化工,32.6,153609.14414,1380936.0
300956.SZ,英力股份,元器件,11.01,42518.4254,231708.0924
300955.SZ,嘉亨家化,日用化工,27.63,53096.47196,278510.4
300953.SZ,震裕科技,电气设备,89.16,488317.954,1574864.6694
300952.SZ,恒辉安防,纺织,16.1,52955.23987,239210.902
300951.SZ,博硕科技,元器件,79.11,376515.97168,1197649.4544
300950.SZ,德固特,专用机械,19.46,27897.526,190001.2128
300949.SZ,奥雅股份,建筑工程,24.24,25635.2417,120561.276
300948.SZ,冠中生态,环境保护,17.28,38142.45724,268109.841
300947.SZ,德必集团,房产服务,15.86,86977.44098,239613.673
300946.SZ,恒而达,机械基件,34.76,33811.283,263477.324
300945.SZ,曼卡龙,服饰,11.12,41141.24,265438.6256
300943.SZ,春晖智控,机械基件,31.5,206165.62359,423171.945
300942.SZ,易瑞生物,医疗保健,6.51,32369.42229,263705.7129
300941.SZ,创识科技,IT设备,14.81,38378.657,187743.408
300940.SZ,南极光,元器件,13.01,38724.02409,204883.6917
300939.SZ,秋田微,元器件,98.34,421908.49687,1180080.0
300938.SZ,信测标准,电器仪表,27.66,340362.26553,818321.3766
300937.SZ,药易购,医药商业,23.83,50187.02037,154571.3886
300936.SZ,中英科技,元器件,66.0,144386.357,314407.5
300935.SZ,盈建科,软件服务,26.82,39887.0948,161654.0634
300933.SZ,中辰股份,电气设备,6.46,57691.3051,353420.463
300932.SZ,三友联众,电气设备,10.68,107486.98002,340896.3084
300931.SZ,通用电梯,运输设备,18.48,305880.039,361147.9872
300930.SZ,屹通新材,小金属,26.02,46136.09884,122619.25
300929.SZ,华骐环保,环境保护,16.2,32381.276,203083.848
300928.SZ,华安鑫创,汽车配件,23.98,48372.43,130897.228
300927.SZ,江天化学,化工原料,27.38,247020.92659,385753.8082
300926.SZ,博俊科技,汽车配件,16.57,88984.94083,493774.5949
300925.SZ,法本信息,软件服务,13.33,59145.75663,465899.692
300923.SZ,研奥股份,运输设备,23.97,22386.197,183917.7351
300922.SZ,天秦装备,专用机械,17.02,91398.08597,214836.8222
300921.SZ,南凌科技,互联网,15.49,84169.08469,250790.9999
300920.SZ,润阳科技,塑料,30.1,41643.063,259895.44
300919.SZ,中伟新材,电气设备,37.95,376546.78332,3471794.9275
300918.SZ,南山智尚,纺织,10.65,66109.0512,539033.136
300917.SZ,特发服务,房产服务,33.74,942766.81381,570206.0
300916.SZ,朗特智能,元器件,26.72,71574.94616,274366.0368
300915.SZ,海融科技,乳制品,23.78,57187.18446,136973.2756
300913.SZ,兆龙互连,通信设备,34.4,292724.22747,983338.792
300912.SZ,凯龙高科,汽车配件,18.63,45841.572,160123.3596
300911.SZ,亿田智能,家用电器,31.47,190559.44304,539227.4355
300910.SZ,瑞丰新材,化工原料,27.42,101743.48078,735613.0662
300909.SZ,汇创达,元器件,58.88,914967.34669,760372.1984
300908.SZ,仲景食品,食品,17.54,46805.65935,312806.9568
300907.SZ,康平科技,电气设备,53.48,260426.62074,513408.0
300906.SZ,日月明,运输设备,27.78,31691.809,200718.9035
300905.SZ,宝丽迪,染料涂料,41.88,686044.1612,583505.664
300904.SZ,威力传动,电气设备,52.08,211466.03643,376971.8723
300903.SZ,科翔股份,元器件,95.6,2665194.96484,3359189.932
300902.SZ,国安达,专用机械,17.59,60904.0472,222819.2142
300901.SZ,中胤时尚,服饰,16.23,69965.2167,389520.0
300900.SZ,广联航空,航空,21.5,271831.05457,551974.875
300899.SZ,上海凯鑫,环境保护,30.31,24676.61,131326.8649
300898.SZ,熊猫乳品,乳制品,20.66,118660.97494,237060.071
300897.SZ,山科智能,电器仪表,16.21,36726.6852,195301.6462
300896.SZ,爱美客,医疗保健,95.18,239461.25093,2103595.0714
300895.SZ,铜牛信息,软件服务,54.3,284670.29954,370477.497
300894.SZ,火星人,家用电器,9.85,39938.75738,289668.012
300893.SZ,松原安全,汽车配件,14.54,393889.22624,365961.686
300892.SZ,品渥食品,乳制品,22.47,35653.68999,148206.5025
300891.SZ,惠云钛业,化工原料,7.59,37767.097,253107.043
300890.SZ,翔丰华,电气设备,29.23,623429.69688,319479.8078
300889.SZ,爱克股份,电气设备,20.51,93474.91628,308443.737
300888.SZ,稳健医疗,医疗保健,29.85,145904.70558,1732377.585
300887.SZ,谱尼测试,电器仪表,6.9,49844.231,251344.5847
300886.SZ,华业香料,化工原料,23.62,26814.659,111411.7608
300885.SZ,海昌新材,机械基件,17.74,45799.144,296289.5772
300884.SZ,狄耐克,IT设备,11.98,110237.36154,229336.0152
300883.SZ,龙利得,造纸,6.37,28921.587,210639.7202
300882.SZ,万胜智能,电器仪表,13.15,16162.856,350220.005
300881.SZ,盛德鑫泰,钢加工,29.02,22288.474,166593.0826
300880.SZ,迦南智能,电器仪表,17.99,32982.342,351052.0027
300879.SZ,大叶股份,农用机械,16.65,55601.26185,334712.286
300878.SZ,维康药业,中成药,29.35,44494.96764,422351.783
300877.SZ,金春股份,纺织,26.2,50507.7646,314396.07
300876.SZ,蒙泰高新,化纤,16.7,107164.3981,189382.676
300875.SZ,捷强装备,专用机械,33.19,369992.68544,291380.6523
300873.SZ,海晨股份,仓储物流,14.2,155886.681,332177.76
300872.SZ,天阳科技,软件服务,14.38,141071.90784,606874.3946
300871.SZ,回盛生物,农业综合,21.25,125123.10293,428791.85
300870.SZ,欧陆通,电气设备,165.34,721035.72824,2523529.8578
300869.SZ,康泰医学,医疗保健,10.76,101953.86033,283778.7524
300868.SZ,杰美特,元器件,70.65,257531.46905,570557.3895
300867.SZ,圣元环保,环境保护,16.88,77592.02879,323467.7264
300866.SZ,安克创新,元器件,114.66,691983.08816,3562059.8483
300865.SZ,大宏立,专用机械,29.15,133758.943,181141.8895
300864.SZ,南大环境,环境保护,25.02,66009.15696,398078.7084
300863.SZ,卡倍亿,汽车配件,36.0,161174.29336,904033.08
300862.SZ,蓝盾光电,电器仪表,41.0,796125.74746,621031.1
300861.SZ,美畅股份,矿物制品,14.81,98997.10938,624781.9169
300860.SZ,锋尚文化,文教休闲,27.69,82151.64,302975.3961
300859.SZ,西域旅游,旅游服务,21.98,90245.32,340690.0
300858.SZ,科拓生物,食品,14.6,59768.0535,285780.692
300857.SZ,协创数据,IT设备,234.8,3666485.16468,11385257.116
300856.SZ,科思股份,日用化工,10.43,38079.0144,479504.2308
300855.SZ,图南股份,小金属,32.49,132789.06402,951814.3689
300854.SZ,中兰环保,环境保护,15.05,41848.70668,171541.706
300853.SZ,申昊科技,专用机械,30.68,208473.82996,301627.6588
300852.SZ,四会富仕,元器件,69.18,686222.26822,1071987.6834
300851.SZ,交大思诺,运输设备,25.13,27672.005,142395.3755
300850.SZ,新强联,机械基件,30.05,790262.80386,971336.5005
300849.SZ,锦盛新材,塑料,20.32,51460.6,294513.0
300848.SZ,美瑞新材,化工原料,10.92,21021.9693,276409.77
300847.SZ,中船汉光,化工原料,14.19,64166.89232,420038.19
300846.SZ,首都在线,软件服务,17.49,262438.14636,729066.8022
300845.SZ,捷安高科,软件服务,14.14,87496.43628,205523.2032
300844.SZ,山水比德,建筑工程,24.59,42190.84166,221408.1141
300843.SZ,胜蓝股份,元器件,120.11,724052.27384,1998730.7759
300842.SZ,帝科股份,电气设备,56.69,284951.65068,732816.8906
300841.SZ,康华生物,生物制药,54.13,213036.21589,658087.0989
300840.SZ,酷特智能,服饰,17.52,82250.533,311006.8056
300839.SZ,博汇股份,石油加工,12.75,91549.87155,361056.285
300838.SZ,浙江力诺,机械基件,14.62,38927.429,148842.4188
300837.SZ,浙矿股份,专用机械,22.27,30967.668,168348.5061
300836.SZ,佰奥智能,专用机械,51.28,144669.32064,325372.1128
300835.SZ,龙磁科技,矿物制品,178.18,556452.13968,1489146.4772
300834.SZ,星辉环材,化工原料,37.46,62082.2908,719225.4595
300833.SZ,浩洋股份,专用机械,43.69,53757.58337,354996.5415
300832.SZ,新产业,医疗保健,48.88,209867.46333,3338955.1037
300831.SZ,ST派瑞,半导体,13.14,27213.945,242412.2388
300830.SZ,金现代,软件服务,7.79,75281.846,262472.2092
300829.SZ,金丹科技,食品,21.26,476967.12748,357448.2068
300828.SZ,锐新科技,机械基件,16.11,138941.464,152734.077
300827.SZ,上能电气,电气设备,23.74,180279.32928,1036346.6722
300826.SZ,测绘股份,建筑工程,14.5,44188.85712,321270.555
300825.SZ,阿尔特,汽车服务,11.17,181349.7769,541172.9843
300824.SZ,北鼎股份,家用电器,8.26,53534.8135,263467.7332
300823.SZ,建科智能,专用机械,14.74,33811.071,127875.6908
300822.SZ,贝仕达克,元器件,11.07,26330.743,319903.074
300821.SZ,东岳硅材,化工原料,14.29,441879.35066,1714501.0532
300820.SZ,英杰电气,电气设备,61.58,286761.14064,688388.0408
300819.SZ,聚杰微纤,纺织,41.9,110893.3695,564654.037
300818.SZ,耐普矿机,专用机械,15.64,70259.9006,222294.7608
300817.SZ,双飞集团,机械基件,16.8,81139.05725,211904.448
300816.SZ,艾可蓝,汽车配件,57.1,118608.527,333265.863
300815.SZ,玉禾田,环境保护,15.05,77220.391,590200.499
300814.SZ,中富电路,元器件,118.63,537357.09173,2270935.2763
300813.SZ,泰林生物,医疗保健,23.22,112348.3704,197662.8042
300812.SZ,易天股份,专用机械,17.72,101375.97696,315309.1484
300811.SZ,铂科新材,矿物制品,76.05,581783.17758,2545708.1797
300810.SZ,中科海讯,船舶,22.63,121683.221,257990.3731
300809.SZ,华辰装备,机床制造,22.79,66653.7248,343147.8905
300808.SZ,久量股份,家用电器,19.59,53218.7556,232924.2713
300807.SZ,天迈科技,软件服务,33.36,64441.423,173269.1712
300806.SZ,斯迪克,塑料,45.19,918211.61526,2063686.2439
300805.SZ,电声股份,广告包装,8.5,86480.03058,255194.395
300804.SZ,广康生化,农药化肥,46.62,249628.31863,128205.0
300803.SZ,指南针,软件服务,51.24,796094.60928,4546141.9248
300802.SZ,矩子科技,专用机械,22.6,174806.66502,457332.922
300801.SZ,泰和科技,化工原料,22.92,241810.99949,314498.1552
300800.SZ,力合科技,环境保护,10.63,24393.9785,249038.7896
300798.SZ,锦鸡股份,染料涂料,8.34,212611.28,338356.8024
300797.SZ,钢研纳克,电器仪表,12.88,32785.32428,491622.3872
300796.SZ,贝斯美,农药化肥,6.99,30204.206,251932.2519
300795.SZ,米奥会展,文教休闲,12.6,166626.7023,219482.424
300793.SZ,佳禾智能,IT设备,11.33,52149.787,421576.0439
300792.SZ,壹网壹创,互联网,23.66,161291.97762,506762.0673
300791.SZ,仙乐健康,医疗保健,18.09,41881.19928,465816.9573
300790.SZ,宇瞳光学,元器件,17.52,464358.973,800564.136
300789.SZ,唐源电气,运输设备,15.64,28942.9844,218301.8688
300788.SZ,中信出版,出版业,29.08,172496.3736,552960.562
300787.SZ,海能实业,元器件,11.33,128416.87524,222671.5491
300786.SZ,国林科技,环境保护,13.52,96642.399,198344.9153
300785.SZ,值得买,互联网,34.0,358185.628,442350.88
300784.SZ,利安科技,塑料,42.43,34930.47587,71853.0835
300783.SZ,三只松鼠,食品,16.72,73940.96156,468632.1728
300782.SZ,卓胜微,半导体,64.65,805528.80876,2964625.9575
300781.SZ,因赛集团,广告包装,25.42,103603.46101,307929.7456
300780.SZ,德恩精工,机械基件,17.94,68770.0,193325.5662
300779.SZ,惠城环保,环境保护,51.89,363882.74768,1178803.551
300778.SZ,新城市,建筑工程,10.95,40838.22454,222944.19
300777.SZ,中简科技,化纤,19.76,96327.36196,851472.6272
300776.SZ,帝尔激光,专用机械,112.4,2017766.00029,2015470.252
300775.SZ,三角防务,航空,19.37,197201.32092,1029794.4609
300774.SZ,倍杰特,环境保护,9.49,48965.56431,193669.5247
300772.SZ,运达股份,电气设备,9.68,176414.9063,675630.7008
300771.SZ,智莱科技,IT设备,11.47,42102.918,216871.6631
300770.SZ,新媒股份,影视音像,33.88,74051.29728,771917.1768
300769.SZ,德方纳米,化工原料,42.45,1102164.53602,1068796.3365
300768.SZ,迪普科技,软件服务,14.44,78109.71684,607443.148
300767.SZ,震安科技,橡胶,18.29,135954.38846,438762.2851
300766.SZ,每日互动,互联网,20.34,214673.39706,727984.872
300765.SZ,石药创新,生物制药,45.1,667803.00706,6334713.979
300763.SZ,锦浪科技,电气设备,53.34,540172.70989,1715386.6632
300762.SZ,上海瀚讯,通信设备,24.76,413385.50689,1554843.3208
300761.SZ,立华股份,农业综合,19.97,107050.89698,1291587.5083
300760.SZ,迈瑞医疗,医疗保健,157.6,886662.23248,19080034.696
300759.SZ,康龙化成,化学制药,43.75,2246785.02124,6212640.0
300758.SZ,七彩化学,染料涂料,11.54,105937.485,415142.1526
300757.SZ,罗博特科,专用机械,508.0,3149303.97266,8258393.44
300756.SZ,金马游乐,专用机械,29.1,210327.68313,558708.36
300755.SZ,华致酒行,其他商业,11.14,60779.72404,464071.1226
300753.SZ,爱朋医疗,医疗保健,20.25,91771.19817,179347.1625
300752.SZ,隆利科技,元器件,12.02,75197.50452,268366.333
300751.SZ,迈为股份,专用机械,167.65,881079.62241,3233116.838
300750.SZ,宁德时代,电气设备,286.75,10594534.5841,122173195.3425
300749.SZ,顶固集创,家居用品,21.15,72958.645,332891.694
300748.SZ,金力永磁,矿物制品,23.8,252680.18399,2693888.6514
300747.SZ,锐科激光,专用机械,35.06,473489.91969,1830054.1668
300746.SZ,汉嘉数智,建筑工程,15.18,176322.695,339342.069
300745.SZ,欣锐科技,汽车配件,25.48,124808.81996,362399.492
300743.SZ,天地数码,IT设备,14.42,36903.8771,183928.6862
300741.SZ,华宝股份,食品,23.6,437938.12952,1453470.192
300740.SZ,水羊股份,日用化工,21.98,1086287.17712,898931.2262
300739.SZ,明阳电路,元器件,26.4,405614.43527,799855.848
300738.SZ,奥飞数据,软件服务,18.0,312943.45349,1772809.4142
300737.SZ,科顺股份,其他建材,4.7,143406.0814,416973.284
300736.SZ,百邦科技,通信设备,34.89,284091.9692,435733.8831
300735.SZ,光弘科技,元器件,16.85,198273.3062,1281507.878
300733.SZ,西菱动力,汽车配件,12.29,89062.256,359384.0571
300732.SZ,设研院,建筑工程,5.85,27128.279,216595.431
300731.SZ,科创新源,橡胶,41.37,220633.9264,696053.9733
300730.SZ,科创信息,软件服务,11.12,42683.842,229912.0048
300729.SZ,乐歌股份,家居用品,10.94,30383.05584,358924.443
300727.SZ,润禾材料,化工原料,30.81,140066.35211,499480.3203
300726.SZ,宏达电子,元器件,48.38,442696.96578,1037452.9792
300725.SZ,药石科技,化学制药,51.73,1358482.9639,1048672.6292
300724.SZ,捷佳伟创,专用机械,51.49,568914.31478,1495116.1598
300723.SZ,一品红,化学制药,32.84,121498.85853,1376631.454
300722.SZ,新余国科,航空,20.85,47850.26364,577037.3025
300721.SZ,怡达股份,化工原料,19.77,113828.28522,273608.4966
300720.SZ,海川智能,电器仪表,56.2,360268.47054,1034896.024
300719.SZ,安达维尔,航空,11.6,30557.233,208359.316
300718.SZ,长盛轴承,机械基件,50.2,425581.78394,993520.75
300717.SZ,华信新材,塑料,19.94,116714.98096,203095.6796
300716.SZ,*ST泉为,塑料,16.55,19274.79,264833.1
300715.SZ,凯伦股份,其他建材,12.9,82636.3368,412060.185
300713.SZ,英可瑞,电气设备,14.18,85154.62752,126779.5514
300712.SZ,永福股份,建筑工程,20.04,30811.05524,374226.96
300711.SZ,广哈通信,通信设备,17.77,148621.23945,497008.7746
300710.SZ,万隆光电,通信设备,27.52,91843.737,205244.16
300709.SZ,精研科技,元器件,33.26,158607.60637,498401.6355
300708.SZ,聚灿光电,半导体,9.06,250285.35053,653616.7696
300707.SZ,威唐工业,汽车配件,12.03,28570.251,172727.3415
300706.SZ,阿石创,元器件,43.8,193038.72228,498576.714
300705.SZ,九典制药,化学制药,10.91,150986.50388,403611.5224
300703.SZ,创源股份,文教休闲,13.42,41444.644,227685.8672
300702.SZ,天宇股份,化学制药,22.28,93922.62205,470433.5108
300701.SZ,森霸传感,元器件,9.63,32280.807,242824.0131
300700.SZ,岱勒新材,矿物制品,16.29,97136.93044,578961.5868
300699.SZ,光威复材,化纤,22.68,142524.13642,1867426.5204
300698.SZ,万马科技,通信设备,25.8,44024.911,310077.3
300697.SZ,电工合金,铜,14.01,82581.61756,464067.24
300696.SZ,爱乐达,航空,19.4,81105.69682,531331.856
300695.SZ,兆丰股份,汽车配件,47.18,53067.098,482448.0542
300694.SZ,蠡湖股份,汽车配件,10.55,34541.924,228732.3345
300693.SZ,盛弘股份,电气设备,35.35,211614.88017,953119.426
300692.SZ,中赋科技,环境保护,8.89,120770.678,467063.3534
300691.SZ,联合光电,元器件,17.66,542582.79537,389823.4846
300690.SZ,双一科技,电气设备,25.7,305973.76319,286761.2631
300689.SZ,澄天伟业,通信设备,61.87,304208.91139,629489.5093
300688.SZ,创业黑马,文教休闲,32.62,214905.7329,484010.667
300687.SZ,赛意信息,软件服务,26.74,412118.22062,898100.4403
300686.SZ,智动力,元器件,13.76,80616.7976,356257.1328
300685.SZ,艾德生物,医疗保健,20.84,270704.26589,811899.0996
300684.SZ,中石科技,元器件,90.1,3344494.42134,1843222.3448
300683.SZ,海特生物,生物制药,27.25,696012.86318,332993.91
300682.SZ,朗新科技,软件服务,8.65,86761.302,894352.564
300681.SZ,英搏尔,汽车配件,20.18,350135.21638,465788.5042
300680.SZ,隆盛科技,汽车配件,19.34,89436.3783,437791.0704
300679.SZ,电连技术,元器件,38.14,491414.88716,1371025.4452
300678.SZ,中科信息,软件服务,20.84,251546.60401,610063.2828
300677.SZ,英科医疗,医疗保健,46.71,763136.26071,2174875.9875
300676.SZ,华大基因,医疗保健,43.76,688625.26342,1820573.536
300675.SZ,建科院,建筑工程,15.03,272396.36157,220440.0501
300674.SZ,宇信科技,软件服务,14.45,293340.4111,1016155.0675
300673.SZ,佩蒂股份,饲料,15.35,75395.673,246308.0955
300672.SZ,国科微,半导体,170.2,1118757.06817,3579947.654
300671.SZ,富满微,半导体,50.72,656894.42528,1132484.7824
300670.SZ,大烨智能,电气设备,7.18,69775.106,161330.4356
300669.SZ,沪宁股份,运输设备,23.7,31531.229,432524.763
300668.SZ,杰恩股份,装修装饰,29.68,94936.20164,295891.4952
300667.SZ,必创科技,电器仪表,14.18,59570.272,251427.1398
300666.SZ,江丰电子,半导体,209.62,1632603.31506,4641900.7432
300665.SZ,飞鹿股份,染料涂料,8.64,38500.69776,188361.4176
300664.SZ,鹏鹞环保,环境保护,4.67,45297.82283,338659.0133
300663.SZ,科蓝软件,软件服务,7.29,66471.29435,335629.152
300662.SZ,科锐国际,文教休闲,20.91,50953.354,410607.7881
300661.SZ,圣邦股份,半导体,96.0,2055151.52898,5792678.4
300660.SZ,江苏雷利,电气设备,22.99,90247.64656,1335553.2421
300659.SZ,中孚信息,IT设备,10.85,123232.576,197862.77
300658.SZ,延江股份,纺织,10.09,55451.256,241583.6592
300657.SZ,弘信电子,元器件,31.18,441363.70203,1490749.7862
300656.SZ,民德电子,IT设备,28.5,179455.0024,384609.21
300655.SZ,晶瑞电材,半导体,11.83,358750.03631,1326725.1543
300654.SZ,世纪天鸿,出版业,9.44,53054.83515,332899.9952
300653.SZ,正海生物,医疗保健,15.85,34183.78725,285300.0
300652.SZ,雷迪克,汽车配件,26.77,64085.38343,319838.3228
300651.SZ,金陵体育,文教休闲,15.9,42022.455,164416.335
300650.SZ,太龙股份,元器件,11.59,52693.722,197430.2027
300649.SZ,杭州园林,建筑工程,27.5,114355.65961,279940.925
300648.SZ,星云股份,电气设备,36.66,62194.1785,497808.3396
300647.SZ,超频三,化工原料,9.6,691930.44592,438376.416
300645.SZ,正元智慧,软件服务,13.8,38021.65002,192262.152
300644.SZ,南京聚隆,塑料,20.46,37501.828,181003.6866
300643.SZ,万通智控,汽车配件,18.54,143796.939,428458.1078
300642.SZ,透景生命,医疗保健,19.66,466052.26596,270729.2096
300641.SZ,正丹股份,化工原料,13.19,42013.3155,693188.8428
300640.SZ,德艺文创,家居用品,6.23,54979.043,141886.0072
300639.SZ,凯普生物,医疗保健,6.19,87449.16558,390095.1284
300638.SZ,广和通,通信设备,18.44,235574.11166,978042.2948
300637.SZ,扬帆新材,化工原料,10.13,140931.98866,237583.8223
300636.SZ,同和药业,化学制药,7.1,32507.03,260790.313
300635.SZ,中达安,建筑工程,11.78,56340.273,141803.2814
300634.SZ,彩讯股份,软件服务,19.98,180520.0546,867678.453
300633.SZ,开立医疗,医疗保健,18.91,77623.75618,491879.9233
300632.SZ,光莆股份,半导体,16.71,186520.066,380295.5376
300631.SZ,久吾高科,环境保护,22.16,56982.46589,269476.9016
300629.SZ,新劲刚,元器件,17.3,105898.7427,375278.52
300628.SZ,亿联网络,通信设备,40.03,373650.50873,2905660.4121
300627.SZ,华测导航,通信设备,26.43,141218.64749,1736799.4954
300626.SZ,华瑞股份,电气设备,27.63,95955.0198,497067.8445
300625.SZ,三雄极光,家用电器,9.95,22907.3926,161161.941
300624.SZ,万兴科技,软件服务,45.72,353480.18478,782878.1904
300623.SZ,捷捷微电,半导体,30.95,529993.83408,2375902.129
300622.SZ,博士眼镜,其他商业,14.15,78221.39454,312427.472
300621.SZ,维业股份,装修装饰,7.1,26249.2055,143795.59
300620.SZ,光库科技,通信设备,250.95,2029319.98019,6206896.92
300619.SZ,金银河,专用机械,28.17,698192.8372,536448.0708
300618.SZ,寒锐钴业,小金属,30.64,92493.72104,834929.8888
300617.SZ,安靠智电,电气设备,34.22,71713.138,475222.3794
300616.SZ,尚品宅配,家居用品,10.89,50100.539,169013.9979
300615.SZ,欣天科技,通信设备,12.69,103778.69339,194267.7837
300614.SZ,百川畅银,环境保护,10.38,25200.81165,166537.4466
300613.SZ,富瀚微,半导体,72.39,1105428.0848,1590336.6339
300612.SZ,宣亚国际,广告包装,11.92,51581.81208,216997.2824
300611.SZ,美力科技,汽车配件,26.93,101406.438,399379.979
300610.SZ,晨化股份,化工原料,10.55,31355.822,174684.368
300609.SZ,汇纳科技,软件服务,22.58,55950.05298,270721.781
300608.SZ,思特奇,软件服务,9.8,51763.8486,298278.778
300607.SZ,拓斯达,专用机械,28.85,448741.92665,995837.376
300606.SZ,金太阳,机械基件,30.91,194470.47152,367589.1384
300605.SZ,恒锋信息,软件服务,10.47,49000.642,132323.001
300604.SZ,长川科技,半导体,228.5,3797965.78148,11184576.5273
300603.SZ,立昂技术,通信设备,7.65,61897.94,286057.5975
300602.SZ,飞荣达,元器件,33.54,383180.63908,1345555.3722
300601.SZ,康泰生物,生物制药,13.23,375739.93029,1191225.4956
300600.SZ,国瑞科技,船舶,10.08,72636.2092,296588.376
300599.SZ,雄塑科技,塑料,15.58,499214.232,493925.1058
300598.SZ,诚迈科技,软件服务,29.55,114121.11801,641045.289
300597.SZ,吉大通信,通信设备,7.95,28440.93,215883.999
300596.SZ,利安隆,化工原料,39.76,85358.20914,912967.9272
300595.SZ,欧普康视,医疗保健,10.06,57484.21119,672505.7688
300594.SZ,ST朗进,运输设备,15.07,19755.073,137122.8342
300593.SZ,新雷能,电气设备,28.15,339998.06033,1267488.093
300592.SZ,华凯易佰,互联网,18.15,180812.1289,624153.2715
300591.SZ,万里马,服饰,6.15,61816.39661,215557.3155
300590.SZ,移为通信,通信设备,11.02,118178.61502,394311.6892
300589.SZ,江龙船艇,船舶,13.57,227959.07622,301983.7946
300588.SZ,熙菱信息,IT设备,20.2,62522.739,357180.44
300587.SZ,天铁科技,橡胶,4.54,130547.8836,477886.075
300586.SZ,美联新材,化工原料,8.55,170475.76692,457708.0905
300585.SZ,奥联电子,汽车配件,13.7,96830.758,234422.207
300584.SZ,海辰药业,化学制药,33.8,374718.25095,277604.47
300583.SZ,赛托生物,化学制药,13.8,102008.6246,256885.482
300582.SZ,英飞特,元器件,10.31,49463.14608,233328.8061
300581.SZ,晨曦航空,航空,9.91,110922.3896,545158.5145
300580.SZ,贝斯特,汽车配件,17.35,124624.27725,819947.9875
300579.SZ,数字认证,软件服务,22.64,107908.20936,594979.2
300578.SZ,会畅科技,通信设备,14.76,44084.21534,292566.9636
300577.SZ,开润股份,纺织,18.23,25839.16463,259905.4746
300576.SZ,容大感光,染料涂料,25.78,247992.17634,674277.4468
300575.SZ,中旗股份,农药化肥,6.11,58535.08882,211602.5685
300573.SZ,兴齐眼药,化学制药,35.66,143353.7753,969943.4416
300572.SZ,安车检测,电器仪表,23.27,96735.01412,421977.4819
300571.SZ,平治信息,互联网,26.07,93023.92583,301466.1804
300570.SZ,太辰光,通信设备,199.0,2931120.84813,3824636.72
300569.SZ,天能重工,电气设备,5.18,190571.93541,528177.6122
300568.SZ,星源材质,化工原料,15.62,749817.15703,1888059.2214
300567.SZ,精测电子,电器仪表,175.19,1122105.63601,3977684.3951
300566.SZ,激智科技,元器件,22.33,270837.40628,506177.3332
300565.SZ,科信技术,通信设备,9.7,63643.279,221358.947
300564.SZ,筑博设计,建筑工程,12.62,29171.59966,149011.7858
300563.SZ,神宇股份,通信设备,23.7,108963.90943,300349.863
300562.SZ,乐心股份,医疗保健,14.59,256272.78136,244071.4412
300561.SZ,汇金科技,软件服务,13.75,118689.838,331454.2
300560.SZ,中富通,通信设备,14.86,174857.6671,277829.6928
300559.SZ,佳发教育,软件服务,12.63,67007.87329,392965.7784
300558.SZ,贝达药业,化学制药,47.85,819245.54564,2020128.2472
300557.SZ,理工光科,电器仪表,23.66,45135.65139,369456.5784
300556.SZ,丝路视觉,软件服务,15.92,50284.238,172742.348
300555.SZ,ST路通,通信设备,12.28,9649.071,243189.9272
300554.SZ,三超新材,矿物制品,21.68,117078.794,190511.0488
300553.SZ,集智股份,电器仪表,53.22,244262.30633,452844.7224
300552.SZ,万集科技,IT设备,19.9,47763.49386,274535.823
300551.SZ,古鳌科技,软件服务,11.29,84906.36311,369550.1508
300550.SZ,和仁科技,软件服务,13.85,51818.7,363308.214
300549.SZ,优德精密,专用机械,14.83,26716.076,151347.1201
300548.SZ,长芯博创,通信设备,190.44,4372063.42636,5603459.0452
300547.SZ,川环科技,汽车配件,22.61,94952.678,403552.7762
300546.SZ,雄帝科技,IT设备,16.71,38451.665,230540.8518
300545.SZ,联得装备,专用机械,25.18,173311.43237,312613.477
300543.SZ,朗科智能,元器件,7.64,33889.158,191151.8832
300542.SZ,新晨科技,软件服务,11.92,32974.414,300326.188
300541.SZ,先进数通,软件服务,9.15,35386.67368,355061.541
300540.SZ,蜀道装备,专用机械,24.54,145409.66244,507308.5488
300539.SZ,横河精密,塑料,16.92,91799.717,369642.2724
300538.SZ,同益股份,塑料,13.82,50972.615,169249.6704
300537.SZ,广信材料,染料涂料,19.28,100838.63676,292597.3288
300536.SZ,农尚环境,建筑工程,7.98,47391.31,234026.9862
300535.SZ,达威股份,化工原料,15.68,25145.3051,127260.5201
300534.SZ,陇神戎发,中成药,12.22,386416.087,369116.8312
300533.SZ,冰川网络,互联网,13.72,40571.40523,316892.6236
300532.SZ,今天国际,软件服务,7.27,69842.9914,439530.7578
300531.SZ,优博讯,IT设备,15.32,125360.4495,477383.9156
300530.SZ,领湃科技,电气设备,24.08,400319.98489,414058.9712
300529.SZ,健帆生物,医疗保健,15.0,67408.233,768603.15
300528.SZ,幸福蓝海,影视音像,12.71,91212.6636,473584.8951
300527.SZ,中船应急,专用机械,7.42,144237.88204,754443.6368
300525.SZ,博思软件,软件服务,7.54,51593.088,464007.7546
300523.SZ,辰安科技,软件服务,23.18,120433.49809,539237.2672
300522.SZ,世名科技,染料涂料,16.56,419527.37476,436678.92
300521.SZ,爱司凯,专用机械,23.42,64494.062,345983.66
300520.SZ,科大国创,软件服务,21.61,186801.988,609875.6912
300519.SZ,新光药业,中成药,14.85,45080.696,169438.5
300518.SZ,新迅达,互联网,25.4,133136.3276,506416.31
300517.SZ,海波重科,建筑工程,11.09,53024.369,139992.2861
300516.SZ,久之洋,电器仪表,33.37,175177.7616,840924.0
300515.SZ,三德科技,电器仪表,16.02,79071.67715,323728.6356
300514.SZ,友讯达,电器仪表,10.32,34314.964,165386.5656
300513.SZ,恒实科技,软件服务,7.38,35861.35108,211920.9804
300512.SZ,中亚股份,专用机械,7.37,25950.957,240505.7259
300511.SZ,雪榕生物,种植业,4.8,67674.96603,273454.896
300510.SZ,金冠股份,电气设备,3.46,52524.54825,285342.9822
300509.SZ,新美星,专用机械,8.75,55337.67809,216215.5625
300508.SZ,维宏股份,软件服务,34.76,69781.31,287770.3928
300507.SZ,苏奥传感,汽车配件,6.21,43247.52156,483353.5491
300506.SZ,名家汇,建筑工程,4.82,57994.27495,366800.313
300505.SZ,川金诺,农药化肥,17.99,157690.32815,390921.9804
300504.SZ,天邑股份,通信设备,16.53,128238.621,364025.6436
300503.SZ,昊志机电,机械基件,58.25,426741.68721,1417117.65
300502.SZ,新易盛,通信设备,378.5,14388021.2406,47491292.045
300501.SZ,海顺新材,广告包装,11.48,183515.14083,318251.7744
300500.SZ,启迪设计,建筑工程,9.69,40585.3394,162402.462
300499.SZ,高澜股份,专用机械,29.91,477721.20731,812751.0102
300498.SZ,温氏股份,农业综合,14.87,471045.68256,8841523.56
300497.SZ,富祥股份,化学制药,18.24,950507.77185,832222.9824
300496.SZ,中科创达,软件服务,51.76,341086.37246,1912691.9384
300494.SZ,盛天网络,互联网,7.91,32864.5348,315093.3471
300493.SZ,润欣科技,元器件,12.06,120706.603,617607.4338
300492.SZ,华图山鼎,文教休闲,20.3,57348.72007,558871.18
300491.SZ,通合科技,电气设备,32.17,377873.8998,507022.0407
300490.SZ,华自科技,专用机械,11.02,225882.394,432892.599
300489.SZ,光智科技,专用机械,263.0,4288097.82698,3624729.12
300488.SZ,恒锋工具,机械基件,34.51,150462.06295,559916.8127
300487.SZ,蓝晓科技,化工原料,64.77,217411.11132,1995075.3342
300486.SZ,东杰智能,专用机械,16.96,73059.93121,809001.328
300485.SZ,赛升药业,生物制药,8.38,51503.124,229498.3672
300484.SZ,蓝海华腾,电气设备,12.79,33048.117,219701.1203
300483.SZ,首华燃气,石油开采,24.5,455373.38576,942102.665
300482.SZ,万孚生物,医疗保健,16.68,173632.22404,716011.8516
300481.SZ,濮阳惠成,化工原料,13.35,93176.8414,387219.8205
300480.SZ,光力科技,专用机械,28.93,325615.013,749282.0819
300479.SZ,神思电子,软件服务,14.54,41708.6885,286333.8936
300478.SZ,杭州高新,塑料,32.3,239719.14908,409153.79
300477.SZ,ST合纵,电气设备,2.77,68717.15068,275763.3889
300476.SZ,胜宏科技,元器件,206.23,4621785.9015,17842914.4227
300475.SZ,香农芯创,元器件,144.98,2436880.16825,6502310.9558
300474.SZ,景嘉微,元器件,49.1,305154.63848,1995815.327
300473.SZ,德尔股份,汽车配件,36.85,397295.59853,564295.0976
300472.SZ,ST新元,专用机械,6.76,12649.079,173561.7156
300471.SZ,厚普股份,专用机械,10.11,80188.28912,378886.404
300470.SZ,中密控股,机械基件,27.25,24410.167,537737.0575
300469.SZ,信息发展,软件服务,50.67,346995.61258,1257200.2251
300468.SZ,四方精创,软件服务,19.9,339877.12601,1054702.587
300467.SZ,迅游科技,互联网,32.17,77339.60356,537625.6834
300466.SZ,赛摩智能,电器仪表,7.2,38718.659,331589.376
300465.SZ,高伟达,软件服务,10.84,61441.033,481024.3496
300464.SZ,星徽股份,机械基件,9.53,231086.508,338450.9931
300463.SZ,迈克生物,医疗保健,9.42,54066.2841,463086.1638
300462.SZ,ST华铭,IT设备,11.66,24558.418,160947.644
300461.SZ,田中精机,专用机械,37.51,490383.9564,542812.0863
300460.SZ,ST惠伦,元器件,8.75,28945.833,245703.7625
300459.SZ,汤姆猫,互联网,3.41,188771.5608,1120437.681
300458.SZ,全志科技,半导体,30.18,1012472.91314,2457109.227
300457.SZ,赢合科技,专用机械,21.9,535593.28374,1409598.318
300456.SZ,赛微电子,半导体,33.06,1007017.50477,1975542.6168
300455.SZ,航天智装,IT设备,16.43,130488.60742,1161132.4164
300454.SZ,深信服,软件服务,127.9,1819564.44656,3683537.906
300453.SZ,三鑫医疗,医疗保健,9.05,38834.9142,330160.6574
300452.SZ,山河药辅,化学制药,13.39,66284.7202,265965.1683
300451.SZ,创业慧康,软件服务,3.44,64287.514,526713.3296
300450.SZ,先导智能,专用机械,37.59,5276339.65533,5861836.8501
300449.SZ,汉邦高科,IT设备,6.42,151114.92199,247835.112
300448.SZ,浩云科技,软件服务,5.31,74459.50277,339318.0801
300447.SZ,全信股份,电气设备,13.86,77366.37585,279213.5808
300446.SZ,航天智造,汽车配件,12.37,59340.27724,1034519.181
300445.SZ,康斯特,电器仪表,18.01,43307.3846,251337.6545
300444.SZ,双杰电气,电气设备,8.5,110678.31675,533325.445
300443.SZ,金雷股份,电气设备,21.52,278555.17389,521013.8336
300442.SZ,润泽科技,软件服务,62.43,1063129.06982,10214973.9012
300441.SZ,鲍斯股份,机床制造,7.07,23865.37635,444716.5037
300440.SZ,运达科技,软件服务,16.35,78015.642,719320.9723
300439.SZ,美康生物,医疗保健,10.17,44436.304,297301.7457
300438.SZ,鹏辉能源,电气设备,49.38,1458848.63542,1995762.8196
300437.SZ,清水源,化工原料,10.82,42712.5286,187998.1492
300436.SZ,广生堂,化学制药,79.98,229110.5331,1093514.553
300435.SZ,中泰股份,供气供热,15.89,106560.234,586141.7394
300434.SZ,金石亚药,化学制药,12.41,373412.87748,426113.7312
300433.SZ,蓝思科技,元器件,30.04,2320730.4863,14875321.352
300432.SZ,富临精工,汽车配件,13.04,453897.14145,2206964.4496
300430.SZ,*ST益通,电器仪表,4.08,35311.789,106020.5136
300429.SZ,强力新材,化工原料,10.24,158378.20944,427833.0563
300428.SZ,立中集团,汽车配件,18.84,78735.116,1136484.5664
300427.SZ,红相股份,电气设备,6.05,174591.632,304317.9645
300426.SZ,华智数媒,影视音像,7.79,276424.1177,311600.0
300425.SZ,中建环能,环境保护,4.08,25056.228,277741.2672
300424.SZ,航新科技,航空,12.59,99071.37382,322908.32
300423.SZ,昇辉科技,电气设备,5.48,41920.103,182685.7736
300422.SZ,博世科,环境保护,4.09,31394.888,211348.0506
300421.SZ,力星股份,机械基件,16.08,73420.56386,375311.8632
300420.SZ,五洋自控,机械基件,6.96,336884.3835,776929.5576
300419.SZ,ST浩丰,软件服务,7.71,36521.8233,283538.1798
300418.SZ,昆仑万维,互联网,38.36,1414127.81147,4505219.7372
300417.SZ,南华仪器,电器仪表,11.95,42900.97145,104819.3055
300416.SZ,苏试试验,电器仪表,13.31,118160.29601,672321.5081
300415.SZ,伊之密,专用机械,18.75,51768.29068,852050.8125
300414.SZ,中光防雷,通信设备,10.46,50569.17304,330192.1798
300413.SZ,芒果超媒,影视音像,19.17,1679083.48799,1958598.9
300412.SZ,迦南科技,医疗保健,4.53,39049.8311,211941.3048
300411.SZ,金盾股份,专用机械,8.22,51617.105,254092.941
300410.SZ,正业科技,专用机械,8.45,147493.148,310212.006
300409.SZ,道氏技术,电气设备,17.37,431363.83565,1209310.3431
300408.SZ,三环集团,元器件,116.3,4841699.40546,21745846.106
300407.SZ,凯发电气,电气设备,10.89,61720.302,278536.2525
300406.SZ,九强生物,医疗保健,11.94,71577.04708,506594.1408
300405.SZ,科隆股份,化工原料,5.88,44472.084,128668.1592
300404.SZ,博济医药,医疗保健,13.92,663892.44685,397437.7152
300403.SZ,汉宇集团,家用电器,8.5,51476.843,372436.68
300402.SZ,宝色股份,专用机械,14.56,28116.874,354708.536
300401.SZ,花园生物,化学制药,15.17,682153.34433,813158.1168
300400.SZ,劲拓股份,专用机械,30.68,281673.8116,744013.01
300399.SZ,天利科技,互联网,18.67,51531.191,368883.1669
300398.SZ,飞凯材料,化工原料,31.72,845195.51906,1799206.9316
300397.SZ,天和防务,通信设备,10.45,231733.97298,426530.126
300396.SZ,ST迪瑞,医疗保健,7.05,11735.52,191974.884
300395.SZ,菲利华,玻璃,90.44,1701498.08788,4633027.7616
300394.SZ,天孚通信,通信设备,235.07,9884919.33864,25584736.716
300393.SZ,中来股份,塑料,5.73,84615.8453,540926.325
300390.SZ,天华新能,电气设备,50.47,1617199.46689,3590897.0958
300389.SZ,艾比森,元器件,12.61,46621.688,346167.3241
300388.SZ,节能国祯,环境保护,6.73,24639.96861,458341.4006
300387.SZ,富邦科技,农药化肥,7.43,24055.386,214694.7538
300386.SZ,飞天诚信,IT设备,10.6,31203.178,272640.162
300385.SZ,ST雪浪,环境保护,12.5,38381.9249,376540.625
300384.SZ,三联虹普,建筑工程,11.76,21561.02124,259168.9968
300383.SZ,光环新网,软件服务,10.27,386588.47691,1843578.6889
300382.SZ,斯莱克,专用机械,13.21,376693.67551,856454.7622
300381.SZ,溢多利,化学制药,5.61,48198.513,268412.2452
300380.SZ,安硕信息,软件服务,26.74,39317.689,339885.5486
300378.SZ,鼎捷数智,软件服务,34.88,541778.87015,940066.0075
300377.SZ,赢时胜,软件服务,12.8,185269.92691,897338.624
300376.SZ,易事特,电气设备,4.11,55629.682,956562.3864
300375.SZ,鹏翎股份,汽车配件,4.05,28219.319,215714.4732
300374.SZ,中铁装配,其他建材,10.18,43279.2272,250309.3012
300373.SZ,扬杰科技,半导体,81.0,727913.58385,4391361.54
300371.SZ,汇中股份,电器仪表,10.09,20438.88848,141255.6613
300370.SZ,安控科技,电器仪表,2.07,56535.2964,323225.5527
300369.SZ,绿盟科技,软件服务,8.69,559962.83437,702200.5771
300368.SZ,汇金股份,IT设备,8.89,209638.967,470230.7715
300366.SZ,ST创意,软件服务,5.41,28643.703,273298.2684
300365.SZ,恒华科技,软件服务,4.48,38792.866,229252.6208
300364.SZ,中文在线,出版业,20.39,1453543.47351,1347953.7423
300363.SZ,博腾股份,化学制药,23.49,389684.12714,1169523.4086
300360.SZ,炬华科技,电器仪表,11.13,32579.10634,556843.8057
300359.SZ,全通教育,文教休闲,4.06,50263.003,257120.4902
300358.SZ,楚天科技,医疗保健,9.39,352621.45942,661867.1082
300357.SZ,我武生物,生物制药,19.78,154778.80511,960149.2876
300355.SZ,蒙草生态,环境保护,2.74,33926.87842,430742.0562
300354.SZ,东华测试,电器仪表,26.91,27393.046,224527.8906
300353.SZ,东土科技,通信设备,15.85,158897.51242,856788.234
300352.SZ,ST信源,软件服务,2.82,59601.83487,360650.4768
300351.SZ,永贵电器,运输设备,13.31,60209.40263,350607.6277
300350.SZ,华鹏飞,仓储物流,4.93,147291.98434,227681.7463
300349.SZ,金卡智能,电器仪表,9.96,51419.4154,368258.9484
300348.SZ,长亮科技,软件服务,9.02,86706.87518,658867.8844
300347.SZ,泰格医药,医疗保健,55.47,699578.78615,3140828.9964
300346.SZ,南大光电,半导体,47.59,895468.38458,3150438.4881
300345.SZ,华民股份,电气设备,6.31,187038.286,303349.2753
300343.SZ,联创股份,化工原料,5.18,50001.18594,552003.1776
300342.SZ,天银机电,家用电器,30.06,446109.63557,1263593.142
300341.SZ,麦克奥迪,电气设备,12.54,51911.495,646824.3606
300340.SZ,科恒股份,电气设备,9.25,187068.60311,252937.735
300339.SZ,润和软件,软件服务,34.3,541565.21148,2667465.381
300338.SZ,*ST开元,文教休闲,2.48,28963.087,86784.9216
300337.SZ,银邦股份,铝,8.87,98416.25001,631022.986
300335.SZ,迪森股份,供气供热,5.62,57822.29146,215898.2572
300334.SZ,津膜科技,专用机械,8.39,60754.094,253403.0022
300333.SZ,兆日科技,IT设备,11.21,158123.89812,375288.4921
300332.SZ,天壕能源,供气供热,5.02,184313.71367,407868.8706
300331.SZ,苏大维格,元器件,40.88,357415.42975,908070.7104
300329.SZ,海伦钢琴,文教休闲,11.41,24334.2917,287494.5752
300328.SZ,宜安科技,小金属,11.68,214321.38197,803452.7168
300327.SZ,中颖电子,半导体,23.78,204017.11179,805690.8934
300326.SZ,ST凯利,医疗保健,6.13,25208.847,439347.8888
300324.SZ,旋极信息,软件服务,3.6,198699.67244,615593.988
300323.SZ,华灿光电,半导体,9.96,583580.20768,887602.4316
300322.SZ,硕贝德,元器件,15.61,247454.97091,687512.4788
300321.SZ,同大股份,塑料,30.96,204246.307,274683.0024
300320.SZ,海达股份,橡胶,8.25,34565.543,401394.345
300319.SZ,麦捷科技,元器件,17.56,1055190.25669,1494830.4712
300318.SZ,博晖创新,医疗保健,5.17,45470.655,412844.9215
300317.SZ,珈伟新能,电气设备,4.07,137023.481,337367.7538
300316.SZ,晶盛机电,专用机械,35.29,457977.66898,4346159.0066
300315.SZ,掌趣科技,互联网,3.82,221423.19964,1034295.8656
300314.SZ,戴维医疗,医疗保健,12.72,96698.231,182839.0608
300313.SZ,天山生物,农业综合,12.21,214116.56,240967.7688
300311.SZ,任子行,软件服务,5.92,290640.412,318146.1872
300310.SZ,宜通世纪,通信设备,4.18,48925.25,337155.4142
300308.SZ,中际旭创,通信设备,783.0,21291312.8894,86908067.1
300307.SZ,慈星股份,纺织机械,6.81,64493.59307,536392.1697
300306.SZ,远方信息,电器仪表,10.29,22392.102,162222.9819
300305.SZ,裕兴股份,塑料,6.47,120111.539,207994.9073
300304.SZ,云意电气,汽车配件,12.21,337966.02871,1040956.1019
300303.SZ,聚飞光电,半导体,6.24,186540.7359,829075.5408
300302.SZ,同有科技,IT设备,24.97,288829.22303,927849.9923
300301.SZ,ST长方,半导体,4.16,106166.49636,328588.7072
300300.SZ,海峡创新,软件服务,10.45,1359222.87255,696816.032
300299.SZ,富春股份,互联网,5.22,65492.5268,359895.4056
300298.SZ,三诺生物,医疗保健,16.0,69429.40147,716801.76
300296.SZ,利亚德,元器件,4.61,190678.70588,1069979.4432
300295.SZ,*ST三六五,互联网,11.81,31690.27,198029.3714
300294.SZ,博雅生物,生物制药,14.66,85624.85594,739228.5942
300293.SZ,蓝英装备,专用机械,13.55,34625.95576,458583.6255
300292.SZ,吴通控股,互联网,4.28,108705.83876,478499.8484
300291.SZ,百纳千成,影视音像,4.84,220355.42892,450487.1624
300290.SZ,ST荣科,软件服务,6.51,145519.84,416372.8947
300289.SZ,利德曼,医疗保健,6.03,58994.567,327523.3695
300288.SZ,朗玛信息,软件服务,9.45,31151.294,243655.6815
300287.SZ,飞利信,软件服务,3.44,67081.0,455068.0368
300286.SZ,安科瑞,电器仪表,18.55,55328.483,385419.4715
300285.SZ,国瓷材料,陶瓷,60.2,3639744.41316,5135499.46
300284.SZ,苏交科,建筑工程,5.11,51686.248,612321.9487
300283.SZ,温州宏丰,电气设备,12.43,415238.16364,472176.5455
300281.SZ,金明精机,专用机械,6.87,52444.8611,272962.8933
300279.SZ,和晶科技,元器件,5.6,76833.883,272909.28
300278.SZ,华昌达,专用机械,3.41,51881.15046,480620.8132
300277.SZ,汽轮科技,机械基件,12.95,303702.28515,991255.5485
300276.SZ,三丰智能,专用机械,5.94,136594.50686,716052.9222
300275.SZ,梅安森,工程机械,8.81,35178.9078,239157.5815
300274.SZ,阳光电源,电气设备,80.49,2903107.68576,12777463.1253
300272.SZ,开能健康,家用电器,6.02,57251.49486,279612.153
300271.SZ,华宇软件,软件服务,5.61,57390.7472,451179.4815
300270.SZ,中威电子,IT设备,10.13,70102.279,260150.2521
300269.SZ,联建光电,元器件,4.48,141247.39,235489.0944
300268.SZ,佳沃食品,农业综合,11.72,27177.6363,156705.19
300267.SZ,尔康制药,化学制药,3.23,98267.63436,459428.1263
300266.SZ,兴源环境,环境保护,1.86,25327.107,288867.6534
300265.SZ,通光线缆,电气设备,11.89,226639.64056,555621.7213
300264.SZ,佳创视讯,软件服务,5.83,58828.382,215968.0358
300263.SZ,隆华科技,专用机械,9.43,242263.31782,907358.0891
300261.SZ,雅本化学,农药化肥,4.85,39052.251,457272.7925
300260.SZ,新莱应材,机械基件,49.82,738903.13412,1431794.417
300259.SZ,新天科技,电器仪表,3.81,94685.55588,439992.8018
300258.SZ,精锻科技,汽车配件,8.75,98470.85314,498655.675
300257.SZ,开山股份,机械基件,16.74,160186.05237,1598318.9622
300256.SZ,星星科技,摩托车,2.55,44078.3137,572065.317
300255.SZ,常山药业,生物制药,21.89,508587.24186,2008836.3251
300254.SZ,仟源医药,化学制药,9.18,115609.842,211606.4358
300253.SZ,卫宁健康,软件服务,6.91,233724.48063,1281543.3874
300252.SZ,金信诺,通信设备,11.15,168207.0668,623007.9225
300251.SZ,光线传媒,影视音像,10.59,351623.8471,2915576.9544
300250.SZ,初灵信息,软件服务,14.35,68165.125,226144.233
300249.SZ,依米康,IT设备,12.09,106483.09024,452298.5064
300248.SZ,新开普,软件服务,8.1,37610.494,329946.453
300247.SZ,融捷健康,医疗保健,3.66,31515.068,294278.7498
300246.SZ,宝莱特,医疗保健,15.27,67505.258,323182.6785
300245.SZ,ST天玑,软件服务,5.69,24576.12,167088.8984
300244.SZ,迪安诊断,医疗保健,19.73,557108.8097,989358.877
300243.SZ,瑞丰高材,化工原料,20.34,626343.99171,454901.8626
300242.SZ,佳云科技,互联网,3.84,46761.414,243669.0816
300241.SZ,瑞丰光电,半导体,5.63,88184.62732,338394.0776
300240.SZ,飞力达,仓储物流,6.23,41456.16898,226359.8855
300239.SZ,东宝生物,生物制药,5.53,71492.5615,326146.681
300238.SZ,冠昊生物,医疗保健,11.69,54336.31822,309941.7629
300237.SZ,ST美晨,汽车配件,2.36,37941.6818,340288.7304
300236.SZ,上海新阳,半导体,80.05,415483.10568,2230986.2955
300235.SZ,方直科技,软件服务,12.03,95087.997,246373.3173
300234.SZ,开尔新材,陶瓷,10.2,179525.49653,350866.74
300233.SZ,金城医药,化学制药,13.5,165666.45243,502526.025
300232.SZ,洲明科技,元器件,5.31,58769.02808,471769.4988
300231.SZ,银信科技,软件服务,8.06,43413.986,358447.3022
300230.SZ,永利股份,塑料,4.32,27005.21,272083.32
300229.SZ,拓尔思,软件服务,12.31,152577.2997,1074700.1762
300228.SZ,富瑞特装,化工机械,6.62,88271.17436,370973.0826
300227.SZ,光韵达,专用机械,9.92,137895.76554,452634.224
300226.SZ,上海钢联,互联网,16.71,130059.69785,614421.5199
300225.SZ,金力泰,染料涂料,8.05,129738.857,380069.3995
300224.SZ,正海磁材,矿物制品,11.41,94419.24763,1057679.2737
300223.SZ,君正股份,半导体,119.74,2775506.95364,5063486.9058
300222.SZ,科大智能,电气设备,9.33,132632.35099,608421.8955
300221.SZ,银禧科技,塑料,12.83,324543.85312,592768.8374
300220.SZ,金运激光,专用机械,11.27,26968.473,170198.7511
300219.SZ,鸿利智汇,元器件,6.52,91958.43621,460735.0828
300218.SZ,安利股份,塑料,12.56,31240.843,271643.1584
300217.SZ,东方电热,家用电器,4.0,40533.408,496565.68
300215.SZ,电科院,电气设备,6.57,117143.36395,492154.8894
300214.SZ,日科化学,化工原料,9.72,130761.654,451885.3272
300213.SZ,佳讯飞鸿,通信设备,6.36,76674.751,351447.8124
300212.SZ,*ST易录,软件服务,7.64,63356.824,537741.1708
300211.SZ,亿通科技,通信设备,7.5,170963.02941,223861.35
300210.SZ,森远股份,专用机械,7.32,105671.56483,354449.04
300209.SZ,行云科技,互联网,33.77,1706721.73698,2508803.3553
300207.SZ,欣旺达,电气设备,21.5,3279540.78904,3684940.3217
300206.SZ,理邦仪器,医疗保健,11.44,43404.675,387106.2624
300205.SZ,*ST天喻,通信设备,4.86,21105.23648,209007.216
300204.SZ,舒泰神,生物制药,20.26,293840.90099,919124.279
300203.SZ,聚光科技,电器仪表,13.07,102992.41116,586017.6622
300201.SZ,海伦哲,工程机械,12.51,237180.01386,1255650.4674
300200.SZ,高盟新材,化工原料,8.08,38410.297,343706.4744
300199.SZ,翰宇药业,化学制药,23.75,1280273.53192,1768707.625
300198.SZ,*ST纳川,塑料,2.34,26651.65644,239729.9112
300197.SZ,节能铁汉,环境保护,1.97,100570.57875,584148.9507
300196.SZ,长海股份,玻璃,16.87,154191.385,416967.6924
300195.SZ,长荣股份,轻工机械,6.13,64331.784,192425.604
300194.SZ,福安药业,化学制药,3.93,120824.301,380572.8291
300193.SZ,佳士科技,专用机械,7.95,30918.161,332434.179
300192.SZ,科德教育,文教休闲,24.23,1010862.88305,1103530.6354
300191.SZ,潜能恒信,石油开采,31.15,306008.02097,689022.425
300190.SZ,维尔利,环境保护,3.73,34084.431,352202.1168
300189.SZ,神农种业,种植业,6.06,841394.79826,537067.7424
300188.SZ,国投智能,软件服务,10.28,88296.82206,879462.8408
300187.SZ,永清环保,环境保护,4.51,35831.894,289712.478
300185.SZ,通裕重工,工程机械,2.83,290121.63127,1088547.9253
300184.SZ,力源信息,元器件,10.68,309287.37184,1120986.8976
300183.SZ,东软载波,通信设备,10.54,82701.6981,391126.5412
300182.SZ,捷成股份,影视音像,5.01,637840.04373,1209716.7042
300181.SZ,佐力药业,中成药,13.12,85374.02439,790477.9257
300180.SZ,华峰超纤,化纤,4.3,79074.62882,738777.539
300179.SZ,四方达,矿物制品,37.41,1142403.6197,1405293.9306
300177.SZ,中海达,通信设备,5.9,44858.776,357718.947
300176.SZ,鸿特科技,汽车配件,4.41,35710.1178,234371.1699
300175.SZ,朗源股份,食品,5.4,28177.291,254232.0
300174.SZ,元力股份,化工原料,16.94,177596.41644,614715.1626
300173.SZ,ST福能,轻工机械,3.36,28311.359,246864.6768
300172.SZ,中电环保,环境保护,4.63,55451.697,242386.2412
300171.SZ,东富龙,医疗保健,15.95,403595.28364,894312.034
300170.SZ,汉得信息,软件服务,14.61,461630.95943,1452634.8984
300169.SZ,天晟新材,塑料,5.45,39125.2958,164446.011
300168.SZ,万达信息,软件服务,4.75,56605.14,683734.2375
300167.SZ,ST迪威迅,软件服务,3.72,14071.397,131719.62
300166.SZ,东方国信,软件服务,11.21,224258.06374,1044098.5032
300165.SZ,天瑞仪器,电器仪表,4.97,54587.59,208992.8736
300164.SZ,通源石油,石油开采,9.31,1065329.92392,542969.0686
300163.SZ,先锋新材,家居用品,7.2,169427.74019,329985.144
300162.SZ,雷曼光电,元器件,9.72,824961.68218,332555.706
300161.SZ,华中数控,机床制造,25.5,46185.05752,498441.36
300160.SZ,秀强股份,家用电器,4.41,19290.66,336467.3445
300159.SZ,新研股份,农用机械,2.74,66221.729,504465.5648
300158.SZ,振东制药,化学制药,5.15,61438.86488,510717.878
300157.SZ,新锦动力,专用机械,3.68,79872.2377,270948.6112
300155.SZ,安居宝,IT设备,4.52,101858.43474,149494.3896
300154.SZ,瑞凌股份,机械基件,13.56,129471.32,427645.6524
300153.SZ,科泰电源,电气设备,22.32,275475.593,710512.7832
300152.SZ,*ST动力,环境保护,1.57,10172.037,111908.1713
300151.SZ,昌红科技,专用机械,19.01,281359.25542,700723.4734
300150.SZ,世纪瑞尔,软件服务,4.13,27596.8786,191492.9016
300149.SZ,睿智医药,生物制药,9.45,245911.73123,455098.1085
300148.SZ,天舟文化,出版业,3.46,68783.684,281665.625
300147.SZ,*ST香雪,中成药,5.46,79518.11632,359062.8132
300146.SZ,汤臣倍健,食品,9.43,73492.64071,1056932.0341
300145.SZ,南方泵业,机械基件,4.46,236918.58548,855318.6854
300144.SZ,宋城演艺,旅游景点,5.53,127017.199,1427623.694
300143.SZ,盈康生命,医疗保健,7.73,57352.55719,643331.1825
300142.SZ,沃森生物,生物制药,14.08,1819092.1229,2220304.2048
300141.SZ,和顺电气,电气设备,10.03,41234.902,255429.7974
300140.SZ,节能环境,环境保护,5.36,40689.396,1659062.5224
300139.SZ,晓程科技,黄金,41.53,480592.94729,970386.6576
300138.SZ,晨光生物,食品,11.4,76732.926,454077.162
300137.SZ,先河环保,环境保护,9.72,147230.6592,513071.5608
300136.SZ,信维通信,元器件,51.62,2142921.73338,4258714.525
300135.SZ,宝利国际,石油加工,3.47,56328.021,319795.2
300134.SZ,大富科技,通信设备,8.03,46339.83483,616300.894
300133.SZ,华策影视,影视音像,7.56,555107.53094,1257984.3024
300132.SZ,诺斯贝尔,化工原料,6.06,39500.711,307897.2678
300131.SZ,英唐智控,元器件,13.0,540889.19537,1381748.94
300130.SZ,新国都,IT设备,17.13,193898.26345,744374.2146
300129.SZ,泰胜风能,电气设备,7.41,192397.1701,532564.2582
300128.SZ,锦富技术,元器件,4.66,112593.71613,604515.0982
300127.SZ,银河磁体,矿物制品,22.98,46355.53928,534572.4798
300126.SZ,锐奇股份,轻工机械,6.59,31027.407,138818.8772
300125.SZ,聆达股份,电气设备,8.38,37377.90876,302316.88
300124.SZ,汇川技术,电器仪表,49.85,2218357.9287,12026030.8475
300123.SZ,ST亚光,半导体,4.18,55568.457,415503.9966
300122.SZ,智飞生物,生物制药,13.59,655540.4471,1922042.191
300121.SZ,阳谷华泰,化工原料,9.62,92153.9374,413090.471
300120.SZ,经纬辉开,元器件,7.32,233941.317,385854.6216
300119.SZ,瑞普生物,农业综合,16.62,58942.122,562636.6938
300118.SZ,东方日升,电气设备,8.71,201447.55626,806998.5716
300115.SZ,长盈精密,元器件,21.48,539806.99355,2915689.2479
300113.SZ,顺网科技,互联网,15.2,237023.07676,773710.856
300112.SZ,万讯自控,电器仪表,9.58,185172.84165,261143.3276
300111.SZ,向日葵,化学制药,2.97,289982.92809,382301.5779
300110.SZ,华仁药业,化学制药,3.15,389418.42257,372148.9065
300109.SZ,新开源,化工原料,12.75,157735.74642,664119.45
300107.SZ,建新股份,化工原料,7.28,186614.46468,253159.8888
300106.SZ,西部牧业,乳制品,10.7,87207.5012,226125.561
300105.SZ,龙源技术,环境保护,6.96,59005.65,358782.1536
300103.SZ,达刚控股,专用机械,8.0,43840.1755,253872.48
300102.SZ,乾照光电,半导体,15.6,269910.117,1428504.012
300101.SZ,振芯科技,通信设备,13.42,99417.04397,759020.8406
300100.SZ,双林股份,汽车配件,20.78,301144.64468,1158677.2836
300099.SZ,尤洛卡,电器仪表,6.06,43559.00489,325925.8284
300098.SZ,高新兴,软件服务,4.1,98313.6729,632114.876
300097.SZ,智云股份,专用机械,9.47,94109.734,249847.3888
300096.SZ,易联众,软件服务,8.41,44548.626,361630.0
300095.SZ,华伍股份,专用机械,8.97,65325.133,284950.1694
300094.SZ,国联水产,渔业,2.89,104662.50042,319493.3726
300093.SZ,金刚光伏,电气设备,19.64,68435.68,547956.0
300092.SZ,科新机电,专用机械,11.45,39280.737,240288.326
300091.SZ,*ST金灵,机械基件,2.36,5600.6275,382820.438
300088.SZ,长信科技,元器件,6.47,630739.00459,1608120.8292
300087.SZ,ST荃银,种植业,5.64,35710.1601,501884.5368
300086.SZ,康芝药业,化学制药,5.36,107150.79268,236205.82
300085.SZ,银之杰,软件服务,27.9,574083.1795,1664812.809
300084.SZ,海默科技,专用机械,10.0,49629.857,471501.5
300083.SZ,创世纪,机床制造,11.21,568767.53957,1673252.3423
300081.SZ,ST恒信,文教休闲,3.21,13185.598,194092.9068
300080.SZ,易成新能,电气设备,3.69,43983.597,691184.0475
300079.SZ,数码视讯,IT设备,4.66,86755.888,602156.9052
300078.SZ,思创智联,软件服务,2.66,46781.93168,296155.6486
300077.SZ,国民技术,半导体,19.14,728299.63812,1067070.5034
300076.SZ,*ST宁视,IT设备,4.1,15399.54,173840.0
300075.SZ,数字政通,软件服务,10.26,108040.02881,538319.9358
300074.SZ,华平股份,软件服务,3.76,51587.15448,206810.152
300073.SZ,当升科技,电气设备,41.28,1538151.1871,2088641.6832
300072.SZ,海新能科,化工原料,3.82,362607.51201,890580.9716
300071.SZ,福石控股,广告包装,3.87,101471.04718,365873.9796
300070.SZ,碧水源,环境保护,3.41,99364.15623,1185912.068
300069.SZ,金利华电,电气设备,25.56,287679.463,299052.0
300068.SZ,ST南都,电气设备,3.93,132477.20905,335229.1572
300067.SZ,安诺其,染料涂料,5.18,201198.82317,485616.5566
300066.SZ,三川智慧,电器仪表,4.53,42848.512,455677.3659
300065.SZ,海兰信,船舶,14.36,357090.20959,942970.5092
300063.SZ,天龙集团,互联网,8.19,137328.5237,513240.1911
300062.SZ,中能电气,电气设备,6.22,112851.6234,285322.7826
300061.SZ,旗天科技,互联网,6.61,176577.02966,403140.595
300059.SZ,东方财富,证券,17.28,3240978.15832,23142007.9296
300058.SZ,蓝色光标,广告包装,12.05,1443113.0433,4190906.0115
300057.SZ,万顺新材,铝,6.14,130304.98498,510219.264
300056.SZ,中创环保,环境保护,7.39,124595.0955,284629.3233
300055.SZ,万邦达,石油加工,5.65,63516.33936,357559.8545
300054.SZ,鼎龙股份,化工原料,62.94,1510917.57622,4686012.0648
300053.SZ,航宇微,半导体,11.53,170880.03672,763535.3939
300052.SZ,中青宝,互联网,10.11,84585.978,264728.7324
300051.SZ,琏升科技,综合类,7.7,80253.232,283242.036
300050.SZ,世纪鼎利,通信设备,6.67,125075.786,363191.1715
300049.SZ,福瑞医科,医疗保健,41.05,714402.99423,958887.771
300048.SZ,合康新能,建筑工程,4.78,35377.007,539806.2604
300047.SZ,天源迪科,软件服务,8.68,104835.25928,503939.7944
300046.SZ,台基股份,半导体,22.93,83145.94604,542366.5002
300045.SZ,华力创通,IT设备,11.83,852744.06838,619345.3357
300044.SZ,*ST赛为,软件服务,5.77,53709.00825,412795.2051
300043.SZ,星辉娱乐,互联网,4.19,63757.51026,521043.0505
300042.SZ,朗科科技,IT设备,33.98,290611.07807,680896.6768
300041.SZ,回天新材,化工原料,10.47,126347.2172,570012.3468
300040.SZ,九洲集团,新型电力,5.75,102091.79344,299206.1375
300039.SZ,上海凯宝,中成药,5.17,101768.06703,473904.2242
300037.SZ,新宙邦,化工原料,66.85,1060286.40472,3655221.2784
300036.SZ,超图软件,软件服务,10.04,50068.161,446832.9108
300035.SZ,中科电气,电气设备,12.8,291231.96387,750893.44
300034.SZ,钢研高纳,航空,15.06,125507.95248,1155186.336
300033.SZ,同花顺,软件服务,191.3,1272615.45868,8386781.387
300032.SZ,金龙机电,元器件,3.67,47279.149,294763.2432
300031.SZ,宝通科技,互联网,19.54,136929.22321,700622.332
300030.SZ,阳普医疗,医疗保健,6.86,44328.382,186748.1336
300027.SZ,ST华谊,影视音像,1.64,44135.01108,420874.348
300026.SZ,红日药业,中成药,3.23,146038.231,969428.1042
300025.SZ,华星创业,通信设备,5.8,68024.492,293991.386
300024.SZ,机器人,专用机械,12.78,155511.78421,2000293.2666
300022.SZ,吉峰科技,农用机械,7.73,40818.099,382036.698
300021.SZ,大禹节水,建筑工程,3.77,50499.35632,329208.9164
300020.SZ,ST银江,软件服务,3.63,44920.7488,278344.2981
300019.SZ,硅宝科技,化工原料,13.73,29728.53982,506181.164
300018.SZ,中元股份,电气设备,11.96,207945.25629,434494.84
300017.SZ,网宿科技,软件服务,13.84,1500067.29457,3275193.9306
300016.SZ,北陆药业,化学制药,9.18,386575.508,516094.4592
300015.SZ,爱尔眼科,医疗保健,7.86,415168.42091,6254903.3541
300014.SZ,亿纬锂能,电气设备,50.48,2140254.52031,10666333.6408
300013.SZ,新宁物流,仓储物流,4.13,68837.4325,230339.7642
300012.SZ,华测检测,电器仪表,14.2,459504.86686,2033363.178
300011.SZ,鼎汉技术,运输设备,5.78,22901.79508,294586.7168
300010.SZ,ST豆神,软件服务,5.02,442023.394,821660.7488
300009.SZ,安科生物,生物制药,8.38,293644.98141,1031477.1048
300008.SZ,天海防务,船舶,6.15,305214.42148,1062475.599
300007.SZ,汉威科技,电器仪表,28.7,191959.60757,811520.052
300006.SZ,莱美药业,化学制药,5.37,193961.43859,566975.8233
300005.SZ,探路者,服饰,10.38,334673.93802,909858.1734
300004.SZ,南风股份,电气设备,7.53,71888.95149,361435.1808
300003.SZ,乐普医疗,医疗保健,11.46,182438.95581,1809433.2666
300002.SZ,神州泰岳,互联网,7.55,258164.55259,1397542.0705
300001.SZ,特锐德,电气设备,33.5,400932.01188,3454432.0558
003816.SZ,中国广核,新型电力,4.41,666939.408,17346822.759
003043.SZ,华亚智能,半导体,61.46,350957.244,577829.7112
003042.SZ,中农联合,农药化肥,14.24,40920.978,201503.12
003041.SZ,真爱美家,纺织,38.36,72425.105,524828.8612
003040.SZ,楚天龙,通信设备,14.53,504238.68055,663803.4859
003039.SZ,顺控发展,水务,12.73,78786.06514,786101.3051
003038.SZ,鑫铂股份,铝,10.63,27930.46018,172239.3229
003037.SZ,三和管桩,水泥,5.81,15208.283,348062.4007
003036.SZ,泰坦股份,纺织机械,42.95,275497.55017,930300.8655
003035.SZ,南网能源,新型电力,5.31,131535.01106,2011363.6428
003033.SZ,征和工业,汽车配件,82.22,137236.322,665742.7398
003032.SZ,传智教育,文教休闲,8.61,221625.1287,244938.6576
003031.SZ,中瓷电子,元器件,110.64,1014512.03015,4990449.2856
003030.SZ,祖名股份,食品,25.47,133170.614,207780.1848
003029.SZ,吉大正元,软件服务,17.0,58496.29,298491.1
003028.SZ,振邦智能,元器件,23.17,17632.424,163797.0712
003027.SZ,同兴科技,环境保护,16.82,28096.515,172929.4476
003026.SZ,中晶科技,半导体,30.85,376448.30608,444736.3765
003025.SZ,思进智能,机床制造,11.97,28325.9544,271019.8323
003023.SZ,彩虹集团,家用电器,25.87,48007.451,271946.2161
003022.SZ,联泓新科,化工原料,18.46,124936.9036,2463361.1028
003021.SZ,兆威机电,元器件,65.81,214026.7343,1367646.3094
003020.SZ,立方制药,化学制药,16.96,52020.8794,285857.9168
003019.SZ,宸展光电,元器件,25.62,73115.22572,443041.7922
003018.SZ,金富科技,塑料,43.24,340699.25711,1230228.1584
003017.SZ,大洋生物,化工原料,22.78,44602.863,190169.9458
003016.SZ,欣贺股份,服饰,7.5,28026.37,308162.1
003015.SZ,日久光电,元器件,11.87,45373.239,293239.8036
003013.SZ,地铁设计,建筑工程,17.35,342562.92394,715454.1425
003012.SZ,东鹏控股,陶瓷,4.67,43975.482,529851.662
003011.SZ,海象新材,家居用品,19.78,46618.1254,154459.2508
003010.SZ,若羽臣,互联网,26.78,107782.8646,605608.8116
003009.SZ,中天火箭,航空,43.81,124604.86681,721495.0613
003008.SZ,开普检测,电气设备,19.76,25884.11187,158514.9176
003007.SZ,直真科技,软件服务,38.77,47913.427,281422.5129
003006.SZ,百亚股份,造纸,22.2,1231159.95619,951432.06
003005.SZ,竞业达,软件服务,14.78,95395.7986,198339.7666
003004.SZ,声迅股份,IT设备,57.93,76728.894,398227.3474
003003.SZ,天元股份,广告包装,11.26,36658.693,132914.6164
003002.SZ,壶化股份,化工原料,15.54,54787.24172,284313.4686
003001.SZ,中岩大地,建筑工程,19.69,229433.4084,225157.119
003000.SZ,劲仔食品,食品,9.66,37871.70138,287830.6158
002999.SZ,天禾股份,批发业,6.34,60683.21666,218546.9008
002998.SZ,优彩资源,化纤,8.03,82181.005,217209.2869
002997.SZ,瑞鹄模具,汽车配件,26.01,42246.6043,544444.7013
002996.SZ,顺博合金,铝,5.97,23691.359,273651.3675
002995.SZ,天地在线,互联网,16.55,79340.718,201402.908
002993.SZ,奥海科技,元器件,31.62,169278.64661,753969.0978
002992.SZ,宝明科技,元器件,32.12,39270.7915,508255.3168
002991.SZ,甘源食品,食品,38.54,36397.27998,192444.4798
002990.SZ,盛视科技,软件服务,52.37,644979.25827,722803.4082
002989.SZ,中天精装,装修装饰,21.49,143792.423,425148.0425
002988.SZ,豪美新材,铝,31.95,189772.0118,798125.3775
002987.SZ,京北方,软件服务,10.28,61845.22626,1042315.2084
002986.SZ,宇新股份,化工原料,12.75,47062.77348,384842.685
002985.SZ,北摩高科,航空,26.26,77698.803,869263.5094
002984.SZ,森麒麟,汽车配件,12.92,73662.60258,922384.8984
002983.SZ,芯瑞达,元器件,21.18,34448.2991,273931.9536
002982.SZ,湘佳股份,农业综合,12.68,28856.93748,164955.6416
002981.SZ,朝阳科技,元器件,21.97,98914.1684,267120.2699
002980.SZ,华盛昌,电器仪表,104.96,813524.6536,1063106.2528
002979.SZ,雷赛智能,专用机械,50.53,262415.29457,1132258.0492
002978.SZ,安宁股份,小金属,25.37,60878.79207,936862.3452
002977.SZ,*ST天箭,通信设备,18.66,18172.1218,124474.5156
002976.SZ,瑞玛精密,汽车配件,20.6,112988.9342,250762.564
002975.SZ,博杰股份,专用机械,98.02,1012090.71419,1355254.9062
002973.SZ,侨银股份,环境保护,12.46,178694.63,395795.7626
002972.SZ,科安达,运输设备,13.77,175538.3138,190698.8022
002971.SZ,和远气体,化工原料,37.93,405213.31238,610690.0685
002970.SZ,锐明技术,IT设备,39.98,237038.98548,525917.9455
002969.SZ,嘉美包装,广告包装,10.48,179662.53784,1145184.9176
002968.SZ,新大正,房产服务,9.91,66422.58732,211222.0373
002967.SZ,广电计量,电器仪表,17.08,75721.207,1035763.4812
002966.SZ,苏州银行,银行,9.4,339359.99085,4132016.7669
002965.SZ,祥鑫科技,汽车配件,27.93,269989.94636,664573.9611
002963.SZ,豪尔赛,装修装饰,20.11,154783.982,300323.3433
002962.SZ,五方光电,元器件,16.69,971753.28629,349181.0033
002961.SZ,瑞达期货,多元金融,13.0,102676.43468,917615.66
002960.SZ,青鸟智控,专用机械,8.73,62923.31184,845455.977
002959.SZ,小熊电器,家用电器,37.5,217503.30835,524229.0
002958.SZ,青农商行,银行,2.95,156474.2855,1604734.746
002957.SZ,科瑞技术,专用机械,33.57,654666.68966,1406121.4125
002956.SZ,西麦食品,食品,17.95,79327.0098,560956.886
002955.SZ,鸿合科技,IT设备,33.76,173700.57992,694296.344
002953.SZ,日丰股份,电气设备,9.88,43748.94299,277913.3344
002952.SZ,亚世光电,元器件,18.76,45445.205,251524.1372
002951.SZ,金时科技,广告包装,17.17,104156.942,688726.3023
002950.SZ,奥美医疗,医疗保健,8.7,88212.081,373774.011
002949.SZ,华阳国际,建筑工程,12.89,64683.189,195832.0984
002948.SZ,青岛银行,银行,6.27,289725.98186,2208416.1396
002947.SZ,恒铭达,元器件,54.2,318650.63161,1074806.054
002946.SZ,新乳业,乳制品,14.83,71394.856,1261610.0484
002945.SZ,华林证券,证券,13.66,136022.00312,3688200.0
002943.SZ,宇晶股份,机床制造,28.25,350083.44254,533507.465
002942.SZ,新农股份,农药化肥,17.32,140894.1284,240329.0292
002941.SZ,新疆交建,建筑工程,10.45,63250.1046,762590.004
002940.SZ,昂利康,化学制药,23.89,357160.27666,441175.1966
002939.SZ,长城证券,证券,7.55,140408.78088,2720007.998
002938.SZ,鹏鼎控股,元器件,78.0,1616483.27945,18024445.14
002937.SZ,兴瑞科技,元器件,24.56,258475.13929,774093.6232
002936.SZ,郑州银行,银行,1.73,131419.4698,1219430.9993
002935.SZ,天奥电子,航空,17.56,137369.31192,728899.6204
002933.SZ,新兴装备,航空,26.79,30412.225,313159.8297
002932.SZ,*ST明德,医疗保健,15.26,11160.46958,238200.97
002931.SZ,锋龙股份,机械基件,37.46,268273.3502,758849.3214
002930.SZ,宏川智慧,仓储物流,9.05,40602.39651,392243.29
002929.SZ,润建股份,通信设备,44.47,217554.76568,963085.9006
002928.SZ,华夏航空,空运,6.15,143050.58331,786114.648
002927.SZ,泰永长征,电气设备,19.6,304460.77908,432646.088
002926.SZ,华西证券,证券,8.11,91498.45486,2128875.0
002925.SZ,盈趣科技,元器件,21.43,249538.12,1566680.6527
002923.SZ,润都股份,化学制药,11.5,473545.35315,296773.715
002922.SZ,伊戈尔,电气设备,21.08,178466.32429,805519.2892
002921.SZ,联诚精密,汽车配件,19.08,80221.885,245666.6388
002920.SZ,德赛西威,汽车配件,78.07,341244.72804,4657826.3926
002919.SZ,名臣健康,互联网,16.5,126384.99917,435943.53
002918.SZ,蒙娜丽莎,陶瓷,10.65,127706.457,228128.325
002917.SZ,金奥博,化工原料,9.98,23571.89,260025.6066
002916.SZ,深南电路,元器件,368.02,3402905.41784,24474110.2024
002915.SZ,中欣氟材,化工原料,16.3,59707.60748,490620.709
002913.SZ,奥士康,元器件,90.77,1224430.48854,2772469.1131
002912.SZ,中新赛克,IT设备,25.95,635606.72775,420968.166
002911.SZ,佛燃能源,供气供热,11.73,126420.82054,1498137.4185
002910.SZ,庄园牧场,乳制品,10.31,77317.662,176352.2407
002909.SZ,集泰股份,化工原料,6.68,380106.88154,254125.5032
002908.SZ,德生科技,软件服务,7.15,45597.72074,232552.3915
002907.SZ,华森制药,中成药,14.51,207159.816,491955.3107
002906.SZ,华阳集团,汽车配件,25.65,169000.22332,1345858.8345
002905.SZ,金逸影视,影视音像,8.72,33218.379,304711.68
002903.SZ,宇环数控,机床制造,27.06,123412.254,291073.3254
002902.SZ,铭普光磁,通信设备,24.35,351417.10978,454056.398
002901.SZ,大博医疗,医疗保健,39.6,52313.27486,1142112.312
002900.SZ,哈三联,化学制药,12.79,211420.696,253169.3528
002899.SZ,英派斯,文教休闲,19.85,92189.96718,293377.045
002897.SZ,意华股份,元器件,55.14,512338.63625,1016551.1148
002896.SZ,中大力德,机械基件,57.59,293432.82289,1131774.2293
002895.SZ,川恒股份,化工原料,30.23,104731.27833,1811831.1201
002893.SZ,京能热力,供气供热,10.6,152384.331,214945.316
002892.SZ,科力尔,电气设备,8.34,55293.71998,417937.3326
002891.SZ,中宠股份,饲料,27.79,104306.32344,894553.7083
002890.SZ,弘宇股份,农用机械,14.56,60244.50056,235110.0752
002889.SZ,东方嘉盛,仓储物流,11.92,17954.70139,299531.2432
002888.SZ,惠威科技,元器件,18.26,40212.75326,136809.398
002887.SZ,绿茵生态,环境保护,8.68,53625.527,188556.7684
002886.SZ,沃特股份,塑料,23.05,298135.22006,481925.251
002885.SZ,京泉华,元器件,25.11,316401.99706,597626.7885
002884.SZ,凌霄泵业,机械基件,15.36,19941.2405,418802.0736
002883.SZ,*ST中设,建筑工程,9.09,2901.578,139971.456
002882.SZ,金龙羽,电气设备,26.95,921408.94839,665638.05
002881.SZ,美格智能,元器件,38.17,399034.3672,700871.2801
002880.SZ,卫光生物,生物制药,21.8,59564.481,494424.0
002879.SZ,长缆科技,电气设备,16.36,150366.8242,224359.4384
002878.SZ,元隆雅图,广告包装,12.51,39363.17102,295150.0563
002877.SZ,智能自控,机械基件,7.42,20848.014,178461.9074
002876.SZ,三利谱,元器件,30.17,89823.248,449356.5055
002875.SZ,安奈儿,服饰,12.69,44074.56074,269549.0514
002873.SZ,新天药业,中成药,8.47,41208.03235,203017.8535
002872.SZ,ST天圣,医药商业,6.12,25701.974,131529.8772
002871.SZ,伟隆股份,机械基件,16.71,34022.54311,248046.2478
002870.SZ,香山股份,汽车配件,42.54,157159.326,551882.4804
002869.SZ,金溢科技,通信设备,19.14,167174.63334,303283.4442
002868.SZ,绿康生化,农业综合,22.11,43311.757,237534.8052
002867.SZ,周大生,服饰,10.19,52531.79048,1099645.4942
002866.SZ,传艺科技,IT设备,18.59,671544.94017,341626.3851
002865.SZ,钧达股份,电气设备,35.71,215004.62884,817121.5765
002864.SZ,盘龙药业,中成药,20.78,33878.44234,204884.0008
002863.SZ,今飞凯达,汽车配件,4.76,42100.99005,285354.1936
002862.SZ,实丰文化,文教休闲,14.33,53310.359,184250.4111
002861.SZ,瀛通通讯,元器件,13.55,65432.171,192415.691
002859.SZ,洁美科技,元器件,56.01,620854.00672,2398993.4352
002858.SZ,力盛体育,文教休闲,11.71,43458.209,172595.6807
002857.SZ,三晖电气,电器仪表,17.42,25252.065,223995.4184
002856.SZ,*ST美芝,装修装饰,19.45,138115.116,240994.058
002855.SZ,捷荣技术,元器件,12.25,78486.072,301628.32
002853.SZ,皮阿诺,家居用品,20.44,38447.388,263072.6112
002852.SZ,道道全,食品,8.62,86322.74255,246375.7194
002851.SZ,麦格米特,电气设备,107.25,2869862.99567,5273365.5975
002850.SZ,科达利,电气设备,153.9,443655.56875,3226681.251
002849.SZ,威星智能,电器仪表,20.43,504148.5334,446786.3259
002848.SZ,高斯贝尔,家用电器,14.67,150974.364,242672.4603
002847.SZ,盐津铺子,食品,44.29,109722.65586,1079681.2466
002846.SZ,英联股份,广告包装,11.93,418202.24138,323770.4174
002845.SZ,同兴达,元器件,13.18,83022.83632,329809.2028
002843.SZ,泰嘉股份,钢加工,14.47,198789.25945,362376.4063
002842.SZ,翔鹭钨业,小金属,30.29,317449.45088,813171.7009
002841.SZ,视源股份,元器件,44.47,296435.2926,2318422.9938
002840.SZ,华统股份,食品,7.91,88348.907,630014.7308
002839.SZ,张家港行,银行,4.33,139794.9684,1057421.8957
002838.SZ,道恩股份,塑料,24.25,147819.72014,1020050.545
002837.SZ,英维克,专用机械,51.93,1145378.50882,5893732.764
002836.SZ,新宏泽,广告包装,11.68,103499.84366,269107.2
002835.SZ,同为股份,IT设备,13.02,27076.638,165944.9778
002833.SZ,弘亚数控,专用机械,19.45,156636.64647,570014.537
002832.SZ,比音勒芬,服饰,26.68,202572.64059,1032348.9832
002831.SZ,裕同科技,广告包装,26.4,196047.56645,1885546.08
002830.SZ,名雕股份,装修装饰,14.95,37596.2452,138787.5775
002829.SZ,星网宇达,航空,18.96,76776.47456,285677.5248
002828.SZ,贝肯能源,石油开采,10.92,67430.7885,219478.4592
002827.SZ,高争民爆,化工原料,55.85,976113.428,1541453.8565
002826.SZ,易明医药,化学制药,17.39,53062.481,321244.2527
002825.SZ,纳尔股份,化工原料,9.31,39305.48827,240020.9238
002824.SZ,和胜股份,铝,22.9,274184.09452,517943.269
002823.SZ,凯中精密,机械基件,12.69,31028.67927,283037.3793
002822.SZ,ST中装,装修装饰,2.91,20303.87857,311063.4315
002821.SZ,凯莱英,生物制药,180.68,1399274.65511,5725319.3261
002820.SZ,桂发祥,食品,9.95,63146.3907,199863.9585
002819.SZ,东方中科,电器仪表,22.68,251100.55212,535698.198
002818.SZ,富森美,其他商业,11.41,79347.64345,340425.5652
002817.SZ,黄山胶囊,化学制药,6.82,31209.48872,198026.7476
002816.SZ,*ST和科,专用机械,21.35,20427.94734,213500.0
002815.SZ,崇达技术,元器件,22.51,1399341.43857,1749337.638
002812.SZ,恩捷股份,电气设备,45.84,1007473.63781,3756830.4936
002811.SZ,郑中设计,装修装饰,16.73,221556.31433,473564.9009
002810.SZ,山东赫达,化工原料,20.29,54775.344,655525.8707
002809.SZ,红墙股份,化工原料,8.5,35952.38766,144474.755
002807.SZ,江阴银行,银行,4.24,181633.2991,1146286.7136
002806.SZ,华锋股份,汽车配件,14.67,83336.13495,244624.7439
002805.SZ,丰元股份,电气设备,17.67,424878.10218,492668.0487
002803.SZ,吉宏股份,互联网,19.02,321881.16375,565967.1084
002802.SZ,洪汇新材,化工原料,12.59,48046.32485,188450.2675
002801.SZ,微光股份,电气设备,25.8,25575.86101,293502.864
002800.SZ,天顺股份,仓储物流,14.43,33840.928,211215.9504
002799.SZ,环球印务,广告包装,7.22,306070.07161,231065.8476
002798.SZ,帝欧水华,家居用品,6.57,65119.8357,339504.2244
002797.SZ,第一创业,证券,6.05,178906.57496,2542452.0
002796.SZ,世嘉科技,通信设备,24.65,175639.09028,562337.2455
002795.SZ,永和智控,机械基件,7.14,84952.74292,309860.5062
002793.SZ,罗欣药业,化学制药,4.74,116197.51717,514729.6824
002792.SZ,通宇通讯,通信设备,28.84,656430.17666,977659.8496
002791.SZ,坚朗五金,其他建材,15.79,75081.01363,335270.8069
002790.SZ,瑞尔特,家居用品,6.51,81455.31766,169714.0725
002789.SZ,*ST建艺,装修装饰,14.25,40511.0302,222981.5775
002788.SZ,鹭燕医药,医药商业,10.6,114895.42395,404763.014
002787.SZ,华源控股,广告包装,24.55,266644.348,609044.256
002786.SZ,银宝山新,专用机械,7.38,41756.49987,362993.6394
002785.SZ,万里石,其他建材,34.41,189513.8656,668544.3198
002783.SZ,凯龙股份,化工原料,8.01,72943.72425,369354.3966
002782.SZ,可立克,元器件,13.88,122124.713,679743.4356
002780.SZ,三夫户外,服饰,15.18,142349.92465,201279.6654
002779.SZ,中坚科技,农用机械,73.32,156351.8136,1215706.4556
002778.SZ,中晟高科,环境保护,15.89,23560.174,196627.1503
002777.SZ,久远银海,软件服务,12.5,44190.481,505639.375
002775.SZ,文科股份,建筑工程,3.39,37179.03388,201111.7839
002774.SZ,快意电梯,运输设备,19.04,134655.12,536493.6976
002773.SZ,康弘药业,化学制药,20.35,359286.36978,1397718.179
002772.SZ,众兴菌业,种植业,10.66,83918.6932,396164.6156
002771.SZ,真视通,软件服务,13.41,66692.063,242174.4084
002769.SZ,普路通,仓储物流,6.72,77160.174,250662.8544
002768.SZ,国恩股份,塑料,68.0,690208.04163,1715356.44
002767.SZ,先锋电子,电器仪表,17.55,42368.216,228648.2445
002766.SZ,索菱股份,汽车配件,3.98,50585.58012,341555.564
002765.SZ,蓝黛科技,元器件,6.64,48461.726,395683.1776
002763.SZ,汇洁股份,服饰,7.45,43670.09328,226224.018
002762.SZ,金发拉比,服饰,9.02,73331.467,319330.55
002761.SZ,浙江建投,建筑工程,7.55,123050.74362,816750.7705
002760.SZ,凤形股份,机械基件,18.25,55497.32212,197079.3775
002759.SZ,ST天际,电气设备,13.56,299603.24616,679420.41
002758.SZ,浙农股份,批发业,8.48,37449.6104,439474.1344
002757.SZ,南兴股份,专用机械,17.76,368310.9005,504745.5936
002756.SZ,永兴材料,小金属,39.01,303060.77875,1535958.2845
002755.SZ,奥赛康,化学制药,13.22,331132.18251,1227016.4152
002753.SZ,永东股份,化工原料,6.84,36442.06,202319.6076
002752.SZ,昇兴股份,广告包装,6.1,65475.13789,595071.348
002749.SZ,国光股份,农药化肥,8.51,12078.9466,463213.6819
002748.SZ,世龙实业,化工原料,12.45,86754.437,298800.0
002747.SZ,埃斯顿,机械基件,26.86,747959.4246,2106753.356
002746.SZ,仙坛股份,农业综合,6.21,61374.493,440708.9202
002745.SZ,木林森,元器件,11.09,506062.33535,1171977.2266
002743.SZ,ST富煌,钢加工,4.38,44940.09,190342.098
002742.SZ,冀衡医药,化学制药,4.09,75448.952,214283.7299
002741.SZ,光华科技,化工原料,23.73,810792.69729,1020453.1218
002739.SZ,儒意电影,影视音像,7.99,368920.65023,1677830.0076
002738.SZ,中矿资源,小金属,41.34,894273.92705,2939337.2502
002737.SZ,葵花药业,中成药,11.28,40316.72814,658741.5096
002736.SZ,国信证券,证券,9.7,147425.28858,9934490.807
002735.SZ,王子新材,塑料,10.67,212028.03773,304158.2731
002734.SZ,利民股份,农药化肥,17.92,325106.297,773436.8768
002733.SZ,雄韬股份,电气设备,18.89,304284.34751,696781.8292
002732.SZ,燕塘乳业,乳制品,14.35,41150.379,225384.831
002730.SZ,电光科技,专用机械,19.75,154351.521,683409.0525
002729.SZ,好利科技,元器件,13.41,56488.85875,235293.6033
002728.SZ,特一药业,中成药,9.94,472823.15502,498301.0466
002727.SZ,一心堂,医药商业,10.75,37840.828,427267.4575
002726.SZ,ST龙大,食品,2.22,92826.98211,301990.0643
002725.SZ,跃岭股份,汽车配件,10.65,29097.78976,265146.021
002724.SZ,海洋王,元器件,6.95,207503.1855,393702.4185
002723.SZ,小崧股份,家用电器,7.11,68911.60066,225926.7912
002722.SZ,物产金轮,钢加工,13.22,34229.7958,293955.954
002721.SZ,金一文化,服饰,2.55,96600.697,678141.543
002719.SZ,ST麦趣,乳制品,6.22,14924.222,100667.6522
002718.SZ,友邦吊顶,其他建材,82.31,95444.923,791948.1343
002717.SZ,*ST岭南,环境保护,0.56,1203.048,100180.7464
002716.SZ,湖南白银,小金属,8.6,592517.85787,1997329.102
002715.SZ,登云股份,汽车配件,13.12,31830.53,181056.0
002714.SZ,牧原股份,农业综合,41.13,1063666.66432,13492693.6209
002713.SZ,东易日盛,装修装饰,9.59,107690.07657,502627.3399
002712.SZ,思美传媒,广告包装,4.9,64938.34,265041.147
002709.SZ,天赐材料,化工原料,32.69,2786100.52476,4932956.959
002708.SZ,光洋股份,汽车配件,16.26,714978.00578,828659.0304
002707.SZ,众信旅游,旅游服务,4.9,66691.484,423986.22
002706.SZ,良信股份,电气设备,8.31,107121.89441,760356.3576
002705.SZ,新宝股份,家用电器,11.59,101272.864,936591.8406
002703.SZ,浙江世宝,汽车配件,16.05,701463.70142,940607.2005
002702.SZ,海欣食品,食品,5.92,371309.03778,271576.3296
002701.SZ,奥瑞金,广告包装,4.33,77497.567,1107335.7542
002700.SZ,万憬能源,供气供热,6.48,37060.286,265267.9368
002698.SZ,博实股份,化工机械,11.05,58518.75856,932772.8215
002697.SZ,红旗连锁,超市连锁,4.71,56890.35552,540751.5204
002696.SZ,百洋股份,饲料,6.65,125707.967,222282.1685
002695.SZ,煌上煌,食品,10.64,133873.9665,544186.6304
002694.SZ,*ST顾地,塑料,2.74,26237.295,196950.104
002693.SZ,双成药业,生物制药,9.1,136493.434,373993.256
002692.SZ,远程股份,电气设备,4.33,58741.452,310834.1161
002691.SZ,*ST冀凯,专用机械,4.0,7505.326,134392.12
002690.SZ,美亚光电,专用机械,15.28,53723.47142,652505.3544
002689.SZ,ST远智,运输设备,2.95,18958.29715,307658.8925
002688.SZ,金河生物,农业综合,5.21,107553.69676,390210.2961
002687.SZ,乔治白,服饰,6.14,128882.31637,253960.5924
002686.SZ,亿利达,专用机械,6.26,64212.93365,327230.6076
002685.SZ,华东重机,机床制造,5.16,127041.45104,519916.0788
002683.SZ,广东宏大,化工原料,27.84,132261.07799,1856163.5136
002682.SZ,龙洲股份,仓储物流,4.9,80575.754,275560.614
002681.SZ,奋达科技,元器件,4.36,120485.66445,685413.4076
002679.SZ,福建金森,林业,11.52,266985.32348,271590.912
002678.SZ,珠江钢琴,文教休闲,4.4,28074.318,597332.736
002677.SZ,浙江美大,家用电器,6.07,39592.444,331350.4954
002676.SZ,顺威股份,家用电器,5.28,69485.26529,380146.5888
002675.SZ,东诚药业,化学制药,12.63,111165.5328,938893.992
002674.SZ,兴业科技,纺织,20.28,337115.20321,593319.1836
002673.SZ,西部证券,证券,6.51,113671.47846,2909697.6867
002672.SZ,东江环保,环境保护,3.83,139004.219,346660.3089
002671.SZ,龙泉股份,水泥,4.02,32605.612,221661.2322
002670.SZ,国盛证券,证券,10.85,160528.9876,1761335.401
002669.SZ,康达新材,化工原料,14.7,800497.9709,444995.166
002668.SZ,TCL智家,家用电器,8.72,61547.45876,945345.1408
002666.SZ,德联集团,化工原料,4.19,36764.06,209832.6022
002664.SZ,信质集团,汽车配件,14.12,54496.53482,568961.5876
002663.SZ,普邦股份,建筑工程,1.72,55717.27406,293623.9864
002662.SZ,峰璟股份,汽车配件,3.12,32115.334,467994.1032
002661.SZ,克明食品,食品,7.58,32978.437,233780.3892
002660.SZ,茂硕电源,电气设备,7.79,52305.861,269808.3638
002659.SZ,凯文教育,文教休闲,4.66,42324.486,278797.6878
002658.SZ,雪迪龙,环境保护,7.12,19716.867,255364.2824
002657.SZ,中科金财,软件服务,14.36,78982.735,482678.9464
002656.SZ,摩登大道,服饰,2.8,39179.63368,192291.204
002655.SZ,共达电声,元器件,31.07,648547.06109,1135247.5039
002654.SZ,万润科技,互联网,11.84,320192.4273,1000767.12
002653.SZ,海思科,化学制药,59.41,377337.43556,3190237.3906
002652.SZ,扬子新材,其他建材,4.37,53709.97,223771.968
002651.SZ,利君股份,航空,7.84,57120.115,443323.4624
002650.SZ,ST加加,食品,6.23,25044.829,689689.8449
002649.SZ,博彦科技,软件服务,8.98,52955.577,525479.7864
002648.SZ,卫星化学,化工原料,27.36,1071108.81555,9210696.12
002647.SZ,仁东控股,多元金融,11.57,477974.576,1174692.4969
002646.SZ,天佑德酒,白酒,7.16,69466.91777,340816.8592
002645.SZ,华宏科技,专用机械,16.78,253350.95362,1141398.253
002644.SZ,佛慈制药,中成药,8.19,34243.158,418228.083
002643.SZ,万润股份,化工原料,12.2,197456.297,1100702.3
002642.SZ,荣联科技,软件服务,6.84,45995.13,452520.9252
002641.SZ,公元股份,塑料,3.8,26145.884,430903.85
002640.SZ,跨境通,互联网,3.7,942116.13438,572856.866
002639.SZ,雪人集团,专用机械,14.06,1048035.09904,928107.7087
002638.SZ,勤上股份,家用电器,4.72,183659.7228,638464.96
002637.SZ,赞宇科技,日用化工,10.35,131402.07001,481037.8815
002636.SZ,金安国纪,元器件,79.63,2677211.5136,5775045.5087
002635.SZ,安洁科技,元器件,13.73,373710.12834,543066.9463
002634.SZ,*ST棒杰,服饰,3.88,14922.929,173246.8112
002633.SZ,申科股份,机械基件,15.05,70605.41896,225093.9705
002632.SZ,道明光学,塑料,8.67,132036.04705,498103.2045
002631.SZ,德尔未来,家居用品,12.53,563450.6366,994493.4447
002630.SZ,*ST华西,专用机械,1.57,67503.56036,169075.4666
002629.SZ,仁智股份,石油开采,4.47,53871.5308,162240.438
002628.SZ,成都路桥,建筑工程,4.85,111723.4424,366338.445
002627.SZ,三峡旅游,旅游景点,6.48,48162.57934,452406.4488
002626.SZ,金达威,医疗保健,15.65,69766.858,954432.465
002625.SZ,光启技术,航空,23.15,503236.07835,4987834.7865
002624.SZ,完美世界,互联网,9.56,263794.92567,1747312.748
002623.SZ,亚玛顿,玻璃,17.91,118382.32472,345011.2551
002622.SZ,皓宸医疗,医疗保健,2.45,174609.605,205793.9485
002620.SZ,*ST瑞和,装修装饰,5.17,29422.809,163415.0661
002617.SZ,露笑科技,电气设备,7.04,805332.662,1321845.7472
002616.SZ,长青集团,环境保护,4.93,49124.225,289627.7879
002615.SZ,哈尔斯,家居用品,6.29,171476.54991,248403.9881
002614.SZ,奥佳华,家用电器,8.34,780647.18858,368023.6002
002613.SZ,北玻股份,专用机械,3.32,71307.47895,256859.0708
002612.SZ,朗姿股份,服饰,16.52,100897.85552,431765.3984
002611.SZ,东方精工,轻工机械,13.61,217714.77126,1366392.8264
002609.SZ,捷顺科技,软件服务,7.81,39686.5294,358926.9035
002608.SZ,江苏国信,火力发电,7.54,123035.41372,2848672.0938
002607.SZ,中公教育,文教休闲,1.84,193804.48008,1052499.4304
002606.SZ,大连电瓷,电气设备,12.21,177805.30413,514458.582
002605.SZ,姚记科技,互联网,16.22,50408.031,548971.577
002603.SZ,以岭药业,中成药,15.39,206265.178,2118083.8392
002602.SZ,世纪华通,互联网,13.3,861093.30028,9039782.703
002601.SZ,龙佰集团,化工原料,14.77,131142.80268,2924135.06
002600.SZ,领益智造,元器件,11.42,695372.58034,8270496.681
002599.SZ,盛通股份,广告包装,5.47,24118.968,226113.9917
002598.SZ,ST章鼓,机械基件,6.89,13740.13708,197419.17
002597.SZ,金禾实业,食品,21.58,80902.55476,1221376.8554
002596.SZ,海南瑞泽,水泥,3.17,45136.7888,363462.8485
002595.SZ,豪迈科技,专用机械,38.89,110815.92232,4480588.0687
002594.SZ,比亚迪,汽车整车,81.72,2039984.05534,28496325.4164
002593.SZ,日上集团,钢加工,4.54,39821.947,254468.9522
002592.SZ,ST八菱,汽车配件,6.14,9908.296,161418.144
002591.SZ,恒大高新,环境保护,6.6,75870.48,147518.25
002590.SZ,万安科技,汽车配件,9.55,71700.42978,472104.823
002589.SZ,瑞康医药,医药商业,3.23,242610.0236,441086.0545
002588.SZ,史丹利,农药化肥,7.48,43903.728,642260.1768
002587.SZ,奥拓电子,元器件,5.23,46280.74896,278608.7421
002586.SZ,围海股份,建筑工程,3.54,28967.857,384981.372
002585.SZ,双星新材,塑料,10.49,973062.34028,930034.7982
002584.SZ,西陇科学,化工原料,8.96,705972.7376,431100.8128
002583.SZ,海能达,通信设备,7.78,274522.85714,998281.1306
002582.SZ,好想你,食品,9.48,80439.11653,326277.5208
002581.SZ,*ST未名,生物制药,5.15,46296.057,206407.468
002580.SZ,圣阳股份,电气设备,21.36,2546677.48214,966195.6768
002579.SZ,中京电子,元器件,16.4,975603.56032,956838.812
002578.SZ,闽发铝业,铝,4.12,79196.383,354798.9912
002577.SZ,雷柏科技,IT设备,20.7,105586.89282,580993.11
002576.SZ,通达动力,电气设备,14.67,50807.142,237694.4892
002575.SZ,群兴玩具,文教休闲,4.95,104934.49271,289241.1225
002574.SZ,明牌珠宝,服饰,4.97,23158.789,262416.0
002573.SZ,清新环境,环境保护,3.13,31598.235,442172.2517
002572.SZ,索菲亚,家居用品,7.49,111467.934,546206.003
002571.SZ,德力股份,家居用品,10.2,34714.054,304272.324
002570.SZ,贝因美,乳制品,4.38,75772.94097,473037.9414
002569.SZ,*ST步森,服饰,11.6,16907.88,162411.6
002568.SZ,百润股份,红黄酒,19.58,267477.09715,1492208.443
002567.SZ,唐人神,饲料,3.62,70539.67637,518263.2368
002566.SZ,益盛药业,中成药,7.03,91409.70532,163168.1278
002565.SZ,顺灏股份,造纸,9.28,1557861.79594,983638.4256
002564.SZ,天沃科技,化工机械,5.27,245602.843,452642.6715
002563.SZ,森马服饰,服饰,5.48,92212.25912,1212993.616
002562.SZ,兄弟科技,化学制药,4.92,100992.8875,400280.2284
002561.SZ,徐家汇,百货,7.23,34309.05757,299639.8308
002560.SZ,通达股份,电气设备,6.4,340649.69835,405341.44
002559.SZ,亚威股份,机床制造,8.3,125712.456,424707.1281
002558.SZ,巨人网络,互联网,21.94,768299.54271,4169816.573
002557.SZ,洽洽食品,食品,18.62,126800.66097,937344.0574
002556.SZ,辉隆股份,农药化肥,5.16,67244.0372,481965.156
002555.SZ,三七互娱,互联网,16.83,270513.97226,2749622.4558
002554.SZ,惠博普,石油开采,2.74,37454.969,365370.7526
002553.SZ,南方精工,汽车配件,16.33,342687.71594,418390.2768
002552.SZ,宝鼎科技,元器件,43.45,478627.492,1601146.8385
002551.SZ,尚荣医疗,医疗保健,3.38,73245.48902,206581.1046
002550.SZ,千红制药,生物制药,6.51,105249.393,620772.0519
002549.SZ,凯美特气,环境保护,12.27,119093.52172,849525.1065
002548.SZ,金新农,饲料,3.85,70647.1209,309721.5275
002547.SZ,*ST春兴,汽车配件,2.73,203917.78211,301609.9905
002546.SZ,新联电子,电气设备,7.36,47972.3497,589703.3664
002545.SZ,东方铁塔,农药化肥,14.0,207033.0202,1582229.18
002544.SZ,普天科技,通信设备,15.29,209301.54336,1040436.3365
002543.SZ,万和电气,家用电器,7.47,101258.76641,493898.6214
002542.SZ,*ST中岩,建筑工程,1.6,17311.278,281478.4
002541.SZ,鸿路钢构,钢加工,18.25,196286.32804,1021315.3385
002540.SZ,亚太科技,铝,5.1,57683.32019,437682.714
002539.SZ,云图控股,农药化肥,11.79,104125.05358,1049066.6544
002538.SZ,ST司特,农药化肥,6.65,62270.0724,567247.261
002537.SZ,海联金汇,汽车配件,5.57,75016.942,651975.2397
002536.SZ,飞龙股份,汽车配件,42.77,1839486.26342,2332345.1879
002535.SZ,林州重机,工程机械,2.45,34685.147,182852.6875
002534.SZ,西子洁能,专用机械,17.36,211139.5398,1432833.64
002533.SZ,金杯电工,电气设备,10.87,33721.661,702358.528
002532.SZ,天山铝业,铝,12.17,594914.09236,4998045.5775
002531.SZ,天顺风能,电气设备,8.35,1462713.45507,1492035.281
002530.SZ,金财互联,专用机械,6.91,45899.14272,488303.1656
002529.SZ,海源复材,专用机械,6.86,27705.596,178360.0
002528.SZ,*ST英飞,IT设备,6.08,101582.388,638533.5168
002527.SZ,新时达,电器仪表,10.35,51207.45691,578237.6295
002526.SZ,山东矿机,工程机械,2.57,42673.0024,455207.2408
002524.SZ,光正眼科,医疗保健,4.06,63623.13,206767.1116
002523.SZ,天桥起重,专用机械,3.4,63354.89641,479924.518
002522.SZ,浙江众成,塑料,5.27,145045.97885,477045.5646
002521.SZ,齐峰新材,造纸,6.19,15341.279,259468.4584
002520.SZ,日发精机,机床制造,6.13,148585.0415,432363.1216
002519.SZ,银河电子,通信设备,5.51,194133.771,619017.8093
002518.SZ,科士达,电气设备,32.93,582925.0823,1861046.5239
002517.SZ,恺英网络,互联网,15.69,411255.24224,2948530.2273
002516.SZ,旷达科技,汽车配件,5.44,76716.701,794511.2928
002515.SZ,金字火腿,食品,6.82,315124.30156,751462.9958
002514.SZ,*ST宝馨,机械基件,2.44,69499.9615,135183.32
002513.SZ,蓝丰生化,新型电力,5.56,256027.45432,164065.1472
002512.SZ,ST达华,IT设备,3.82,130447.906,418080.5876
002511.SZ,中顺洁柔,造纸,6.92,54637.46658,875382.6988
002510.SZ,天汽模,汽车配件,5.63,121591.84896,571499.2169
002508.SZ,老板电器,家用电器,17.08,139712.36706,1594649.9464
002507.SZ,涪陵榨菜,食品,11.19,80238.87313,1291010.8896
002506.SZ,协鑫集成,电气设备,2.37,415645.22657,1385132.754
002501.SZ,*ST利源,铝,1.3,38713.31,460888.038
002500.SZ,山西证券,证券,5.12,96192.46562,1837963.008
002498.SZ,汉缆股份,电气设备,6.12,174733.24433,2035999.152
002497.SZ,雅化集团,小金属,15.72,440662.82125,1665671.7072
002496.SZ,辉丰股份,农药化肥,2.29,277002.05951,270517.5855
002495.SZ,佳隆股份,食品,2.43,49786.70186,168622.1226
002494.SZ,华斯股份,服饰,4.96,201619.54299,142238.1184
002493.SZ,荣盛石化,化纤,13.49,786156.90516,12629605.7765
002492.SZ,恒基达鑫,仓储物流,6.27,36970.18168,249442.3569
002491.SZ,通鼎互联,通信设备,19.78,2185354.32562,2327055.2864
002490.SZ,山东墨龙,化工机械,7.6,499360.19088,411708.72
002489.SZ,浙江永强,家居用品,2.84,72432.64,543304.212
002488.SZ,金固股份,汽车配件,7.27,79168.14444,668901.068
002487.SZ,大金重工,电气设备,48.61,4341799.80411,3066866.9555
002486.SZ,嘉麟杰,服饰,2.68,58917.916,219875.24
002485.SZ,ST雪发,商贸代理,6.03,14035.876,328032.0
002484.SZ,江海股份,元器件,49.71,1476749.48415,4078556.37
002483.SZ,润邦股份,专用机械,5.97,118598.4454,528494.7276
002482.SZ,广田集团,装修装饰,1.4,178415.43981,524119.372
002481.SZ,双塔食品,食品,4.35,54310.074,486396.381
002480.SZ,新筑股份,运输设备,5.45,68471.206,418280.6875
002479.SZ,富春环保,新型电力,6.01,112682.5925,518706.7528
002478.SZ,常宝股份,钢加工,6.28,81641.4756,455868.9052
002476.SZ,新叶股份,化工原料,4.83,28221.071,295596.0
002475.SZ,立讯精密,元器件,48.43,3403331.51442,35498160.8625
002474.SZ,榕基软件,软件服务,6.25,148871.4905,335765.875
002472.SZ,双环传动,汽车配件,36.72,517751.0564,2779586.1288
002471.SZ,中超控股,电气设备,5.1,282557.58779,685572.09
002470.SZ,金正大,农药化肥,1.97,202661.095,647291.9029
002469.SZ,三维化学,化工原料,6.23,51270.993,391857.5927
002468.SZ,申通快递,仓储物流,14.86,229597.86864,2193766.3917
002467.SZ,二六三,互联网,5.15,641325.24163,704623.721
002466.SZ,天齐锂业,小金属,40.69,1133949.18964,6005280.0366
002465.SZ,海格通信,通信设备,10.02,585451.34206,2482842.8742
002463.SZ,沪电股份,元器件,115.88,5494283.29905,22282005.4996
002462.SZ,嘉事堂,医药商业,12.14,29955.097,353845.0656
002461.SZ,珠江啤酒,啤酒,8.65,69992.50065,1914529.1525
002460.SZ,赣锋锂业,小金属,44.21,1983007.9725,5355463.6753
002459.SZ,晶澳科技,电气设备,6.69,197424.38498,2212232.3412
002458.SZ,益生股份,农业综合,7.98,157791.03458,771175.7088
002457.SZ,青龙管业,塑料,11.48,230763.72919,382842.8464
002456.SZ,欧菲光,元器件,6.39,433529.8139,2119955.985
002455.SZ,百川股份,化工原料,6.88,150222.07673,454638.656
002454.SZ,松芝股份,汽车配件,5.7,448118.22554,500091.666
002453.SZ,华软科技,化工原料,4.75,195433.98964,305473.2125
002452.SZ,长高电气,电气设备,11.38,91076.18352,589347.6676
002451.SZ,摩恩电气,电气设备,7.74,66726.62669,339901.326
002449.SZ,国星光电,半导体,6.45,48503.9804,398917.794
002448.SZ,中原内配,汽车配件,10.62,121585.393,616501.089
002446.SZ,盛路通信,通信设备,7.52,137946.56918,637528.5296
002445.SZ,中南文化,钢加工,3.11,98228.30673,735905.0562
002444.SZ,巨星科技,轻工机械,26.77,134315.55327,3070943.3045
002443.SZ,金洲管道,钢加工,12.45,296241.1364,648066.6975
002442.SZ,龙星科技,化工原料,5.39,92108.434,264924.3212
002441.SZ,众业达,电气设备,8.35,45191.57534,333135.1905
002440.SZ,闰土股份,染料涂料,13.07,468858.85964,1236885.985
002439.SZ,启明星辰,软件服务,14.27,351432.87316,1039653.1222
002438.SZ,江苏神通,机械基件,13.7,53082.3504,642366.559
002437.SZ,誉衡药业,化学制药,3.53,937489.57517,742244.7339
002436.SZ,兴森科技,元器件,40.41,4972144.29351,6133949.4726
002434.SZ,万里扬,汽车配件,6.14,83909.1968,805163.4354
002432.SZ,九安医疗,医疗保健,58.73,685137.38607,2568955.7613
002431.SZ,ST棕榈,建筑工程,1.3,15570.2255,234312.624
002430.SZ,杭氧股份,化工机械,24.62,259094.015,2407682.8636
002429.SZ,兆驰股份,家用电器,7.84,629380.57642,3547075.0281
002428.SZ,云南锗业,小金属,85.71,3343092.96616,5596927.2825
002427.SZ,尤夫股份,化纤,4.57,40506.09475,449924.726
002426.SZ,胜利精密,元器件,2.58,257163.92253,824128.5744
002425.SZ,凯撒文化,互联网,3.01,76642.727,276975.9559
002424.SZ,ST百灵,中成药,4.67,46991.29066,532277.727
002423.SZ,中粮资本,多元金融,9.09,86597.99026,2094431.9904
002422.SZ,科伦药业,化学制药,38.75,870187.74723,5031906.825
002421.SZ,达实智能,软件服务,3.2,384284.4973,651583.744
002420.SZ,毅昌科技,家用电器,6.09,45732.882,245955.4293
002419.SZ,天虹股份,百货,4.9,359967.30593,559207.453
002418.SZ,康盛股份,家用电器,4.31,202673.857,489788.4
002416.SZ,爱施德,电器连锁,8.92,91588.1138,1091167.544
002415.SZ,海康威视,IT设备,33.0,1756013.56487,29852109.21
002414.SZ,高德红外,电器仪表,11.2,331240.95476,3806445.888
002413.SZ,雷科防务,通信设备,8.53,1031985.52244,1105002.2165
002412.SZ,汉森制药,中成药,8.98,306306.68415,447064.81
002410.SZ,广联达,软件服务,8.44,147462.80694,1340355.3872
002409.SZ,雅克科技,半导体,115.39,1405284.05431,3675433.4353
002408.SZ,齐翔腾达,化工原料,5.29,101219.50563,1455676.4425
002407.SZ,多氟多,化工原料,30.05,1837110.45842,3248159.4915
002406.SZ,远东传动,汽车配件,6.34,63101.84989,356416.6042
002405.SZ,四维图新,软件服务,5.9,141032.02819,1389899.816
002404.SZ,嘉欣丝绸,纺织,5.77,31236.603,262989.1567
002403.SZ,爱仕达,家用电器,10.09,139236.3742,299835.9535
002402.SZ,和而泰,元器件,17.52,330775.72806,1433974.5072
002401.SZ,中远海科,软件服务,12.0,23748.9176,445678.2
002400.SZ,省广集团,广告包装,6.23,267642.44148,1075400.5458
002399.SZ,海普瑞,化学制药,9.75,42487.56991,1216021.6575
002398.SZ,垒知集团,其他建材,4.22,47470.99725,253090.5332
002397.SZ,梦洁股份,纺织,3.58,36815.337,232072.8556
002396.SZ,星网锐捷,通信设备,31.74,1161270.85514,2404035.5274
002395.SZ,双象股份,塑料,13.43,111981.09707,360204.687
002394.SZ,联发股份,纺织,10.3,37340.298,333090.876
002393.SZ,力生制药,化学制药,14.14,30917.628,424507.4036
002392.SZ,北京利尔,其他建材,7.33,59345.27902,848481.218
002391.SZ,长青股份,农药化肥,5.21,37795.25034,241795.2143
002390.SZ,信邦制药,医药商业,2.94,66114.135,566778.5508
002389.SZ,航天彩虹,航空,18.22,289439.87509,1794245.474
002387.SZ,维信诺,元器件,6.67,97657.48845,930462.5321
002386.SZ,天原股份,化工原料,5.91,86086.80102,769118.6532
002385.SZ,大北农,饲料,3.09,150560.76,1064162.2594
002384.SZ,东山精密,元器件,150.66,8202814.55051,20886322.7322
002383.SZ,合众思壮,通信设备,7.62,145465.22874,564154.5486
002382.SZ,蓝帆医疗,医疗保健,6.58,372595.24107,656547.2676
002381.SZ,双箭股份,橡胶,5.62,19658.996,180978.893
002380.SZ,科远智慧,软件服务,25.68,105718.564,365179.872
002379.SZ,宏桥控股,铝,16.38,344619.31376,1861380.2844
002378.SZ,章源钨业,小金属,20.81,256899.25648,2488663.5299
002377.SZ,国创高新,其他建材,3.0,123070.191,261734.37
002376.SZ,新北洋,IT设备,6.42,52374.627,505552.2732
002375.SZ,亚厦股份,装修装饰,3.88,62919.505,516426.642
002374.SZ,中锐股份,广告包装,3.42,162638.2203,371141.5806
002373.SZ,千方科技,软件服务,7.18,98406.3487,989112.5638
002372.SZ,伟星新材,其他建材,8.92,187983.12119,1311336.4252
002371.SZ,北方华创,半导体,600.32,4765038.0214,43528344.7424
002370.SZ,亚太药业,化学制药,5.09,69743.17447,379521.8525
002369.SZ,卓翼科技,通信设备,5.48,37318.64819,310692.0524
002368.SZ,太极股份,软件服务,12.28,84161.3306,763292.7492
002367.SZ,康力电梯,运输设备,6.01,109653.65022,477701.3642
002366.SZ,融发核电,专用机械,5.68,220237.11903,1051037.3672
002365.SZ,永安药业,化学制药,13.12,216112.987,322283.0912
002364.SZ,中恒电气,电气设备,31.27,429804.608,1745356.6263
002363.SZ,隆基机械,汽车配件,6.9,37737.4149,286873.158
002362.SZ,汉王科技,软件服务,15.45,72007.64482,320854.3215
002361.SZ,神剑股份,化工原料,10.1,1825605.38694,852968.23
002360.SZ,ST同德,化工原料,5.11,23027.388,157643.6533
002358.SZ,森源电气,电气设备,5.17,55285.545,480683.6969
002357.SZ,富临运业,公共交通,11.63,74817.4024,364574.6814
002356.SZ,鹏飞绿能,其他商业,2.66,54560.07045,348791.702
002355.SZ,兴民智通,汽车配件,4.57,41350.81289,291958.3117
002354.SZ,天娱数科,互联网,7.0,694985.13614,1138895.66
002353.SZ,杰瑞股份,化工机械,109.55,1622744.7072,7570677.3275
002352.SZ,顺丰控股,仓储物流,30.77,472274.7716,14274065.4581
002351.SZ,漫步者,IT设备,9.71,55953.40835,512145.7936
002350.SZ,北京科锐,电气设备,13.29,69849.4,705102.905
002349.SZ,精华制药,中成药,8.72,820208.40758,709965.7448
002348.SZ,高乐股份,文教休闲,10.25,95163.4877,926121.325
002347.SZ,泰尔股份,机械基件,6.3,243474.826,310831.227
002346.SZ,柘中股份,电气设备,17.7,81259.278,781588.458
002345.SZ,潮宏基,服饰,8.45,104728.31,732799.4635
002344.SZ,海宁皮城,商品城,3.98,43530.045,510017.1398
002343.SZ,慈文传媒,影视音像,5.53,60676.376,261945.2059
002342.SZ,巨力索具,机械基件,8.46,1440522.57417,807667.74
002340.SZ,格林美,小金属,6.2,445431.29655,3147108.778
002339.SZ,积成电子,电气设备,7.23,162725.77465,346167.7728
002338.SZ,奥普光电,电器仪表,39.54,228033.76635,948960.0
002337.SZ,赛象科技,化工机械,4.65,30346.249,273335.184
002335.SZ,科华数据,电气设备,28.95,578753.15236,1910914.5195
002334.SZ,英威腾,电气设备,6.36,44813.07596,467467.6956
002333.SZ,罗普斯金,其他建材,5.39,37366.039,359244.9553
002332.SZ,仙琚制药,化学制药,8.64,83681.7903,851657.0688
002331.SZ,皖通科技,软件服务,6.79,35207.484,273964.8891
002330.SZ,得利斯,食品,4.06,33556.191,257832.0458
002329.SZ,皇氏集团,乳制品,3.63,81663.85826,236493.1932
002328.SZ,新朋股份,汽车配件,7.88,264018.38052,449700.4892
002327.SZ,富安娜,纺织,6.18,33606.564,303427.7412
002326.SZ,永太科技,化工原料,16.61,361642.00933,1348348.4751
002324.SZ,普利特,塑料,8.74,182432.22328,678423.709
002323.SZ,*ST雅博,建筑工程,1.2,39705.94788,254458.908
002322.SZ,理工能科,软件服务,11.85,65452.437,416386.3665
002321.SZ,华英农业,农业综合,2.06,293789.947,437801.5
002320.SZ,海峡股份,水运,6.28,130836.18891,1404731.9404
002319.SZ,乐通股份,染料涂料,10.0,50655.399,209472.5
002318.SZ,久立特材,特种钢,17.67,97570.6288,1685762.3499
002317.SZ,众生药业,中成药,23.17,668405.44764,1779507.6691
002316.SZ,亚联发展,软件服务,4.98,652297.53237,169686.03
002315.SZ,焦点科技,互联网,24.15,134683.95382,637703.934
002314.SZ,南山控股,区域地产,2.35,125837.93623,314508.349
002313.SZ,日海智能,通信设备,8.65,104670.158,323838.0945
002312.SZ,川发龙蟒,化工原料,8.16,107049.7704,1537863.2208
002311.SZ,海大集团,饲料,41.96,188769.26713,6946123.3541
002310.SZ,东方新能,新型电力,2.22,137942.43236,976580.109
002309.SZ,中利集团,电气设备,2.8,136147.0806,673717.044
002307.SZ,北新路桥,建筑工程,2.93,51822.602,477333.039
002306.SZ,ST云网,酒店餐饮,2.04,17279.435,165788.454
002305.SZ,*ST南置,区域地产,2.07,43029.408,358982.6706
002304.SZ,洋河股份,白酒,37.02,176902.20178,5576729.82
002303.SZ,美盈森,造纸,6.38,715038.99505,680977.913
002302.SZ,西部建设,水泥,4.68,19973.747,590781.8124
002301.SZ,齐心集团,文教休闲,8.6,181654.6585,617470.282
002300.SZ,太阳电缆,电气设备,7.96,314613.26528,574944.2728
002299.SZ,圣农发展,农业综合,15.68,102174.52579,1910764.3296
002298.SZ,中电鑫龙,电气设备,8.86,316184.4758,589477.95
002297.SZ,博云新材,航空,19.18,827548.85619,1099215.0064
002296.SZ,辉煌科技,通信设备,9.31,67613.289,323443.7374
002295.SZ,精艺股份,铜,9.71,61239.7115,243164.5199
002294.SZ,信立泰,化学制药,30.15,270593.10776,3360415.5855
002293.SZ,罗莱生活,纺织,10.85,50435.55,901074.489
002292.SZ,奥飞娱乐,影视音像,8.4,371879.05008,855022.14
002291.SZ,遥望科技,广告包装,5.43,110280.96624,471935.0379
002290.SZ,禾盛新材,家用电器,63.91,410719.69193,1580665.5788
002289.SZ,宇顺电子,元器件,32.65,136813.5,896017.868
002287.SZ,奇正藏药,中成药,19.34,23680.31671,1104294.2732
002286.SZ,保龄宝,食品,8.45,149779.453,312387.712
002285.SZ,世联行,房产服务,3.21,1140776.44093,635262.0174
002284.SZ,亚太股份,汽车配件,9.3,136188.9508,680935.119
002283.SZ,天润工业,汽车配件,7.77,231700.61734,784073.4195
002282.SZ,博深股份,机械基件,6.03,25005.566,291436.5933
002281.SZ,光迅科技,通信设备,152.01,5731831.98955,11948438.2602
002279.SZ,久其软件,软件服务,6.46,91787.47167,514273.1064
002278.SZ,神开股份,化工机械,8.01,98889.49728,287415.7011
002277.SZ,友阿股份,百货,4.79,124410.59372,667808.7712
002276.SZ,万马股份,电气设备,9.9,98412.1013,997478.0105
002275.SZ,桂林三金,中成药,12.19,16483.867,688431.8347
002274.SZ,华昌化工,农药化肥,5.87,85511.81352,550517.4217
002273.SZ,水晶光电,元器件,23.15,1635580.91896,3162478.3878
002272.SZ,川润股份,机械基件,13.62,225380.29999,570583.7496
002271.SZ,东方雨虹,其他建材,10.67,507678.26468,2081367.8776
002270.SZ,华明装备,电气设备,17.67,279740.31691,1583630.2818
002269.SZ,美邦服饰,服饰,1.38,51717.779,323434.6158
002268.SZ,电科网安,IT设备,14.44,181272.2775,1220337.8292
002267.SZ,陕天然气,供气供热,7.36,59853.62708,818487.4944
002266.SZ,浙富控股,环境保护,4.86,591652.16941,2353496.4072
002265.SZ,建设工业,专用机械,18.71,137854.35797,1932818.5884
002264.SZ,新华都,互联网,7.16,272902.921,466050.0564
002263.SZ,大东南,塑料,3.26,166822.96525,612340.5026
002262.SZ,恩华药业,化学制药,21.85,406961.05535,1931051.2155
002261.SZ,拓维信息,软件服务,24.02,721316.45069,2752945.411
002259.SZ,升达林业,供气供热,5.15,217968.206,387449.0745
002258.SZ,利尔化学,农药化肥,13.72,132094.716,1096338.9948
002256.SZ,兆新股份,新型电力,3.15,78510.238,635747.679
002255.SZ,海陆重工,专用机械,7.32,48229.04675,466975.5204
002254.SZ,泰和新材,化纤,11.48,157186.01884,976457.6892
002253.SZ,川大智胜,软件服务,8.59,64374.58454,180346.191
002252.SZ,上海莱士,生物制药,5.06,662787.57703,3333645.5438
002251.SZ,步步高,超市连锁,3.43,181005.37152,762307.9303
002250.SZ,联化科技,化工原料,14.43,134727.9482,1292018.6214
002249.SZ,大洋电机,电气设备,6.3,136891.318,1179101.1336
002248.SZ,华东数控,机床制造,9.09,102076.669,279513.5004
002247.SZ,聚力文化,其他建材,2.46,48674.089,158290.6926
002246.SZ,北化股份,化工原料,24.51,513052.03055,1345684.2948
002245.SZ,蔚蓝锂芯,电气设备,16.35,1616768.67878,2630876.4366
002244.SZ,滨江集团,区域地产,10.21,1052680.16818,2815457.8353
002243.SZ,力合科创,广告包装,7.01,89948.29865,842714.5806
002242.SZ,九阳股份,家用电器,13.75,151183.5875,1047427.7
002241.SZ,歌尔股份,元器件,21.7,1759278.06008,6838758.8431
002240.SZ,盛新锂能,小金属,25.14,663387.05494,2294782.2168
002239.SZ,奥特佳,汽车配件,2.46,118770.162,807502.8474
002238.SZ,天威视讯,影视音像,6.9,310469.04469,553765.848
002237.SZ,恒邦股份,黄金,12.33,171553.18875,1470174.948
002236.SZ,大华股份,IT设备,15.29,221860.50527,3656052.2955
002235.SZ,安妮股份,造纸,7.5,100378.416,415183.725
002234.SZ,民和股份,农业综合,7.8,36010.26,235098.708
002233.SZ,塔牌集团,水泥,7.1,178588.79147,833272.614
002232.SZ,启明信息,软件服务,16.09,263811.53828,657354.5365
002230.SZ,科大讯飞,软件服务,36.89,555743.3152,8078788.0417
002229.SZ,鸿博股份,广告包装,9.94,145193.64216,490205.3142
002228.SZ,合兴包装,广告包装,3.22,62973.11922,389401.5874
002227.SZ,*ST特迅,电气设备,6.4,7572.324,157399.552
002226.SZ,江南化工,化工原料,5.29,441044.4854,1401277.7278
002225.SZ,濮耐股份,其他建材,3.44,76996.56932,335375.6104
002224.SZ,三力士,橡胶,3.74,39228.293,301586.2696
002223.SZ,鱼跃医疗,医疗保健,25.95,235049.63733,2424932.004
002222.SZ,福晶科技,元器件,56.58,1046245.67081,2648802.3186
002221.SZ,东华能源,石油加工,5.74,110235.02164,838615.8368
002219.SZ,新里程,医疗保健,2.04,176121.509,667512.0312
002218.SZ,拓日新能,新型电力,3.86,198503.74352,535643.6308
002217.SZ,ST合力泰,元器件,1.54,119146.337,1121018.591
002216.SZ,三全食品,食品,11.63,50452.79001,733274.2912
002215.SZ,诺普信,农药化肥,9.35,89405.284,755537.97
002214.SZ,大立科技,电器仪表,17.08,90497.962,817181.8396
002213.SZ,大为股份,半导体,26.07,191258.27354,540165.7074
002212.SZ,天融信,软件服务,6.87,571921.37979,801625.4004
002211.SZ,ST宏达,橡胶,3.68,11882.556,159151.0944
002210.SZ,飞马国际,环境保护,2.08,90624.118,552605.872
002209.SZ,达意隆,轻工机械,13.07,43984.083,206308.3816
002208.SZ,合肥城建,区域地产,9.63,211780.68511,773326.2681
002207.SZ,*ST准油,石油开采,5.41,28827.58,141099.292
002206.SZ,海利得,化纤,4.89,28467.431,516858.819
002205.SZ,国统股份,水泥,12.08,197167.83263,224498.5856
002204.SZ,大连重工,专用机械,5.39,146249.57182,1041008.43
002203.SZ,海亮股份,铜,16.82,225071.81556,3785168.0904
002202.SZ,金风科技,电气设备,16.68,1095174.7031,5610493.3068
002201.SZ,九鼎新材,玻璃,8.95,155468.68773,538810.943
002200.SZ,交投生态,建筑工程,6.69,29834.427,130940.694
002199.SZ,东晶电子,元器件,11.1,44729.55256,256301.331
002198.SZ,ST嘉应,中成药,3.51,9473.898,178124.9535
002197.SZ,证通电子,IT设备,6.22,70280.28,332148.0
002196.SZ,方正电机,纺织机械,9.85,163467.465,482826.512
002195.SZ,岩山科技,软件服务,5.84,397065.46599,3279646.7056
002194.SZ,武汉凡谷,通信设备,9.72,204343.57884,500237.0784
002193.SZ,ST如意,纺织,4.48,9173.34645,117247.9168
002192.SZ,融捷股份,小金属,57.22,657906.08851,1482670.9072
002191.SZ,劲嘉股份,广告包装,3.46,28847.255,485339.563
002190.SZ,成飞集成,汽车配件,22.87,121329.874,820413.9091
002189.SZ,中光学,元器件,18.43,63363.77532,481381.0949
002188.SZ,中天服务,房产服务,5.97,478218.17397,153645.711
002187.SZ,广百股份,百货,5.45,31167.519,381987.557
002186.SZ,全聚德,酒店餐饮,9.63,111243.53313,295449.9408
002185.SZ,华天科技,半导体,16.03,2358424.37634,5331620.4795
002184.SZ,海得控制,机械基件,9.84,32111.827,244316.6712
002183.SZ,怡亚通,仓储物流,4.2,144533.769,1090737.522
002182.SZ,宝武镁业,小金属,11.58,465811.21999,1038275.1906
002181.SZ,粤传媒,出版业,8.54,318138.04039,968894.6834
002180.SZ,奔图科技,IT设备,16.83,245566.86235,2316384.7641
002179.SZ,中航光电,元器件,33.18,724112.24362,6955930.5186
002178.SZ,延华智能,软件服务,4.89,134515.07,348085.3101
002177.SZ,御银股份,其他商业,5.38,57145.904,367540.1876
002176.SZ,江特电机,小金属,8.48,349544.80432,1441396.9888
002175.SZ,*ST东智,电器仪表,2.45,21375.2046,312811.2715
002174.SZ,游族网络,互联网,12.62,422663.03372,1235824.858
002173.SZ,创新医疗,医疗保健,17.1,272580.01842,719679.15
002172.SZ,澳洋健康,医疗保健,5.66,1034874.11459,433069.6362
002171.SZ,楚江新材,铜,9.69,262653.53615,1565169.0135
002170.SZ,芭田股份,农药化肥,10.72,122054.6894,847211.4624
002169.SZ,智光电气,电气设备,12.4,261860.31446,943545.76
002168.SZ,ST惠程,电气设备,3.52,8539.043,276025.5168
002167.SZ,东方锆业,小金属,14.9,425392.0649,1135673.083
002166.SZ,莱茵生物,中成药,6.96,153321.40398,514033.5144
002165.SZ,红宝丽,化工原料,6.98,293328.87476,507980.2492
002164.SZ,宁波东力,机械基件,12.83,609854.88816,615551.4533
002163.SZ,海南发展,装修装饰,7.46,166664.48738,599447.4794
002162.SZ,悦心健康,陶瓷,4.23,140266.2617,388450.0368
002161.SZ,远望谷,通信设备,6.17,110794.57103,456338.9998
002160.SZ,常铝股份,铝,3.89,42096.237,400953.7755
002159.SZ,三特索道,旅游服务,13.2,29800.952,182802.576
002158.SZ,汉钟精机,工程机械,24.03,166317.9501,1282209.8013
002157.SZ,正邦科技,农业综合,2.88,312101.27299,2242913.76
002156.SZ,通富微电,半导体,55.93,2920248.21039,8487110.1546
002155.SZ,湖南黄金,黄金,22.76,570219.05407,3556247.4964
002154.SZ,报喜鸟,服饰,3.8,107854.30885,448448.298
002153.SZ,石基信息,软件服务,7.19,89363.72388,1150230.1722
002152.SZ,广电运通,IT设备,8.8,120126.483,2184271.056
002151.SZ,北斗星通,通信设备,28.21,451089.4336,1249341.0657
002150.SZ,正泰电源,机械基件,19.61,123061.865,703027.3245
002149.SZ,西部材料,小金属,33.62,2007077.25178,1641123.6542
002148.SZ,北纬科技,互联网,6.11,49094.732,275577.2526
002146.SZ,荣盛发展,全国地产,1.26,297789.4307,492745.8564
002145.SZ,钛能化学,化工原料,4.67,275167.14785,1777623.4981
002144.SZ,宏达高科,纺织,11.06,47574.283,152251.0752
002142.SZ,宁波银行,银行,35.68,957503.95899,23546603.1824
002141.SZ,贤丰控股,元器件,6.13,624939.79975,633189.6454
002140.SZ,东华科技,建筑工程,9.39,63859.3646,663787.4571
002139.SZ,拓邦股份,元器件,9.61,122261.20426,1029317.2978
002138.SZ,顺络电子,元器件,48.09,1337711.29639,3685352.1432
002137.SZ,实益达,元器件,7.78,391007.129,308445.102
002136.SZ,安纳达,化工原料,12.2,92225.04588,261636.076
002135.SZ,东南网架,钢加工,6.14,119459.064,640938.5746
002134.SZ,天津普林,元器件,22.66,369029.909,559037.1103
002133.SZ,广宇集团,全国地产,2.99,89159.0826,230191.1898
002132.SZ,恒星科技,钢加工,4.0,91364.8075,559674.56
002131.SZ,利欧股份,互联网,4.12,594306.40015,2412176.364
002130.SZ,沃尔核材,电气设备,15.57,251288.01709,1797559.4583
002129.SZ,TCL中环,电气设备,9.37,950599.18003,3785254.5362
002128.SZ,电投能源,煤炭开采,28.15,413951.89407,6310029.4025
002127.SZ,南极电商,互联网,2.92,109023.66923,582462.0351
002126.SZ,银轮股份,汽车配件,32.94,570547.74793,2619215.865
002125.SZ,湘潭电化,化工原料,12.25,225279.34842,771165.5525
002124.SZ,天邦食品,农业综合,1.95,101285.3212,384613.242
002123.SZ,梦网科技,互联网,7.4,84841.86368,533193.754
002122.SZ,ST汇洲,机床制造,2.86,48700.21972,568230.949
002121.SZ,科陆电子,电器仪表,4.21,96749.9817,594138.9229
002120.SZ,韵达股份,仓储物流,6.79,195225.67795,1911473.2021
002119.SZ,康强电子,半导体,25.07,1624125.21211,940836.988
002117.SZ,东港股份,广告包装,7.78,42555.572,407325.5566
002116.SZ,中国海诚,建筑工程,7.15,23317.2034,394789.3693
002115.SZ,三维通信,互联网,9.14,178886.36369,682087.3068
002114.SZ,罗平锌电,铅锌,7.13,37100.734,230576.5709
002112.SZ,三变科技,电气设备,13.78,84480.54795,361146.24
002111.SZ,威海广泰,航空,9.14,78378.8698,446718.9624
002110.SZ,三钢闽光,普钢,2.91,85719.973,706861.1742
002109.SZ,ST兴化,化工原料,2.86,22117.481,365013.1914
002108.SZ,沧州明珠,塑料,4.36,96143.70992,718527.2152
002107.SZ,沃华医药,中成药,7.16,203167.3362,409119.8224
002106.SZ,莱宝高科,元器件,11.73,340845.24659,826960.0734
002105.SZ,信隆健康,摩托车,6.17,48861.7518,224879.224
002104.SZ,恒宝股份,通信设备,9.99,186367.55041,607013.9784
002103.SZ,广博股份,文教休闲,6.63,33806.031,257333.9028
002102.SZ,ST能特,化学制药,2.55,18263.08,527994.9675
002101.SZ,广东鸿图,汽车配件,8.58,33444.182,568178.0676
002100.SZ,天康生物,饲料,7.62,121313.22804,1040321.643
002099.SZ,海翔药业,化学制药,6.15,240416.19462,994358.6295
002098.SZ,浔兴股份,服饰,8.41,44082.185,301078.0
002097.SZ,山河智能,工程机械,6.75,66362.44692,724275.3375
002096.SZ,易普力,化工原料,9.16,32634.8128,1135491.8284
002095.SZ,生意宝,互联网,15.33,105335.45813,385868.9772
002094.SZ,青岛金王,日用化工,4.89,73995.405,337631.7615
002093.SZ,国脉科技,文教休闲,7.11,263541.76379,716332.5
002092.SZ,中泰化学,化工原料,4.42,171260.436,1138431.9518
002091.SZ,江苏国泰,商贸代理,7.64,64213.5123,1224212.2844
002090.SZ,金智科技,电气设备,9.04,38713.35414,359962.5848
002088.SZ,鲁阳节能,矿物制品,8.11,18144.72612,410337.2906
002086.SZ,东方海洋,渔业,2.01,79501.935,317775.2313
002085.SZ,万丰奥威,汽车配件,9.22,145396.30428,1957680.295
002084.SZ,海鸥住工,家居用品,5.54,251423.80882,357127.4576
002083.SZ,孚日股份,纺织,9.72,281847.20718,919811.6676
002082.SZ,ST万邦,中成药,11.68,281472.51886,663246.3472
002081.SZ,金螳螂,装修装饰,4.76,796670.39409,1262614.0856
002080.SZ,中材科技,玻璃,52.01,2277108.07677,8727920.8436
002079.SZ,苏州固锝,电气设备,8.28,151451.33362,671612.6592
002078.SZ,太阳纸业,造纸,13.64,219508.152,3787251.9828
002077.SZ,大港股份,半导体,13.19,449821.47992,765479.6715
002076.SZ,星光股份,家用电器,2.1,55493.91755,218965.782
002075.SZ,沙钢股份,特种钢,3.52,86175.28286,772225.3088
002074.SZ,国轩高科,电气设备,31.3,3666273.46118,5435738.5697
002073.SZ,软控股份,专用机械,5.66,60159.297,574001.7684
002072.SZ,凯瑞德,商贸代理,7.04,48687.617,258742.3872
002069.SZ,獐子岛,渔业,3.65,36528.7025,259228.913
002068.SZ,黑猫股份,化工原料,9.05,271718.12232,665180.249
002067.SZ,景兴纸业,造纸,3.9,91548.52924,521665.521
002066.SZ,瑞泰科技,其他建材,19.42,67079.56447,448602.0
002065.SZ,东华软件,软件服务,6.41,120363.51911,1888218.9554
002064.SZ,华峰化学,化纤,9.77,410737.85891,4838094.8162
002063.SZ,远光软件,软件服务,5.24,68059.03771,927013.1684
002062.SZ,宏润建设,建筑工程,9.2,189128.024,1034724.92
002061.SZ,浙江交科,建筑工程,3.36,70579.64488,873310.3344
002060.SZ,广东建工,建筑工程,3.08,59165.13892,481349.6996
002059.SZ,云南旅游,旅游景点,4.16,138190.54237,412003.5712
002058.SZ,紫竹高科,电气设备,22.22,104419.028,318558.8076
002057.SZ,中钢天源,矿物制品,8.82,83664.25935,664372.5858
002056.SZ,横店东磁,电气设备,18.86,308048.61523,3064785.6454
002055.SZ,ST得润,元器件,6.27,64348.35879,370237.23
002054.SZ,德美化工,染料涂料,7.07,45247.851,271753.6199
002053.SZ,云南能投,新型电力,9.64,73522.94744,887574.8512
002052.SZ,同洲电子,家用电器,7.81,44124.3442,538411.4032
002051.SZ,中工国际,建筑工程,8.54,148852.60425,1047355.7626
002050.SZ,三花智控,家用电器,33.94,1833464.37536,12527406.73
002049.SZ,紫光国微,半导体,56.14,574040.27028,4733275.1186
002048.SZ,宁波华翔,汽车配件,17.03,225170.92722,1206014.0209
002047.SZ,宝鹰股份,装修装饰,3.17,58367.62664,480626.4289
002046.SZ,国机精工,机械基件,58.0,622539.8405,3108462.44
002045.SZ,国光电器,元器件,8.39,93239.88896,471377.8031
002044.SZ,美年健康,医疗保健,4.52,308785.55141,1751150.8752
002043.SZ,兔宝宝,其他建材,11.8,295434.16486,951204.608
002042.SZ,华孚时尚,纺织,3.58,87360.84838,608843.9412
002041.SZ,登海种业,种植业,10.13,480080.17443,891440.0
002040.SZ,南京港,港口,8.94,179319.8777,434551.4076
002039.SZ,黔源电力,水力发电,20.01,208837.42828,855543.7581
002038.SZ,双鹭药业,生物制药,5.62,131764.2935,478933.4776
002037.SZ,保利联合,化工原料,6.76,29400.537,327105.3136
002036.SZ,联创电子,元器件,5.83,120589.60901,615337.7274
002035.SZ,华帝股份,家用电器,4.7,82090.57154,367557.719
002034.SZ,旺能环境,环境保护,14.04,76675.25604,722424.5496
002033.SZ,丽江股份,旅游景点,8.16,71715.00876,448375.8432
002032.SZ,苏泊尔,家用电器,41.44,186269.39786,3301081.8064
002031.SZ,巨轮智能,汽车配件,5.32,505998.0212,1170074.5224
002030.SZ,达安基因,医疗保健,5.96,563622.15302,836453.816
002029.SZ,七匹狼,服饰,9.19,406698.40552,611508.114
002028.SZ,思源电气,电气设备,117.11,1555027.21117,7152787.9105
002027.SZ,分众传媒,广告包装,4.74,585604.49192,6845602.6578
002026.SZ,山东威达,机械基件,10.93,69670.049,481459.8327
002025.SZ,航天电器,元器件,64.5,625343.45548,2927469.885
002024.SZ,ST易购,电器连锁,1.15,21239.027,1057117.582
002023.SZ,海特高新,航空,9.13,104048.74234,670288.3539
002022.SZ,科华生物,医疗保健,6.05,150162.39487,311166.02
002021.SZ,中捷资源,纺织机械,2.55,68022.56557,304836.6645
002020.SZ,京新药业,化学制药,11.7,257055.22117,847042.911
002019.SZ,亿帆医药,化学制药,9.44,73583.65907,795337.2752
002017.SZ,东信和平,通信设备,13.62,109548.27199,790194.8088
002016.SZ,世荣兆业,区域地产,4.83,82199.571,390793.1748
002015.SZ,协鑫能科,新型电力,14.51,425634.12614,2355443.9946
002014.SZ,永新股份,塑料,11.19,34534.8636,683180.4963
002012.SZ,凯恩股份,造纸,6.81,59810.568,318452.9655
002011.SZ,盾安环境,家用电器,12.29,496857.62152,1304602.5495
002010.SZ,传化智联,仓储物流,4.58,66113.41974,1263056.5074
002009.SZ,天奇股份,工程机械,15.33,129544.64,543036.5829
002008.SZ,大族激光,专用机械,78.11,3383128.16567,7473017.2489
002007.SZ,华兰生物,生物制药,13.2,153074.50484,2077076.892
002006.SZ,精工科技,专用机械,12.99,60876.289,675068.8665
002005.SZ,德豪润达,家用电器,2.68,48833.67827,469534.1776
002004.SZ,华邦健康,农药化肥,4.35,79726.26837,820126.119
002003.SZ,伟星股份,服饰,11.45,80832.50263,1185464.6435
002001.SZ,新和成,化学制药,26.31,790652.95968,7989959.9799
001979.SZ,招商蛇口,全国地产,7.82,1401123.37926,6936116.1134
001965.SZ,招商公路,路桥,10.23,149755.7775,6951382.185
001914.SZ,招商积余,房产服务,9.28,132704.84576,977851.696
001896.SZ,豫能控股,火力发电,10.45,350526.59884,1594441.4585
001872.SZ,招商港口,港口,24.61,83795.11055,5665844.3869
001696.SZ,宗申动力,摩托车,14.64,385503.90124,1305175.764
001400.SZ,江顺科技,专用机械,82.0,249774.46411,264154.8
001396.SZ,誉帆科技,建筑工程,31.14,21905.14046,70741.9836
001395.SZ,亚联机械,专用机械,30.19,39933.0643,160010.019
001391.SZ,国货航,仓储物流,3.9,105061.11492,2843687.457
001390.SZ,古麒绒材,纺织,16.99,43334.2242,200073.0507
001389.SZ,广合科技,元器件,167.0,1409289.50128,2544655.82
001388.SZ,信通电子,电气设备,19.8,58359.944,247734.828
001387.SZ,雪祺电气,家用电器,12.38,31858.1885,144114.961
001386.SZ,马可波罗,家居用品,15.69,44828.03063,168734.6532
001382.SZ,新亚电缆,电气设备,16.38,17130.335,103194.0
001380.SZ,华纬科技,汽车配件,18.81,39736.6195,437769.6444
001379.SZ,腾达科技,机械基件,15.96,31992.34152,107408.2464
001378.SZ,德冠新材,塑料,22.39,159759.35396,188839.2751
001376.SZ,百通能源,供气供热,12.25,160880.161,263363.1175
001373.SZ,翔腾新材,元器件,30.44,56979.711,127727.762
001369.SZ,双欣材料,化纤,12.0,42178.83917,248944.08
001368.SZ,通达创智,文教休闲,37.16,412551.35892,401627.5096
001367.SZ,海森药业,化学制药,21.86,50359.43715,265846.8924
001366.SZ,播恩集团,饲料,13.02,47130.412,209205.36
001360.SZ,南矿集团,工程机械,18.63,84387.05,233777.4372
001359.SZ,平安电工,矿物制品,81.59,268263.14687,491912.6372
001358.SZ,兴欣新材,化工原料,24.01,29237.68436,122394.0963
001356.SZ,富岭股份,塑料,9.14,22247.32,193490.601
001339.SZ,智微智能,IT设备,67.65,379905.68075,1095251.4705
001338.SZ,永顺泰,啤酒,9.32,77100.84936,467613.1056
001337.SZ,四川黄金,黄金,43.96,270196.103,1846320.0
001336.SZ,楚环科技,专用机械,20.65,124843.84262,132776.8155
001335.SZ,信凯科技,化工原料,33.4,30343.78826,85316.96
001333.SZ,光华股份,化工原料,20.52,41061.905,151848.0
001332.SZ,锡装股份,专用机械,28.47,166545.99285,191332.3503
001331.SZ,胜通能源,供气供热,38.5,227164.44905,1100461.67
001330.SZ,博纳影业,影视音像,6.34,995453.3948,737245.1882
001328.SZ,登康口腔,日用化工,30.5,43147.92317,493236.545
001326.SZ,联域股份,电气设备,101.37,261266.17646,243463.3701
001325.SZ,元创股份,橡胶,36.03,27339.68166,70618.8
001324.SZ,长青科技,运输设备,20.39,94529.0531,281382.0
001323.SZ,慕思股份,家居用品,18.64,32715.7607,580166.272
001322.SZ,箭牌家居,家居用品,6.77,45962.915,531859.324
001319.SZ,铭科精技,汽车配件,20.69,28000.70508,169658.2069
001318.SZ,阳光乳业,乳制品,12.83,264485.475,362652.78
001317.SZ,三羊马,铁路,66.28,883168.46335,566710.57
001316.SZ,润贝航科,批发业,26.61,79692.16067,400129.1895
001314.SZ,亿道信息,元器件,47.35,176058.27784,587610.659
001313.SZ,粤海饲料,饲料,7.08,61053.71945,494994.7308
001311.SZ,多利科技,汽车配件,16.28,56788.33026,296087.1276
001309.SZ,德明利,半导体,341.48,2821111.28741,5658258.7188
001308.SZ,康冠科技,元器件,17.67,25075.81537,931783.8051
001306.SZ,夏厦精密,机械基件,54.13,36938.79304,85622.834
001301.SZ,尚太科技,电气设备,46.38,162924.89286,1206459.7175
001300.SZ,三柏硕,文教休闲,13.51,113204.255,329341.2409
001299.SZ,美能能源,供气供热,10.25,59432.51652,289396.1425
001298.SZ,好上好,元器件,16.17,137471.5222,658797.1698
001296.SZ,长江材料,其他建材,19.27,26030.891,156053.8556
001289.SZ,龙源电力,新型电力,14.96,33054.61465,7542733.5632
001288.SZ,运机集团,专用机械,32.14,231501.9854,488075.8834
001287.SZ,中电港,元器件,21.63,335643.21656,1643663.9163
001286.SZ,陕西能源,火力发电,9.66,300390.64254,1304100.0
001285.SZ,瑞立科密,汽车配件,42.11,55350.74166,348969.781
001283.SZ,豪鹏科技,电气设备,47.49,158143.5087,491041.3761
001282.SZ,三联锻造,汽车配件,16.64,77495.6348,254138.0608
001280.SZ,中国铀业,小金属,60.42,134812.6366,1049660.3466
001279.SZ,强邦新材,广告包装,26.8,38645.46033,107200.0
001278.SZ,一彬科技,汽车配件,17.18,58945.028,146628.5512
001277.SZ,速达股份,专用机械,30.21,25866.05564,138348.8097
001270.SZ,铖昌科技,半导体,90.33,561009.18223,1849988.2089
001269.SZ,欧晶科技,矿物制品,18.67,32335.38476,359233.9508
001268.SZ,联合精密,机械基件,24.28,98573.74389,229051.6928
001267.SZ,汇绿生态,通信设备,32.42,1003962.65894,1972940.4972
001266.SZ,宏英智能,电器仪表,41.62,573437.15534,242010.3112
001260.SZ,坤泰股份,汽车配件,19.1,45464.0892,110063.75
001259.SZ,利仁科技,家用电器,43.7,50567.063,207769.465
001258.SZ,立新能源,新型电力,10.11,266408.76,943588.1376
001256.SZ,炜冈科技,轻工机械,21.75,48531.502,232534.905
001255.SZ,博菲电气,电气设备,27.01,31529.43496,208554.4738
001239.SZ,永达股份,工程机械,12.5,48591.80138,142500.0
001238.SZ,浙江正特,家居用品,25.61,32796.58451,372428.303
001236.SZ,弘业期货,多元金融,7.71,48657.103,584477.9838
001234.SZ,泰慕士,服饰,23.26,306221.04559,212925.529
001233.SZ,海安集团,汽车配件,44.4,110086.75777,167446.164
001231.SZ,农心科技,农药化肥,22.88,36158.045,116603.1152
001230.SZ,劲旅环境,环境保护,19.37,59296.85136,213031.6474
001229.SZ,魅视科技,IT设备,35.34,99996.0986,260636.7408
001228.SZ,永泰运,仓储物流,37.95,144904.20001,303086.157
001227.SZ,兰州银行,银行,2.11,118673.2574,889751.0034
001226.SZ,拓山重工,工程机械,43.08,48353.708,152940.0312
001225.SZ,和泰机电,专用机械,34.6,82962.8526,311393.08
001223.SZ,欧克科技,专用机械,40.12,55622.3432,280177.2176
001222.SZ,源飞宠物,文教休闲,15.27,39341.828,173399.7066
001221.SZ,悍高集团,家居用品,32.54,67851.86417,250133.6784
001219.SZ,青岛食品,食品,13.03,27392.09594,247827.3425
001218.SZ,丽臣实业,化工原料,23.21,52939.09192,277913.2906
001217.SZ,华尔泰,化工原料,11.32,53267.533,371951.0884
001216.SZ,华瓷股份,家居用品,23.56,422116.6299,581546.0872
001215.SZ,千味央厨,食品,32.55,39470.147,315414.708
001213.SZ,中铁特货,铁路,3.53,37160.594,1568888.8732
001212.SZ,中旗新材,其他建材,34.92,142680.38699,630747.3888
001211.SZ,双枪科技,家居用品,27.08,342513.05669,252764.9908
001210.SZ,金房能源,供气供热,25.92,138716.27622,345824.3808
001209.SZ,洪兴股份,服饰,19.43,69066.4675,186773.9838
001208.SZ,华菱线缆,电气设备,13.12,130815.39879,418178.6144
001207.SZ,联科科技,化工原料,18.79,86431.9911,549836.9259
001206.SZ,依依股份,造纸,19.13,347740.50297,204431.7885
001205.SZ,盛航股份,水运,14.54,66730.983,242068.1722
001203.SZ,大中矿业,普钢,22.56,287968.393,2946242.6016
001202.SZ,炬申股份,仓储物流,15.07,33659.05678,176053.768
001201.SZ,东瑞股份,农业综合,15.36,166816.80684,326411.3664
000999.SZ,华润三九,中成药,24.48,297597.12254,4069948.8384
000998.SZ,隆平高科,种植业,8.65,209675.41415,1137518.6825
000997.SZ,新大陆,IT设备,18.9,200925.38232,1904060.466
000995.SZ,皇台酒业,白酒,11.54,168192.034,204728.832
000993.SZ,闽东电力,水力发电,17.74,1139143.54285,812405.961
000990.SZ,诚志股份,化工原料,6.35,236193.52098,1080346.1375
000989.SZ,九芝堂,中成药,8.7,117631.4567,638797.761
000988.SZ,华工科技,专用机械,86.99,3600138.38795,8742370.6043
000987.SZ,越秀资本,多元金融,7.15,100643.65031,3583971.534
000985.SZ,大庆华科,化工原料,17.74,61315.638,229980.473
000983.SZ,山西焦煤,煤炭开采,6.52,268305.11618,3701450.8136
000981.SZ,山子高科,汽车配件,2.68,679320.87797,2549579.4348
000980.SZ,众泰汽车,汽车配件,2.16,878536.47271,1089176.9328
000978.SZ,桂林旅游,旅游景点,7.01,271831.42876,328153.2416
000977.SZ,浪潮信息,IT设备,64.56,2167795.13604,9470407.7592
000975.SZ,山金国际,黄金,22.14,513403.83063,5586397.5672
000973.SZ,佛塑科技,塑料,11.87,392655.79171,1200941.5524
000972.SZ,中基健康,食品,4.02,86965.809,310056.0072
000970.SZ,中科三环,矿物制品,10.97,184773.37637,1333651.2026
000969.SZ,安泰科技,小金属,15.92,232927.60898,1656941.9784
000968.SZ,蓝焰控股,石油开采,7.16,270806.86375,692731.9332
000967.SZ,盈峰环境,环境保护,7.7,303712.74957,2585404.822
000966.SZ,长源电力,火力发电,4.05,159163.14246,1409819.175
000965.SZ,天保基建,区域地产,3.43,112974.332,380671.9987
000963.SZ,华东医药,化学制药,26.95,681907.99951,4724370.3045
000962.SZ,东方钽业,小金属,55.11,812784.29849,2835424.9308
000960.SZ,锡业股份,小金属,29.95,596025.38939,4928068.84
000959.SZ,首钢股份,普钢,3.5,85887.42,2608062.59
000958.SZ,电投产融,新型电力,4.99,54743.34086,2686325.8315
000957.SZ,中通客车,汽车整车,9.74,94334.57384,577488.3986
000955.SZ,欣龙控股,纺织,4.05,40686.037,218016.7245
000953.SZ,中哲精化,化学制药,5.94,43004.955,217476.5868
000952.SZ,广济药业,化学制药,6.53,43350.23684,224628.4085
000951.SZ,中国重汽,汽车整车,20.15,138316.30135,2355524.925
000950.SZ,重药控股,医药商业,5.23,82295.44687,895782.9463
000949.SZ,新乡化纤,化纤,6.59,368627.13182,1091634.4885
000948.SZ,南天信息,软件服务,12.99,37511.01,505432.5864
000938.SZ,紫光股份,IT设备,30.24,2361365.50264,8648859.8448
000937.SZ,冀中能源,煤炭开采,4.45,178706.92905,1680646.4075
000936.SZ,华西股份,化纤,5.53,76466.531,489895.6769
000935.SZ,四川双马,水泥,18.92,111813.00347,1444429.0476
000933.SZ,神火股份,铝,26.4,926080.09902,5933583.48
000932.SZ,华菱钢铁,普钢,3.56,326634.37245,2439528.8752
000931.SZ,中关村,化学制药,4.48,61468.86114,336461.216
000930.SZ,中粮科技,农业综合,5.16,275434.07556,957852.348
000929.SZ,兰州黄河,啤酒,9.4,29435.289,174611.674
000928.SZ,中钢国际,建筑工程,5.34,48148.625,766090.8714
000927.SZ,中国铁物,仓储物流,2.48,113591.40404,1500486.9488
000926.SZ,福星股份,区域地产,2.13,87628.1226,335093.5383
000925.SZ,众合科技,运输设备,7.71,129073.74549,517346.0115
000923.SZ,河钢资源,普钢,15.88,230721.9949,997107.4232
000922.SZ,佳电股份,电气设备,12.07,66994.56524,850849.5444
000921.SZ,海信家电,家用电器,26.52,178868.60088,2449819.2108
000920.SZ,沃顿科技,塑料,12.32,165641.90567,582240.6128
000919.SZ,金陵药业,化学制药,6.5,65894.456,404116.7
000917.SZ,电广传媒,广告包装,6.63,102653.52916,939775.5822
000915.SZ,华特达因,化学制药,23.95,41272.44487,560724.3455
000913.SZ,钱江摩托,摩托车,10.79,38212.038,561190.8133
000912.SZ,泸天化,农药化肥,3.97,180972.06639,622496.0
000911.SZ,*ST广糖,食品,5.65,88080.061,226180.687
000910.SZ,大亚圣象,家居用品,6.13,296659.78053,335455.1163
000909.SZ,*ST数源,区域地产,5.31,16255.641,232424.3286
000908.SZ,石药景峰,化学制药,5.89,57804.518,518187.1216
000906.SZ,浙商中拓,仓储物流,6.07,63735.962,427146.8105
000905.SZ,厦门港务,港口,9.23,233078.84085,684688.8763
000903.SZ,ST云动,汽车配件,1.91,23057.923,366769.9656
000902.SZ,新洋丰,农药化肥,13.57,64849.228,1550757.0738
000901.SZ,航天科技,汽车配件,13.64,158180.66082,1088735.6612
000900.SZ,现代投资,路桥,3.6,30643.43934,546390.936
000899.SZ,赣能股份,火力发电,9.15,102154.3252,892745.187
000898.SZ,鞍钢股份,普钢,2.03,104495.36567,1615374.124
000897.SZ,津滨发展,区域地产,1.92,81426.672,310510.3872
000895.SZ,双汇发展,食品,23.66,189778.0621,8196326.0652
000893.SZ,亚钾国际,农药化肥,37.62,445091.05995,3051502.2846
000892.SZ,欢瑞世纪,影视音像,4.41,307028.888,313462.2708
000890.SZ,法尔胜,环境保护,6.93,100014.80354,290707.263
000889.SZ,中嘉博创,通信设备,3.58,70502.4424,311388.221
000888.SZ,峨眉山A,旅游景点,8.93,60244.35672,470533.3983
000887.SZ,中鼎股份,汽车配件,17.77,432838.39162,2335636.5562
000886.SZ,海南高速,区域地产,4.71,56043.259,461408.9799
000885.SZ,城发环境,环境保护,11.74,20344.98,753799.9242
000883.SZ,湖北能源,水力发电,4.49,238026.92867,2909300.3043
000882.SZ,华联股份,其他商业,1.5,87553.428,410345.415
000881.SZ,中广核技,化工原料,6.41,24745.5254,579291.5069
000880.SZ,潍柴重机,专用机械,23.52,352699.47598,533967.0336
000878.SZ,云南铜业,铜,16.07,445549.66682,3219818.6256
000877.SZ,天山股份,水泥,3.7,59893.12491,2630881.374
000876.SZ,新希望,饲料,6.77,188322.85518,3046505.6191
000875.SZ,电投绿能,火力发电,4.69,113490.26919,1567604.3131
000869.SZ,张裕A,红黄酒,18.76,140803.24912,853684.3431
000868.SZ,安凯客车,汽车整车,4.0,210093.59997,375805.6
000863.SZ,三湘印象,区域地产,4.5,61591.69388,524166.345
000862.SZ,银星能源,新型电力,5.45,88019.6828,388687.787
000860.SZ,顺鑫农业,白酒,10.3,75314.53826,764020.01
000859.SZ,国风新材,塑料,8.63,187345.00016,773179.6504
000858.SZ,五粮液,白酒,70.14,1179720.58545,27224934.9876
000856.SZ,冀东装备,专用机械,9.03,46365.892,204981.0
000852.SZ,石化机械,化工机械,5.45,91433.3305,517891.1005
000850.SZ,华茂股份,纺织,4.03,346666.20386,380179.8832
000848.SZ,承德露露,软饮料,8.14,93788.76949,822639.8774
000839.SZ,国安股份,综合类,2.75,191389.333,1077952.26
000838.SZ,*ST发展,区域地产,2.5,117828.99212,275115.55
000837.SZ,秦川机床,机床制造,9.3,79515.46645,936879.675
000833.SZ,粤桂股份,综合类,19.4,499300.65572,880190.998
000831.SZ,中国稀土,小金属,48.9,1564992.86282,5189369.712
000830.SZ,鲁西化工,化工原料,11.55,181702.44948,2199325.821
000829.SZ,天音控股,其他商业,9.19,190913.8264,941175.1943
000828.SZ,东莞控股,路桥,10.0,36516.123,1039517.0
000826.SZ,*ST启环,环境保护,1.71,16028.052,243701.2314
000825.SZ,太钢不锈,特种钢,3.41,110299.5725,1942420.4998
000823.SZ,超声电子,元器件,22.71,1734430.87583,1351091.0262
000822.SZ,山东海化,化工原料,4.39,52180.41725,392945.3441
000821.SZ,ST京机,电气设备,7.2,25478.505,430974.504
000820.SZ,神雾节能,综合类,3.51,61088.04775,104235.3819
000819.SZ,岳阳兴长,石油加工,12.14,42820.09174,444348.4014
000818.SZ,航锦科技,化工原料,11.14,106696.63429,733247.4996
000816.SZ,智慧农业,农用机械,2.76,48810.19566,397304.5116
000815.SZ,美利云,通信设备,14.03,266107.98384,975453.989
000813.SZ,德展健康,化学制药,3.19,68310.167,668830.712
000812.SZ,陕西金叶,广告包装,3.69,69324.24872,279011.8593
000811.SZ,冰轮环境,工程机械,35.56,831424.1207,3503302.2136
000810.SZ,创维数字,家用电器,8.95,121706.05044,1000751.4324
000809.SZ,和展能源,电气设备,3.44,70391.227,283728.2072
000807.SZ,云铝股份,铝,26.3,1053978.1229,9120630.389
000803.SZ,山高环能,环境保护,7.53,215106.2648,350061.1158
000802.SZ,北京文化,影视音像,3.8,112837.5894,271906.72
000801.SZ,四川九洲,家用电器,11.27,117105.367,1144964.38
000800.SZ,一汽解放,汽车整车,5.8,70075.83347,2853968.3
000799.SZ,酒鬼酒,白酒,36.49,113467.92644,1185550.9775
000798.SZ,中水渔业,渔业,9.75,96696.087,356690.295
000797.SZ,中国武夷,全国地产,2.66,118801.43256,417772.684
000796.SZ,凯撒旅业,旅游服务,3.43,98244.37754,456453.6984
000795.SZ,英洛华,矿物制品,8.19,45721.89362,914207.931
000793.SZ,ST华闻,出版业,1.94,20890.899,516952.4208
000792.SZ,盐湖股份,农药化肥,23.96,1170962.51368,12678477.3676
000791.SZ,甘肃能源,水力发电,7.22,135919.28017,1397526.5206
000790.SZ,华神科技,中成药,4.39,208645.68673,273340.1453
000789.SZ,万年青,水泥,4.17,22217.7025,332524.2234
000788.SZ,北大医药,化学制药,5.48,117444.15152,326601.0952
000786.SZ,北新建材,其他建材,16.52,395888.49124,2791066.8856
000785.SZ,居然智家,百货,2.26,125576.0521,1399558.1326
000783.SZ,长江证券,证券,7.76,499007.71052,4291336.5704
000782.SZ,恒申新材,化纤,8.08,98530.809,426736.7968
000779.SZ,甘咨询,建筑工程,8.4,131975.382,390414.948
000778.SZ,新兴铸管,钢加工,3.61,181211.69074,1405535.9193
000777.SZ,中核科技,机械基件,16.17,54217.08475,619975.2636
000776.SZ,广发证券,证券,19.32,845842.68308,11406623.2476
000768.SZ,中航西飞,航空,22.6,482227.21866,6274695.64
000767.SZ,晋控电力,火力发电,3.34,200364.43074,972690.2976
000766.SZ,通化金马,化学制药,14.36,223647.24455,1386621.1296
000762.SZ,西藏矿业,小金属,20.85,163644.15341,1085869.251
000761.SZ,本钢板材,普钢,2.35,49137.5,871471.6735
000759.SZ,中百集团,超市连锁,6.16,303094.0567,403914.896
000758.SZ,中色股份,铅锌,5.71,83322.70943,1131937.9134
000757.SZ,浩物股份,汽车服务,4.24,35698.667,225871.6264
000756.SZ,新华制药,化学制药,14.23,536703.13957,709896.1367
000755.SZ,山西高速,路桥,4.75,16513.67464,696972.345
000753.SZ,漳州发展,综合类,5.32,222936.37438,527467.9452
000752.SZ,*ST西发,啤酒,8.55,15861.438,225513.5175
000751.SZ,锌业股份,铅锌,4.37,63415.85972,706030.3537
000750.SZ,国海证券,证券,3.58,119236.8834,2075041.032
000739.SZ,普洛药业,化学制药,27.26,603389.68021,3156652.6622
000738.SZ,航发控制,航空,18.49,195988.99843,2431775.216
000737.SZ,北方铜业,铜,13.58,739478.79017,2586368.8508
000736.SZ,中交发展,全国地产,4.74,116559.30958,354124.6416
000735.SZ,罗牛山,农业综合,5.61,197343.6439,645653.4975
000733.SZ,振华科技,元器件,38.5,298493.87641,2133223.785
000731.SZ,四川美丰,农药化肥,8.1,90151.89375,444548.979
000729.SZ,燕京啤酒,啤酒,11.17,259028.13895,2803230.6839
000728.SZ,国元证券,证券,7.17,120579.461,3128828.7543
000727.SZ,冠捷科技,元器件,2.21,209887.3036,1001034.307
000726.SZ,鲁泰A,纺织,5.92,30578.639,348887.208
000725.SZ,京东方A,元器件,5.5,5653432.0932,19451923.755
000723.SZ,美锦能源,焦炭加工,3.54,204600.72359,1555892.304
000722.SZ,湖南发展,水力发电,13.55,451649.69439,628934.4965
000721.SZ,西安饮食,酒店餐饮,6.01,58709.348,307928.5403
000720.SZ,新能泰山,电气设备,3.62,83815.106,454864.4392
000719.SZ,中原传媒,出版业,12.08,52718.88303,805914.18
000718.SZ,苏宁环球,区域地产,2.07,76824.129,472393.2717
000717.SZ,中南股份,普钢,2.17,49365.20675,525942.2707
000716.SZ,黑芝麻,食品,4.92,74903.5717,361976.2754
000715.SZ,中兴商业,百货,5.36,31429.4262,260619.8696
000713.SZ,国投丰乐,种植业,6.25,128296.16607,383759.375
000712.SZ,锦龙股份,证券,9.78,404303.88021,876027.9498
000711.SZ,京蓝科技,环境保护,4.52,336039.39,1065370.7348
000710.SZ,贝瑞基因,医疗保健,10.27,965448.63028,344586.6398
000709.SZ,河钢股份,普钢,2.03,194237.89093,2098088.7172
000708.SZ,中信特钢,特种钢,13.2,139578.26885,6662220.312
000707.SZ,双环科技,化工原料,4.67,29701.613,257178.5812
000705.SZ,浙江震元,医药商业,7.12,27355.12656,200759.2936
000703.SZ,恒逸石化,化纤,16.29,1294958.97225,6664082.3602
000702.SZ,正虹科技,饲料,5.81,36347.5298,201389.0669
000701.SZ,厦门信达,商贸代理,5.14,84121.1932,343221.7524
000700.SZ,模塑科技,汽车配件,11.84,623331.86177,1086930.2336
000698.SZ,ST沈化,石油加工,3.74,14181.28727,293857.1856
000697.SZ,炼石航空,航空,9.4,80852.7804,613920.862
000695.SZ,滨海能源,化工原料,13.02,68665.212,289035.0162
000692.SZ,惠天热电,供气供热,4.61,321056.94816,245636.013
000691.SZ,亚太实业,化工原料,8.51,60715.931,275102.77
000690.SZ,宝新能源,火力发电,5.5,661722.45916,1195957.51
000688.SZ,国城矿业,铅锌,24.98,435784.63723,2960288.3732
000686.SZ,东北证券,证券,7.44,86748.38262,1741296.9576
000685.SZ,中山公用,水务,10.64,108372.43138,1326363.1416
000683.SZ,博源化工,化工原料,5.76,214669.35346,1923013.9008
000682.SZ,东方电子,电气设备,10.57,75488.48684,1417014.2
000681.SZ,视觉中国,互联网,15.35,207717.1773,1037867.225
000680.SZ,山推股份,工程机械,9.08,102324.68274,1193630.014
000679.SZ,大连友谊,百货,6.29,36113.3991,224175.6
000678.SZ,襄阳轴承,汽车配件,12.24,1684516.37677,562564.8432
000677.SZ,ST海龙,化纤,1.71,22581.775,147740.2209
000676.SZ,智度股份,互联网,6.4,277604.96198,805778.112
000672.SZ,上峰材料,水泥,14.86,297205.62142,1440521.713
000670.SZ,盈方微,元器件,6.88,378919.07708,571349.653
000669.SZ,ST金鸿,供气供热,4.07,10359.742,276926.3816
000665.SZ,湖北广电,影视音像,4.05,73767.79017,460533.519
000663.SZ,永安林业,林业,6.0,43540.0,183780.72
000661.SZ,长春高新,生物制药,69.23,487172.9188,2733044.6325
000659.SZ,珠海中富,广告包装,2.69,58505.3926,345853.9725
000657.SZ,中钨高新,小金属,51.85,1512361.4703,7536148.62
000656.SZ,金科股份,全国地产,1.22,329629.637,925625.7852
000655.SZ,金岭矿业,普钢,7.44,47416.77742,442933.1088
000652.SZ,泰达股份,批发业,3.32,38441.2118,484129.87
000651.SZ,格力电器,家用电器,38.32,1048965.23158,21125405.976
000650.SZ,仁和药业,中成药,5.21,77337.55294,693652.0018
000639.SZ,ST西王,食品,1.53,40821.752,165152.2086
000637.SZ,茂化实华,石油加工,4.25,29038.309,154950.4525
000636.SZ,风华高科,元器件,50.4,4470769.49783,5783349.6
000635.SZ,英力特,化工原料,7.65,65694.70026,280617.147
000633.SZ,合金投资,小金属,5.28,31005.35623,203336.1792
000632.SZ,ST三木,综合类,3.65,46477.842,169900.784
000631.SZ,顺发恒能,综合类,3.03,35251.15119,696900.0303
000630.SZ,铜陵有色,铜,5.75,597593.21824,6407225.9775
000629.SZ,钒钛股份,小金属,2.82,142489.03985,2619905.3208
000628.SZ,高新发展,建筑工程,51.33,429541.58855,986760.7338
000626.SZ,远大控股,商贸代理,8.78,91189.469,442786.6384
000625.SZ,长安汽车,汽车整车,7.04,324171.67171,5819982.9952
000623.SZ,吉林敖东,中成药,17.26,126957.74668,2055706.2158
000620.SZ,盈新发展,全国地产,3.02,465895.91015,1410868.1376
000619.SZ,海螺新材,其他建材,5.22,27897.962,187920.0
000617.SZ,中油资本,多元金融,6.53,299647.12498,8255277.6523
000615.SZ,*ST美谷,医疗保健,3.2,18166.2688,296029.664
000612.SZ,焦作万方,铝,10.33,210881.46039,1231541.9802
000610.SZ,*ST西旅,旅游服务,7.53,53555.546,177334.7379
000609.SZ,*ST中迪,区域地产,9.3,26571.94708,270363.09
000608.SZ,阳光股份,区域地产,6.91,127402.941,398602.8663
000607.SZ,华媒控股,广告包装,3.93,177026.99633,347829.4446
000605.SZ,渤海股份,水务,6.05,18384.6234,213358.453
000603.SZ,盛达资源,铅锌,29.58,557939.79979,1972147.1112
000601.SZ,韶能股份,水力发电,6.08,203860.69132,640808.1056
000600.SZ,建投能源,火力发电,7.26,120498.53488,791376.9534
000599.SZ,青岛双星,汽车配件,4.42,49545.21694,361000.0082
000598.SZ,兴蓉环境,水务,7.09,94006.6922,2115285.3348
000597.SZ,东北制药,化学制药,4.78,87540.04006,673599.3686
000596.SZ,古井贡酒,白酒,93.55,256487.08675,3822453.0
000595.SZ,新能股份,新型电力,5.68,223831.14442,646756.8352
000593.SZ,德龙汇能,供气供热,20.01,196367.78299,717324.483
000592.SZ,平潭发展,林业,8.08,2303816.80161,1547394.6592
000591.SZ,太阳能,新型电力,4.18,105821.94846,1631619.528
000590.SZ,古汉医药,中成药,9.05,26099.55542,216612.655
000589.SZ,贵州轮胎,汽车配件,4.22,70460.23384,651614.7154
000586.SZ,汇源通信,通信设备,12.32,74753.10009,235546.08
000581.SZ,威孚高科,汽车配件,18.3,116205.88613,1452820.53
000576.SZ,甘化科工,电气设备,8.13,75427.868,352691.8389
000573.SZ,粤宏远A,区域地产,3.93,60118.57127,248596.0014
000572.SZ,海马汽车,汽车整车,4.0,620133.26363,656901.24
000571.SZ,新大洲A,煤炭开采,6.15,117490.1441,500605.203
000570.SZ,苏常柴A,农用机械,5.3,33436.894,294517.025
000568.SZ,泸州老窖,白酒,72.61,750952.95053,10682100.021
000567.SZ,海德股份,多元金融,5.83,98696.22721,1136129.7618
000566.SZ,海南海药,化学制药,4.53,307881.69346,587384.9415
000565.SZ,渝三峡A,染料涂料,6.41,57124.35464,277932.6002
000564.SZ,供销大集,百货,1.44,245166.3253,2173662.648
000563.SZ,陕国投A,多元金融,2.92,98738.59506,1493279.3568
000561.SZ,烽火电子,通信设备,7.61,77828.91768,590724.2714
000560.SZ,我爱我家,房产服务,3.65,2282154.0796,855081.1565
000559.SZ,万向钱潮,汽车配件,10.41,442367.62907,3463489.3056
000558.SZ,天府文旅,旅游景点,3.42,70277.26636,440728.5258
000557.SZ,西部创业,铁路,3.65,28756.03368,532139.413
000555.SZ,神州信息,软件服务,9.83,116584.39812,958343.3127
000554.SZ,泰山石油,石油贸易,6.4,121849.765,229955.072
000553.SZ,安道麦A,农药化肥,5.47,24953.613,1190858.384
000552.SZ,甘肃能化,煤炭开采,2.53,192167.58024,942630.8155
000551.SZ,创元科技,专用机械,11.63,72468.30281,563313.006
000550.SZ,江铃汽车,汽车整车,16.4,76532.53239,850279.648
000548.SZ,湖南投资,路桥,4.62,20327.25325,230637.6996
000547.SZ,航天发展,通信设备,13.83,1165075.75969,2197754.4813
000546.SZ,金圆股份,环境保护,4.34,36480.599,302370.0568
000545.SZ,金浦钛业,化工原料,2.19,65145.24,215803.2789
000544.SZ,中原环保,环境保护,7.25,16344.20392,706646.2625
000543.SZ,皖能电力,火力发电,7.39,350792.56545,1675211.9787
000541.SZ,佛山照明,家用电器,4.91,23325.781,604185.1727
000539.SZ,粤电力A,火力发电,5.2,280925.94248,1328801.188
000538.SZ,云南白药,中成药,50.89,464291.25633,9079449.7836
000537.SZ,绿发电力,新型电力,7.41,78652.44869,1523286.9639
000536.SZ,华映科技,元器件,3.28,118530.68502,906333.6344
000534.SZ,万泽股份,生物制药,21.22,235019.7292,1070616.904
000533.SZ,顺钠股份,电气设备,9.93,177954.9725,680108.0832
000532.SZ,华金资本,多元金融,12.01,160820.98539,412603.1897
000531.SZ,穗恒运A,火力发电,5.56,28503.56668,505818.498
000530.SZ,冰山冷热,机械基件,5.26,72535.54854,315661.3842
000529.SZ,广弘控股,食品,4.99,16918.08504,284372.3156
000528.SZ,柳工,工程机械,7.53,113783.44662,1534421.7885
000526.SZ,学大教育,文教休闲,35.05,63831.45167,425764.6175
000525.SZ,红太阳,农药化肥,4.57,107620.19614,508074.32
000524.SZ,岭南控股,旅游服务,8.85,48918.19396,592957.5225
000523.SZ,红棉股份,食品,3.5,1033652.24385,628186.335
000521.SZ,长虹美菱,家用电器,4.23,62927.13904,370247.2047
000520.SZ,凤凰航运,水运,4.05,117114.87226,409893.8175
000519.SZ,中兵红箭,专用机械,14.13,432776.75021,1967685.867
000518.SZ,四环生物,生物制药,3.64,106209.81903,374750.9948
000517.SZ,荣安地产,区域地产,2.02,80309.289,503381.2528
000516.SZ,国际医学,医疗保健,4.37,82831.82885,963475.0508
000514.SZ,渝开发,区域地产,4.48,109590.37748,378009.408
000513.SZ,丽珠集团,化学制药,29.61,1064992.55034,1680816.9798
000510.SZ,新金路,化工原料,15.98,463880.11778,969964.9064
000509.SZ,华塑控股,元器件,3.4,88078.7096,364862.432
000507.SZ,珠海港,新型电力,4.96,32626.95368,447567.832
000506.SZ,招金黄金,黄金,16.43,422034.37683,1525865.601
000505.SZ,京粮控股,食品,6.32,188404.13518,418368.3896
000504.SZ,南华生物,医疗保健,11.45,982087.14308,376845.148
000503.SZ,国新健康,软件服务,7.89,420493.19298,772616.8095
000501.SZ,武商集团,百货,7.08,26497.53748,543952.0812
000498.SZ,山东路桥,建筑工程,6.12,440090.56757,887000.8536
000488.SZ,ST晨鸣,造纸,2.09,21654.74,355177.5887
000430.SZ,张家界,旅游景点,6.48,65260.363,240120.612
000429.SZ,粤高速A,路桥,12.72,99248.45,1657835.6328
000428.SZ,华天酒店,酒店餐饮,3.77,100529.80936,384135.102
000426.SZ,兴业银锡,铅锌,30.7,869060.41109,5449788.785
000425.SZ,徐工机械,工程机械,7.18,555610.83926,6460624.9582
000423.SZ,东阿阿胶,中成药,46.42,264208.53276,2964846.7926
000422.SZ,湖北宜化,农药化肥,11.28,145681.02483,1203762.5712
000421.SZ,南京公用,供气供热,5.81,41767.873,333614.848
000420.SZ,吉林化纤,化纤,3.46,120074.5932,850736.2538
000419.SZ,通程控股,百货,5.09,27976.198,276683.5943
000417.SZ,合百集团,百货,5.58,107134.16578,434697.345
000415.SZ,渤海租赁,多元金融,3.98,247163.991,2146379.7322
000411.SZ,英特集团,医药商业,10.1,46008.72976,569373.259
000410.SZ,沈阳机床,机床制造,5.05,69188.186,995364.2415
000409.SZ,云鼎科技,软件服务,8.45,44027.781,498950.4455
000408.SZ,藏格矿业,农药化肥,71.79,587586.27472,11263120.8957
000407.SZ,胜利股份,供气供热,4.31,75698.938,377462.1282
000404.SZ,长虹华意,家用电器,6.85,32148.25437,474694.725
000403.SZ,派林生物,生物制药,9.84,59912.14797,925631.8752
000402.SZ,金融街,全国地产,2.67,233818.03499,797974.1424
000401.SZ,金隅冀东,水泥,3.64,33411.06985,957813.1108
000400.SZ,许继电气,电气设备,21.74,299058.54986,2206752.6144
000338.SZ,潍柴动力,汽车配件,24.86,2823172.39951,12321591.755
000333.SZ,美的集团,家用电器,81.74,3141585.528,56276801.5413
000301.SZ,东方盛虹,化纤,13.5,536073.10949,8921303.5811
000166.SZ,申万宏源,证券,4.33,241068.99742,9757874.6609
000159.SZ,国际实业,石油贸易,5.44,49368.813,261483.664
000158.SZ,常山北明,软件服务,12.64,514071.6191,2010573.5104
000157.SZ,中联重科,工程机械,6.03,265637.94055,4263461.6922
000156.SZ,华数传媒,影视音像,6.93,50655.04032,1178013.9987
000155.SZ,川能动力,新型电力,11.16,226187.9822,2060323.8228
000153.SZ,丰原药业,化学制药,6.07,65036.72,279739.5313
000151.SZ,中成股份,商贸代理,10.18,81059.444,313477.5246
000100.SZ,TCL科技,元器件,4.63,2076297.48411,9313235.8326
000099.SZ,中信海直,空运,12.68,56128.65282,983676.4868
000096.SZ,广聚能源,石油贸易,8.2,52914.1812,418895.36
000090.SZ,天健集团,建筑工程,3.55,128855.63534,663303.2645
000089.SZ,深圳机场,机场,6.68,133256.24372,1369914.026
000088.SZ,盐田港,港口,4.75,187225.28784,1502387.3325
000078.SZ,ST海王,医药商业,1.47,55935.354,386578.6743
000070.SZ,特发信息,通信设备,15.96,622025.45567,1367320.332
000069.SZ,华侨城A,全国地产,1.92,249555.79388,1324531.5456
000068.SZ,华控赛格,环境保护,3.4,127984.37709,342268.31
000066.SZ,中国长城,IT设备,13.85,1049876.30387,4467441.873
000065.SZ,北方国际,建筑工程,9.58,132686.23126,1020287.8188
000063.SZ,中兴通讯,通信设备,29.32,2436154.01781,11808985.3584
000062.SZ,深圳华强,元器件,21.0,225111.60957,2193999.99
000061.SZ,农产品,农业综合,6.0,103953.74324,1076588.1
000060.SZ,中金岭南,铅锌,5.76,301307.63453,2558074.2912
000059.SZ,华锦股份,石油加工,5.63,213467.3539,900469.519
000058.SZ,深赛格,商品城,7.4,176089.35545,728707.082
000056.SZ,*ST皇庭,其他商业,2.77,61262.773,250334.0964
000055.SZ,方大集团,其他建材,3.85,46217.09997,260203.944
000050.SZ,深天马A,元器件,6.18,221430.5243,1505295.972
000049.SZ,德赛电池,电气设备,22.52,133180.79531,865972.5948
000048.SZ,京基智农,农业综合,17.82,215703.40649,943217.5896
000045.SZ,深纺织A,元器件,11.06,58485.16795,505466.1108
000042.SZ,中洲控股,全国地产,8.54,74483.01427,567177.4388
000039.SZ,中集集团,运输设备,8.68,148398.333,1997621.3628
000037.SZ,深南电A,火力发电,9.19,113862.98975,311456.6358
000036.SZ,华联控股,全国地产,4.01,302261.60057,562595.4612
000035.SZ,中国天楹,环境保护,4.87,200183.01111,1126491.6802
000034.SZ,神州数码,软件服务,22.24,548867.05623,1888504.7072
000032.SZ,深桑达A,建筑工程,12.93,367691.97634,1571226.8349
000031.SZ,大悦城,全国地产,2.39,198753.78731,1024426.8233
000030.SZ,富奥股份,汽车配件,3.91,26513.466,653286.1626
000029.SZ,深深房A,区域地产,21.84,142284.07488,1947385.44
000028.SZ,国药一致,医药商业,19.75,51516.26589,1038571.7225
000027.SZ,深圳能源,火力发电,6.37,189232.00288,3030457.3663
000026.SZ,飞亚达,服饰,17.9,104029.238,652343.662
000025.SZ,特力A,综合类,15.42,119408.70806,605664.1386
000021.SZ,深科技,元器件,33.12,1833463.10425,5248151.3557
000020.SZ,深华发A,元器件,14.67,390211.81095,265769.6418
000019.SZ,深粮控股,农业综合,7.07,144358.01055,294259.6923
000017.SZ,深中华A,服饰,7.5,257291.298,330616.5
000014.SZ,沙河股份,全国地产,11.5,267080.15412,278353.13
000012.SZ,南玻A,玻璃,3.68,45244.15288,721028.5088
000011.SZ,深物业A,房产服务,12.12,1513302.21386,638088.306
000010.SZ,*ST美丽,建筑工程,1.41,18040.712,134153.4771
000009.SZ,中国宝安,电气设备,6.94,90892.87461,1787758.227
000008.SZ,神州高铁,运输设备,2.39,53184.079,649194.983
000007.SZ,全新好,其他商业,10.75,67165.64,372431.6
000006.SZ,深振业A,区域地产,7.5,347539.40917,1012496.25
000002.SZ,万科A,全国地产,4.06,3048906.40102,3944335.9592
000001.SZ,平安银行,银行,11.78,1743402.5104,22859896.93
